Job ID,Job URL,Job Title,Company Name,Status,Timestamp,WP ID
4c3739dc50ca9f22,https://ee.linkedin.com/jobs/view/kokk-at-eesti-t%C3%B6%C3%B6tukassa-4434317499,Kokk,,scraped,2026-07-07T00:16:00.817210,
26c67a5c022338da,https://ee.linkedin.com/jobs/view/%C3%BCldehitaja-at-eesti-t%C3%B6%C3%B6tukassa-4434314732,Üldehitaja,,scraped,2026-07-07T00:16:07.375011,
b9fe7e41673b04cd,https://ee.linkedin.com/jobs/view/%D1%82%D0%B5%D1%85%D0%BD%D0%B8%D1%87%D0%B5%D1%81%D0%BA%D0%B8%D0%B9-%D1%81%D0%BF%D0%B5%D1%86%D0%B8%D0%B0%D0%BB%D0%B8%D1%81%D1%82-at-paulig-group-4433166652,Технический специалист,,scraped,2026-07-07T00:16:14.118798,
0e96861274697748,https://ee.linkedin.com/jobs/view/expression-of-interest-%E2%80%93-join-concentrix-estonia-at-concentrix-4423662950,Expression of Interest – Join Concentrix Estonia,Concentrix,posted,2026-07-07T00:16:33.277691,22
2bb04cc34de75c4c,https://ee.linkedin.com/jobs/view/laohaldur-at-stora-enso-4435229737,Laohaldur,Stora Enso,posted,2026-07-07T00:16:45.371937,24
839083b32734599f,https://ee.linkedin.com/jobs/view/package-driver-at-ups-4436021872,Package Driver,UPS,posted,2026-07-07T00:16:54.489934,26
1b3d0768f55880e8,https://ee.linkedin.com/jobs/view/regional-payroll-advisor-at-bolt-4436258263,Regional Payroll Advisor,,scraped,2026-07-07T00:16:57.076733,
5544f40def121e3a,https://ee.linkedin.com/jobs/view/lifestyle-asset-auditor-field-specialist-at-plebs-me-4433151807,Lifestyle & Asset Auditor (Field Specialist),,scraped,2026-07-07T00:17:03.583049,
663209212ed5327e,https://ee.linkedin.com/jobs/view/office-manager-at-scoro-4434399982,Office Manager,,scraped,2026-07-07T00:18:13.302768,
6f0d3a92815cdb87,https://ee.linkedin.com/jobs/view/saeoperaator-at-stora-enso-4426068283,Saeoperaator,Stora Enso,posted,2026-07-07T00:18:31.108891,28
10dc0cf78d601fc5,https://ee.linkedin.com/jobs/view/talent-acquisition-specialist-maternity-leave-cover-at-telia-4436421037,Talent Acquisition Specialist (Maternity Leave Cover),,scraped,2026-07-07T00:18:33.806268,
cea99885e9aa8ddc,https://ee.linkedin.com/jobs/view/marketing-sales-operations-manager%F0%9F%93%8D-uk-estonia-at-fractory-4434394958,Marketing & Sales Operations Manager📍 UK/Estonia,,scraped,2026-07-07T00:18:40.623837,
4e5bef54e4addf1d,https://ee.linkedin.com/jobs/view/juhtimiskeskuse-spetsialist-energiakeskused-at-adven-%E2%80%93-the-leading-partner-in-the-energy-transition-4435442867,JUHTIMISKESKUSE SPETSIALIST (energiakeskused),,scraped,2026-07-07T00:19:51.214451,
1667207f95b6c4ce,https://ee.linkedin.com/jobs/view/operations-generalist-at-storyteller-4424744412,Operations Generalist,,scraped,2026-07-07T00:19:58.135344,
89b0e8ad7664d486,https://ee.linkedin.com/jobs/view/cateringi-koordinaator-at-freya-foodbar-catering-4432770017,Cateringi koordinaator,,scraped,2026-07-07T00:20:04.408784,
dbb6ec2c88facb95,https://ee.linkedin.com/jobs/view/risk-business-continuity-management-expert-at-rimi-baltic-group-4433934259,Risk & Business Continuity Management Expert,,scraped,2026-07-07T00:20:12.251896,
9648c007d48cd848,https://ee.linkedin.com/jobs/view/psychometrician-at-swiss-cyber-institute-4433781816,Psychometrician,Swiss Cyber Institute,posted,2026-07-07T00:20:27.660944,30
238b58a8eb023d32,https://ee.linkedin.com/jobs/view/warehouse-process-control-specialist-at-ericsson-4435462619,Warehouse Process Control Specialist,,scraped,2026-07-07T00:20:30.372099,
aff8c8cc5d6e92e6,https://ee.linkedin.com/jobs/view/chief-of-staff-model-agency-at-cold-model-management-4437101677,Chief Of Staff - Model Agency,,scraped,2026-07-07T00:20:36.919672,
c380ba9ef7393084,https://ee.linkedin.com/jobs/view/vahetuse-vanem-at-abb-4437419640,Vahetuse vanem,,scraped,2026-07-07T00:20:42.956513,
e1b335279c4614a7,https://ee.linkedin.com/jobs/view/data-engineer-at-coolbet-4433171651,Data Engineer,Coolbet,posted,2026-07-07T00:20:59.212343,32
a58671d60b659bdb,https://ee.linkedin.com/jobs/view/learning-technologist-2-positions-at-swiss-cyber-institute-4433957650,Learning Technologist (2 positions),Swiss Cyber Institute,posted,2026-07-07T00:22:14.107562,34
7b1fc1fc10b230d4,https://ee.linkedin.com/jobs/view/team-lead-at-net-group-ltd-4435578467,Team Lead,,scraped,2026-07-07T00:22:16.839398,
ff0cfb804880adc1,https://ee.linkedin.com/jobs/view/sisekontrolli-ekspert-at-bigbank-4434619963,Sisekontrolli ekspert,,scraped,2026-07-07T00:22:25.739994,
4e2f5769381b284c,https://ee.linkedin.com/jobs/view/product-owner-at-coolbet-4433192250,Product Owner,Coolbet,posted,2026-07-07T00:23:46.906225,36
4505ff200502446e,https://ee.linkedin.com/jobs/view/senior-due-diligence-advisor-equity-at-bletchley-int-4433789668,Senior Due Diligence Advisor (Equity),Bletchley Int,posted,2026-07-07T00:23:56.756966,38
886525ca20eefc55,https://ee.linkedin.com/jobs/view/application-specialist-servicenow-at-swedbank-estonia-4433187595,Application Specialist (ServiceNow),,scraped,2026-07-07T00:23:59.366677,
e38f2bb147cdac5d,https://ee.linkedin.com/jobs/view/internal-auditor-grc-area-at-luminor-group-4436751975,Internal Auditor (GRC area),Luminor Group,posted,2026-07-07T00:24:18.354258,40
c2c2b57e387aa759,https://ee.linkedin.com/jobs/view/head-of-baltics-at-birn%2Bpartners-4435814801,Head of Baltics,,scraped,2026-07-07T00:24:20.965519,
84f0b5240d5093c1,https://ee.linkedin.com/jobs/view/meediaplaneerimise-spetsialist-at-telia-4436788713,Meediaplaneerimise spetsialist,,scraped,2026-07-07T00:24:28.631766,
5f676a2560efa17f,https://ee.linkedin.com/jobs/view/puhastusteenindaja-at-eesti-t%C3%B6%C3%B6tukassa-4434323513,Puhastusteenindaja,,scraped,2026-07-07T00:25:39.588734,
a6dc5b3202dd4841,https://ee.linkedin.com/jobs/view/n%C3%B5udepesija-at-eesti-t%C3%B6%C3%B6tukassa-4434322498,Nõudepesija,,scraped,2026-07-07T00:25:46.276965,
0014f584fd9bbbd8,https://ee.linkedin.com/jobs/view/toidujagaja-at-eesti-t%C3%B6%C3%B6tukassa-4434307957,Toidujagaja,,scraped,2026-07-07T00:25:52.808790,
7cac4e9d46e56253,https://ee.linkedin.com/jobs/view/garderoobihoidja-at-eesti-t%C3%B6%C3%B6tukassa-4434331090,Garderoobihoidja,,scraped,2026-07-07T00:25:59.857773,
24d05ed13a7a9f1f,https://ee.linkedin.com/jobs/view/kokk-at-eesti-t%C3%B6%C3%B6tukassa-4434313628,Kokk,,scraped,2026-07-07T00:26:06.398414,
8fdfcff1699584e1,https://ee.linkedin.com/jobs/view/puhastusteenindaja-at-eesti-t%C3%B6%C3%B6tukassa-4434309906,Puhastusteenindaja,,scraped,2026-07-07T00:26:12.847812,
f2413db63d0a2ed5,https://ee.linkedin.com/jobs/view/kokk-at-eesti-t%C3%B6%C3%B6tukassa-4434330148,Kokk,,scraped,2026-07-07T00:26:19.546635,
f1debbd04f31a1f8,https://ee.linkedin.com/jobs/view/betoontoodete-valmistaja-at-eesti-t%C3%B6%C3%B6tukassa-4434325426,Betoontoodete valmistaja,,scraped,2026-07-07T00:27:29.624538,
b4dcdeb8bcdae075,https://ee.linkedin.com/jobs/view/florist-at-eesti-t%C3%B6%C3%B6tukassa-4434327222,Florist,,scraped,2026-07-07T00:28:39.692464,
93e286f0e97fb057,https://ee.linkedin.com/jobs/view/%C3%BCldehitaja-siseviimistleja-at-eesti-t%C3%B6%C3%B6tukassa-4434324501,Üldehitaja-siseviimistleja,,scraped,2026-07-07T00:29:49.745235,
7749a46011768468,https://ee.linkedin.com/jobs/view/tegevusjuhendaja-at-eesti-t%C3%B6%C3%B6tukassa-4434306971,Tegevusjuhendaja,,scraped,2026-07-07T00:29:56.064558,
af8b28646ecc06e6,https://ee.linkedin.com/jobs/view/masin%C3%B5mbleja-at-eesti-t%C3%B6%C3%B6tukassa-4434312623,Masinõmbleja,,scraped,2026-07-07T00:30:02.796726,
30b681ec351321b9,https://ee.linkedin.com/jobs/view/hooldaja-hoolekandeasutuses-at-eesti-t%C3%B6%C3%B6tukassa-4434318483,Hooldaja hoolekandeasutuses,,scraped,2026-07-07T00:30:09.194422,
ee77e98a3ff94b81,https://ee.linkedin.com/jobs/view/autojuht-kuller-varustaja-at-eesti-t%C3%B6%C3%B6tukassa-4434317555,Autojuht-kuller-varustaja,,scraped,2026-07-07T00:30:16.077527,
56081d4c78798250,https://ee.linkedin.com/jobs/view/torulukksepp-at-eesti-t%C3%B6%C3%B6tukassa-4434325353,Torulukksepp,,scraped,2026-07-07T00:30:22.519040,
78fbaa5b8a9d539f,https://ee.linkedin.com/jobs/view/%C3%B5de-at-eesti-t%C3%B6%C3%B6tukassa-4434331078,Õde,,scraped,2026-07-07T00:31:33.091811,
8bb724c43087f3ed,https://ee.linkedin.com/jobs/view/keevitaja-at-eesti-t%C3%B6%C3%B6tukassa-4434318465,Keevitaja,,scraped,2026-07-07T00:31:39.586357,
da1ce5c04321dc8d,https://ee.linkedin.com/jobs/view/pagar-kondiiter-at-eesti-t%C3%B6%C3%B6tukassa-4434310793,Pagar-kondiiter,,scraped,2026-07-07T00:31:46.500583,
6e023c4f34dd088b,https://ee.linkedin.com/jobs/view/heakorrat%C3%B6%C3%B6taja-at-eesti-t%C3%B6%C3%B6tukassa-4434314650,Heakorratöötaja,,scraped,2026-07-07T00:31:53.366935,
05dbdd51a3d43ea9,https://ee.linkedin.com/jobs/view/transpordikastide-valmistaja-at-eesti-t%C3%B6%C3%B6tukassa-4434329074,Transpordikastide valmistaja,,scraped,2026-07-07T00:31:59.756261,
a0f7e7f4e7638462,https://ee.linkedin.com/jobs/view/puhastusteenindaja-at-eesti-t%C3%B6%C3%B6tukassa-4434313625,Puhastusteenindaja,,scraped,2026-07-07T00:33:10.399679,
6db9c3379162bad5,https://ee.linkedin.com/jobs/view/%C3%B5de-at-eesti-t%C3%B6%C3%B6tukassa-4434311679,Õde,,scraped,2026-07-07T00:33:16.942487,
c9a7f39a132bc3e4,https://ee.linkedin.com/jobs/view/kaupluse-t%C3%B6%C3%B6taja-at-eesti-t%C3%B6%C3%B6tukassa-4434311767,Kaupluse töötaja,,scraped,2026-07-07T00:33:23.547996,
ae2d9007282647f1,https://ee.linkedin.com/jobs/view/piirkonnajuht-at-eesti-t%C3%B6%C3%B6tukassa-4434327295,Piirkonnajuht,,scraped,2026-07-07T00:34:33.807063,
54a60c06144b40f8,https://ee.linkedin.com/jobs/view/torulukksepp-at-eesti-t%C3%B6%C3%B6tukassa-4434310672,Torulukksepp,,scraped,2026-07-07T00:35:43.895703,
b8f6279ea9fd7130,https://ee.linkedin.com/jobs/view/kommunaalmajanduse-ja-heakorraspetsialist-at-eesti-t%C3%B6%C3%B6tukassa-4434313728,Kommunaalmajanduse- ja heakorraspetsialist,,scraped,2026-07-07T00:35:50.392168,
458bc0cddd6b7eb8,https://ee.linkedin.com/jobs/view/peakokk-at-eesti-t%C3%B6%C3%B6tukassa-4434316605,Peakokk,,scraped,2026-07-07T00:35:57.061247,
fbb226e96eb57b60,https://ee.linkedin.com/jobs/view/recruiter-at-lunden-food-4437151173,Recruiter,,scraped,2026-07-07T00:36:03.605859,
46461cf6cc9a8b9c,https://ee.linkedin.com/jobs/view/puidupingi-operaator-at-eesti-t%C3%B6%C3%B6tukassa-4434312710,Puidupingi operaator,,scraped,2026-07-07T00:37:14.443843,
93fc3355028f4209,https://ee.linkedin.com/jobs/view/logistics-manager-at-southwestern-recruitment-4435542520,Logistics Manager,,scraped,2026-07-07T00:38:24.510090,
cd75d574061492b2,https://ee.linkedin.com/jobs/view/engineering-manager-low-voltage-systems-at-esb-group-estonia-4423328430,Engineering Manager - Low-Voltage Systems,,scraped,2026-07-07T00:39:35.166899,
3884680369f1ec64,https://ee.linkedin.com/jobs/view/logopeed-at-eesti-t%C3%B6%C3%B6tukassa-4434311763,Logopeed,,scraped,2026-07-07T00:39:43.260049,
c6422d08cb430656,https://ee.linkedin.com/jobs/view/r%C3%A4tsep-at-eesti-t%C3%B6%C3%B6tukassa-4434307974,Rätsep,,scraped,2026-07-07T00:39:49.784819,
0cb151328a6b8101,https://ee.linkedin.com/jobs/view/head-of-credit-management-at-bondora-4436108050,Head of Credit Management,,scraped,2026-07-07T00:39:56.195999,
5ead15270b2ff2b1,https://ee.linkedin.com/jobs/view/tegevusjuhendaja-at-eesti-t%C3%B6%C3%B6tukassa-4434310795,Tegevusjuhendaja,,scraped,2026-07-07T00:40:02.845300,
0c3150a63d5a3127,https://ee.linkedin.com/jobs/view/puhastusteenindaja-at-eesti-t%C3%B6%C3%B6tukassa-4434328262,Puhastusteenindaja,,scraped,2026-07-07T00:41:12.946421,
a9d21d33537dc69d,https://ee.linkedin.com/jobs/view/sushikokk-at-eesti-t%C3%B6%C3%B6tukassa-4434310679,Sushikokk,,scraped,2026-07-07T00:41:19.344256,
5b3fe55af5ea7cd6,https://ee.linkedin.com/jobs/view/%C3%B5igusn%C3%B5unik-at-eesti-t%C3%B6%C3%B6tukassa-4434315622,Õigusnõunik,,scraped,2026-07-07T00:41:26.026127,
420aef835a8a78a7,https://ee.linkedin.com/jobs/view/autotehnik-at-eesti-t%C3%B6%C3%B6tukassa-4434313623,Autotehnik,,scraped,2026-07-07T00:41:32.845133,
6f29b759a15dad6e,https://ee.linkedin.com/jobs/view/majandusvaldkonna-abilinnapea-at-eesti-t%C3%B6%C3%B6tukassa-4434318571,Majandusvaldkonna abilinnapea,,scraped,2026-07-07T00:42:43.017353,
c4adcc5f615c864f,https://ee.linkedin.com/jobs/view/junior-recruiter-at-bolt-4434953953,Junior Recruiter,,scraped,2026-07-07T00:42:49.738334,
b1669cc104700d93,https://ee.linkedin.com/jobs/view/lihtt%C3%B6%C3%B6line-at-eesti-t%C3%B6%C3%B6tukassa-4434312699,Lihttööline,,scraped,2026-07-07T00:43:59.704434,
c36f6e1dd69f43d1,https://ee.linkedin.com/jobs/view/turvat%C3%B6%C3%B6taja-at-eesti-t%C3%B6%C3%B6tukassa-4434320465,Turvatöötaja,,scraped,2026-07-07T00:45:09.689089,
04aac18962932a5c,https://ee.linkedin.com/jobs/view/kaupluse-t%C3%B6%C3%B6taja-at-eesti-t%C3%B6%C3%B6tukassa-4434320558,Kaupluse töötaja,,scraped,2026-07-07T00:45:16.349284,
60eca146c9ee5e0f,https://ee.linkedin.com/jobs/view/kaupluse-t%C3%B6%C3%B6taja-at-eesti-t%C3%B6%C3%B6tukassa-4434317579,Kaupluse töötaja,,scraped,2026-07-07T00:45:23.002762,
83f36c15b4654d42,https://ee.linkedin.com/jobs/view/hoone-sisetehnik-at-eesti-t%C3%B6%C3%B6tukassa-4434316494,Hoone sisetehnik,,scraped,2026-07-07T00:45:29.338218,
5f891c2437f90431,https://ee.linkedin.com/jobs/view/puhastusteenindaja-at-eesti-t%C3%B6%C3%B6tukassa-4434325343,Puhastusteenindaja,,scraped,2026-07-07T00:45:35.947544,
91b51256183f652c,https://ee.linkedin.com/jobs/view/hooldust%C3%B6%C3%B6taja-abihooldust%C3%B6%C3%B6taja-at-eesti-t%C3%B6%C3%B6tukassa-4435465118,Hooldustöötaja/abihooldustöötaja,,scraped,2026-07-07T00:45:42.495622,
fe002b36e1b3502b,https://ee.linkedin.com/jobs/view/puhastusteenindaja-at-eesti-t%C3%B6%C3%B6tukassa-4434312600,Puhastusteenindaja,,scraped,2026-07-07T00:45:49.203871,
86a4e77edc6a2dbc,https://ee.linkedin.com/jobs/view/klienditeenindaja-at-eesti-t%C3%B6%C3%B6tukassa-4434315548,Klienditeenindaja,,scraped,2026-07-07T00:45:55.589276,
6b04e0b46b3e67c9,https://ee.linkedin.com/jobs/view/m%C3%BC%C3%BCgikonsultant-at-eesti-t%C3%B6%C3%B6tukassa-4434311677,Müügikonsultant,,scraped,2026-07-07T00:46:02.058875,
7965aa8d63f46851,https://ee.linkedin.com/jobs/view/autokraanajuht-at-eesti-t%C3%B6%C3%B6tukassa-4434308961,Autokraanajuht,,scraped,2026-07-07T00:46:08.671146,
bebf59d087c476c9,https://ee.linkedin.com/jobs/view/hooldustehnik-at-eesti-t%C3%B6%C3%B6tukassa-4434320557,Hooldustehnik,,scraped,2026-07-07T00:47:18.710263,
d828efd391fde3a1,https://ee.linkedin.com/jobs/view/masinaoperaator-at-eesti-t%C3%B6%C3%B6tukassa-4434311770,Masinaoperaator,,scraped,2026-07-07T00:48:28.785799,
21974590bf3426ba,https://ee.linkedin.com/jobs/view/ce-kategooria-autojuht-at-eesti-t%C3%B6%C3%B6tukassa-4434320437,CE-kategooria autojuht,,scraped,2026-07-07T00:49:38.940705,
557c7717f80a21c6,https://ee.linkedin.com/jobs/view/m%C3%BC%C3%BCja-klienditeenindaja-at-eesti-t%C3%B6%C3%B6tukassa-4434309912,Müüja-klienditeenindaja,,scraped,2026-07-07T00:49:45.210718,
a333cd69e7cdae97,https://ee.linkedin.com/jobs/view/marketing-manager-ads-operations-at-tfx-taxes-for-expats-4437171287,Marketing Manager: Ads & Operations,TFX (Taxes for Expats),posted,2026-07-07T00:50:01.133698,42
a0cdc95c7bf4bfff,https://ee.linkedin.com/jobs/view/it-projektijuht-at-rail-baltic-estonia-4436771010,IT projektijuht,,scraped,2026-07-07T00:50:03.770602,
6c7099905db3dcc9,https://ee.linkedin.com/jobs/view/traktorist-abit%C3%B6%C3%B6line-at-eesti-t%C3%B6%C3%B6tukassa-4434311761,Traktorist-abitööline,,scraped,2026-07-07T00:51:15.702710,
3c75e02eeac14438,https://ee.linkedin.com/jobs/view/puhastusteenindaja-at-eesti-t%C3%B6%C3%B6tukassa-4434329108,Puhastusteenindaja,,scraped,2026-07-07T00:52:25.876628,
7e5acfd54d68a756,https://ee.linkedin.com/jobs/view/sales-manager-at-raison-4433746170,Sales Manager,,scraped,2026-07-07T00:52:32.375181,
d875743a4b724745,https://ee.linkedin.com/jobs/view/autonomous-vehicle-safety-operator-safety-driver-at-tsmg-holding-4437488477,Autonomous Vehicle Safety Operator (Safety Driver),,scraped,2026-07-07T00:52:39.247828,
2d2160ae5429a21d,https://ee.linkedin.com/jobs/view/lasteaia-valvur-at-eesti-t%C3%B6%C3%B6tukassa-4434315545,Lasteaia valvur,,scraped,2026-07-07T00:52:46.434948,
f3b6dcf88ce27f5c,https://ee.linkedin.com/jobs/view/cnc-operaator-at-eesti-t%C3%B6%C3%B6tukassa-4435462179,CNC operaator,,scraped,2026-07-07T00:52:52.869596,
5d6e027434f32b53,https://ee.linkedin.com/jobs/view/abikokk-at-eesti-t%C3%B6%C3%B6tukassa-4434323420,Abikokk,,scraped,2026-07-07T00:52:59.379726,
6350636054b4cb27,https://ee.linkedin.com/jobs/view/koristusteenuse-t%C3%B6%C3%B6dejuhataja-at-eesti-t%C3%B6%C3%B6tukassa-4434320460,Koristusteenuse töödejuhataja,,scraped,2026-07-07T00:53:06.330561,
94e203c2dc073834,https://ee.linkedin.com/jobs/view/cto-and-co-founder-at-startup-wise-guys-4432761043,CTO and Co-Founder,,scraped,2026-07-07T00:53:12.862434,
9bb588e61662ee58,https://ee.linkedin.com/jobs/view/puhastusteenindaja-at-eesti-t%C3%B6%C3%B6tukassa-4434310673,Puhastusteenindaja,,scraped,2026-07-07T00:53:20.514687,
315b85dca480f9f2,https://ee.linkedin.com/jobs/view/hoone-v%C3%A4listehnik-at-eesti-t%C3%B6%C3%B6tukassa-4434327195,Hoone välistehnik,,scraped,2026-07-07T00:53:27.212644,
af8c4d0cdb020659,https://ee.linkedin.com/jobs/view/m%C3%BC%C3%BCgikonsultant-at-eesti-t%C3%B6%C3%B6tukassa-4434332078,Müügikonsultant,,scraped,2026-07-07T00:53:33.851187,
2df1e8f82e8fc23a,https://ee.linkedin.com/jobs/view/jalahooldusspetsialist-at-eesti-t%C3%B6%C3%B6tukassa-4434327217,Jalahooldusspetsialist,,scraped,2026-07-07T00:53:40.639638,
846c5cc00d540fe7,https://ee.linkedin.com/jobs/view/toateenija-koristaja-at-eesti-t%C3%B6%C3%B6tukassa-4434307971,Toateenija-koristaja,,scraped,2026-07-07T00:54:51.062754,
1f5f7928191aa970,https://ee.linkedin.com/jobs/view/partnerships-manager-at-fyst-4437112181,Partnerships Manager,,scraped,2026-07-07T00:54:57.714068,
43b54473f9bf6c2b,https://ee.linkedin.com/jobs/view/manual-qa-specialist-at-pawatech-4436755257,Manual QA Specialist,,scraped,2026-07-07T00:55:04.695479,
e87e60f380a06d9b,https://ee.linkedin.com/jobs/view/it-infrastructure-specialist-at-rimi-baltic-group-4417203222,IT Infrastructure specialist,,scraped,2026-07-07T00:56:14.639974,
83054e1b8f527f79,https://ee.linkedin.com/jobs/view/kokk-at-eesti-t%C3%B6%C3%B6tukassa-4436030127,Kokk,,scraped,2026-07-07T00:56:21.451612,
bc2c4065578e7581,https://ee.linkedin.com/jobs/view/microsoft-dynamics-365-business-central-developer-at-fujitsu-4435809172,Microsoft Dynamics 365 Business Central Developer,,scraped,2026-07-07T00:56:28.059355,
85616dbf659a39fa,https://ee.linkedin.com/jobs/view/senior-value-chain-development-expert-at-ntu-international-a-s-4436380552,Senior Value Chain Development Expert,,scraped,2026-07-07T00:56:39.588183,
1f8e4b924b40654d,https://ee.linkedin.com/jobs/view/projektijuht-at-rail-baltic-estonia-4436766260,projektijuht,,scraped,2026-07-07T00:57:50.202519,
787d442fb49a9052,https://ee.linkedin.com/jobs/view/head-of-seo-at-gepard-media-4436244538,Head of SEO,,scraped,2026-07-07T00:57:58.323840,
ef0d5e994acb10d1,https://ee.linkedin.com/jobs/view/real-estate-broker-4432384060,Real Estate Broker,Fundus Kinnisvarabüroo,posted,2026-07-07T00:58:10.802486,44
7e8230cf3435e5de,https://ee.linkedin.com/jobs/view/tootmise-vahetuse-vanem-at-stoneridge-4427017265,Tootmise vahetuse vanem,Stoneridge,posted,2026-07-07T00:58:19.654275,46
23b78f8d6e9fa760,https://ee.linkedin.com/jobs/view/t%C3%B6%C3%B6tajakogemuse-osakonna-juht-at-telia-4435897760,Töötajakogemuse osakonna juht,,scraped,2026-07-07T00:58:22.262814,
b3af3be77a07c621,https://ee.linkedin.com/jobs/view/compliance-analyst-at-wise-4436096061,Compliance Analyst,,scraped,2026-07-07T00:58:29.411666,
3c5d4102ed8f5691,https://ee.linkedin.com/jobs/view/senior-outsourcing-manager-at-bolt-4435449887,Senior Outsourcing Manager,,scraped,2026-07-07T00:58:37.128482,
909e6552ea449cbf,https://ee.linkedin.com/jobs/view/armeerija-at-eesti-t%C3%B6%C3%B6tukassa-4434314744,Armeerija,,scraped,2026-07-07T00:58:43.893549,
1c457839f09744cf,https://ee.linkedin.com/jobs/view/cnc-seadmete-operaator-at-eesti-t%C3%B6%C3%B6tukassa-4434319508,CNC seadmete operaator,,scraped,2026-07-07T00:58:50.592044,
15e63ab75da1ef1a,https://ee.linkedin.com/jobs/view/turvat%C3%B6%C3%B6taja-a-le-coq-logistikakeskuses-at-eesti-t%C3%B6%C3%B6tukassa-4434307977,Turvatöötaja A. Le Coq logistikakeskuses,,scraped,2026-07-07T01:00:00.747126,
c210e94fb2339eb4,https://ee.linkedin.com/jobs/view/enterprise-account-executive-eu-b2b-at-tripleten-indonesia-4433710693,Enterprise Account Executive EU (B2B),TripleTen Indonesia,posted,2026-07-07T01:00:15.897833,48
1eeccee3b6b37a2a,https://ee.linkedin.com/jobs/view/ehitusmaaler-krohvija-at-eesti-t%C3%B6%C3%B6tukassa-4434318492,Ehitusmaaler - krohvija,,scraped,2026-07-07T01:00:18.403047,
2f49f939f2a82944,https://ee.linkedin.com/jobs/view/pedik%C3%BC%C3%BCri-spetsialist-at-eesti-t%C3%B6%C3%B6tukassa-4434310783,Pediküüri spetsialist,,scraped,2026-07-07T01:00:24.896114,
ef87bc6b8f6ca4af,https://ee.linkedin.com/jobs/view/health-safety-and-environment-specialist-at-abb-4435185147,"Health, Safety and Environment Specialist",,scraped,2026-07-07T01:00:31.658335,
f5eaff05d8cc4c82,https://ee.linkedin.com/jobs/view/abitehnik-m%C3%BC%C3%BCja-at-eesti-t%C3%B6%C3%B6tukassa-4434324381,Abitehnik-müüja,,scraped,2026-07-07T01:01:42.143881,
9c9896fea30f332e,https://ee.linkedin.com/jobs/view/technical-manager-automotive-and-industrial-at-jobgether-4435419746,Technical Manager - Automotive and Industrial,,scraped,2026-07-07T01:01:48.789705,
c123539e7210e692,https://ee.linkedin.com/jobs/view/senior-bi-data-analyst-product-at-pawatech-4437174411,Senior BI Data Analyst (Product),,scraped,2026-07-07T01:01:55.233905,
50af9be49214079e,https://ee.linkedin.com/jobs/view/head-of-user-acquisition-at-ruby-labs-4437469092,Head of User Acquisition,,scraped,2026-07-07T01:02:01.480666,
658d04a4be81aedc,https://ee.linkedin.com/jobs/view/m%C3%BC%C3%BCgijuht-at-eesti-t%C3%B6%C3%B6tukassa-4434329186,Müügijuht,,scraped,2026-07-07T01:02:08.329112,
d9cde8b22cc089c6,https://ee.linkedin.com/jobs/view/kehalise-ettevalmistuse-peaspetsialist-at-eesti-t%C3%B6%C3%B6tukassa-4434313720,Kehalise ettevalmistuse peaspetsialist,,scraped,2026-07-07T01:02:14.831306,
1b0d754b88985f5b,https://ee.linkedin.com/jobs/view/engineering-manager-100%25-remote-emea-at-pragmatike-4435815182,Engineering Manager (100% Remote EMEA),,scraped,2026-07-07T01:02:21.584339,
0e7d18e83bc026d2,https://ee.linkedin.com/jobs/view/graduate-ai-software-engineer-at-bending-spoons-4436225850,Graduate AI software engineer,,scraped,2026-07-07T01:03:31.584173,
fdf8fbea2fa8c3d4,https://ee.linkedin.com/jobs/view/finance-data-analyst-at-bolt-4434613483,Finance Data Analyst,,scraped,2026-07-07T01:04:41.830314,
d1bd13e3849958ed,https://ee.linkedin.com/jobs/view/onsite-it-support-engineer-freelance-at-teceze-4436066775,Onsite IT Support Engineer ( Freelance ),TECEZE,posted,2026-07-07T01:06:00.815373,50
74ac16efcc956a86,https://ee.linkedin.com/jobs/view/methodology-and-process-owner-seb-tallinn-at-seb-eesti-4435520369,"Methodology and Process Owner | SEB, Tallinn",,scraped,2026-07-07T01:06:03.390843,
27d366f3feff1d63,https://ee.linkedin.com/jobs/view/veeva-vault-consultant-%E2%80%93-rim-qms-f-m-x-at-sii-poland-4432781929,Veeva Vault Consultant – RIM/QMS (f/m/x),,scraped,2026-07-07T01:06:10.397118,
4634e5833b4977d3,https://ee.linkedin.com/jobs/view/senior-onboarding-client-services-specialist-at-remote-4433364176,Senior Onboarding Client Services Specialist,,scraped,2026-07-07T01:06:17.316465,
dbe1c17ad61ba931,https://ee.linkedin.com/jobs/view/software-engineer-for-cms-in-private-delivery-channels-at-swedbank-estonia-4431939691,Software Engineer for CMS in Private Delivery Channels,,scraped,2026-07-07T01:06:30.668614,
dbfe35d3828f1780,https://ee.linkedin.com/jobs/view/devops-systems-engineer-kn-website-solutions-at-kuehne%2Bnagel-4416918252,DevOps Systems Engineer - KN Website Solutions,,scraped,2026-07-07T01:07:41.725730,
3f9d804844422918,https://ee.linkedin.com/jobs/view/field-support-specialist-freelance-dispatch-at-teceze-4435786089,Field Support Specialist  ( Freelance / Dispatch),,scraped,2026-07-07T01:09:57.272297,
e8f0cb042ee11054,https://ee.linkedin.com/jobs/view/senior-specialist-systems-engineer-expat-estonia-at-l3harris-technologies-4408004517,"Senior Specialist, Systems Engineer - EXPAT - Estonia",,scraped,2026-07-07T01:10:06.496733,
f50995cef560f26f,https://ee.linkedin.com/jobs/view/svp-of-sales-emea-m-f-x-at-skeleton-technologies-4436751137,SVP of Sales - EMEA (m/f/x),,scraped,2026-07-07T01:10:13.267808,
787dd9de11cbcfa4,https://ee.linkedin.com/jobs/view/distributed-systems-engineer-apache-big-data-internals-remote-work-ref%23294465-at-bairesdev-4426557452,Distributed Systems Engineer (Apache Big Data Internals) - Remote Work | REF#294465,,scraped,2026-07-07T01:10:19.847066,
a1a212204b9f99f6,https://ee.linkedin.com/jobs/view/corporate-lawyer-at-bondora-4435581020,Corporate Lawyer,,scraped,2026-07-07T01:10:27.308635,
19a3a838ed5280a3,https://ee.linkedin.com/jobs/view/distributed-systems-engineer-apache-spark-internals-remote-work-ref%23294281-at-bairesdev-4426550525,Distributed Systems Engineer (Apache Spark Internals) - Remote Work | REF#294281,,scraped,2026-07-07T01:10:34.199753,
d5f657b257e56a47,https://ee.linkedin.com/jobs/view/senior-ai-product-builder-talent-pool-at-wrike-4434967365,Senior AI Product Builder - Talent Pool,,scraped,2026-07-07T01:10:41.518880,
d77068c449ebdc92,https://ee.linkedin.com/jobs/view/senior-business-analyst-cash-management-department-at-luminor-group-4436771138,Senior Business Analyst (Cash Management Department),Luminor Group,posted,2026-07-07T01:12:05.048703,52
d796e34d2b3a77c2,https://ee.linkedin.com/jobs/view/automation-platform-engineer-at-genius-sports-4435473515,Automation Platform Engineer,,scraped,2026-07-07T01:12:07.709618,
828caddddf2815ad,https://ee.linkedin.com/jobs/view/net-full-stack-engineer-at-bob-w-4404393160,.NET Full Stack Engineer,,scraped,2026-07-07T01:12:14.399706,
6e6f9553f29d7dbe,https://ee.linkedin.com/jobs/view/embedded-systems-engineer-at-strativ-group-4436301097,Embedded Systems Engineer,,scraped,2026-07-07T01:12:21.893215,
3480fcbdbd11ea0b,https://ee.linkedin.com/jobs/view/software-engineer-at-intro-4433925866,Software Engineer,,scraped,2026-07-07T01:12:29.606086,
14db70cdd7ca8670,https://ee.linkedin.com/jobs/view/sports-data-collector-football-paide-estonia-at-genius-sports-4423151728,"Sports Data Collector (Football) - Paide, Estonia",,scraped,2026-07-07T01:12:37.604149,
7f146a6f45370006,https://ee.linkedin.com/jobs/view/projektijuht-at-eesti-t%C3%B6%C3%B6tukassa-4434333007,Projektijuht,,scraped,2026-07-07T01:13:47.250298,
f9b5f28480e0bf98,https://ee.linkedin.com/jobs/view/hev-%C3%B5pilaste-%C3%B5ppe-koordinaator-at-eesti-t%C3%B6%C3%B6tukassa-4434331000,HEV õpilaste õppe koordinaator,,scraped,2026-07-07T01:13:53.978803,
146107dc0446f7ff,https://ee.linkedin.com/jobs/view/keemia%C3%B5petaja-at-eesti-t%C3%B6%C3%B6tukassa-4434329181,Keemiaõpetaja,,scraped,2026-07-07T01:14:00.683288,
968409884b8dcb2a,https://ee.linkedin.com/jobs/view/elektrimontaa%C5%BEilukksepp-at-eesti-t%C3%B6%C3%B6tukassa-4434321495,Elektrimontaažilukksepp,,scraped,2026-07-07T01:15:10.728072,
cfb6c0ee803ad2ec,https://ee.linkedin.com/jobs/view/muusika%C3%B5petaja-at-eesti-t%C3%B6%C3%B6tukassa-4435016630,Muusikaõpetaja,,scraped,2026-07-07T01:15:17.191411,
44e4ff57f0fa609d,https://ee.linkedin.com/jobs/view/mass%C3%B6%C3%B6r-at-eesti-t%C3%B6%C3%B6tukassa-4434310788,Massöör,,scraped,2026-07-07T01:15:23.782904,
b3665e1ec0d4a0fd,https://ee.linkedin.com/jobs/view/matemaatika%C3%B5petaja-at-eesti-t%C3%B6%C3%B6tukassa-4435016631,Matemaatikaõpetaja,,scraped,2026-07-07T01:17:39.824795,
371b9d7d76163028,https://ee.linkedin.com/jobs/view/g%C3%BCmnaasiumi-matemaatika%C3%B5petaja-at-eesti-t%C3%B6%C3%B6tukassa-4434313725,Gümnaasiumi matemaatikaõpetaja,,scraped,2026-07-07T01:17:46.627945,
3f8359ede41012e7,https://ee.linkedin.com/jobs/view/tervise-ja-sotsiaalosakonna-spetsialist-at-eesti-t%C3%B6%C3%B6tukassa-4434307970,tervise- ja sotsiaalosakonna spetsialist,,scraped,2026-07-07T01:17:53.594545,
d2e4a5f8ffb676fb,https://ee.linkedin.com/jobs/view/rahvusvahelise-koost%C3%B6%C3%B6-juhtivspetsialist-at-eesti-t%C3%B6%C3%B6tukassa-4436018645,Rahvusvahelise koostöö juhtivspetsialist.,,scraped,2026-07-07T01:19:03.701848,
30ded9940fd69cda,https://ee.linkedin.com/jobs/view/internal-auditor-at-eesti-energia-4433184964,Internal Auditor,,scraped,2026-07-07T01:20:14.047303,
0de5a368a6500613,https://ee.linkedin.com/jobs/view/reporting-engineer-at-playtech-4436729413,Reporting Engineer,,scraped,2026-07-07T01:20:20.668598,
5aedf6001ed85181,https://ee.linkedin.com/jobs/view/head-of-payment-operations-global-platforms-at-wise-4398149314,Head of Payment Operations Global Platforms,,scraped,2026-07-07T01:20:27.049484,
3577c887f02076b3,https://ee.linkedin.com/jobs/view/senior-amazon-connect-developer-at-miratech-4432372442,Senior Amazon Connect Developer,Miratech,posted,2026-07-07T01:21:20.781187,54
2ca68c16fe4eb75d,https://ee.linkedin.com/jobs/view/security-engineer-at-sisu-group-4410198761,Security Engineer,SISU GROUP,posted,2026-07-07T01:21:32.962999,56
1ca630d370827c27,https://ee.linkedin.com/jobs/view/senior-staff-engineer-computing-architecture-at-axelera-ai-4436413350,Senior/Staff Engineer - Computing Architecture,,scraped,2026-07-07T01:21:35.554894,
46e73d1c96b10d44,https://ee.linkedin.com/jobs/view/quality-assurance-senior-specialist-at-wise-4436217478,Quality Assurance Senior Specialist,,scraped,2026-07-07T01:22:46.630667,
d73bfdae751aa405,https://ee.linkedin.com/jobs/view/growth-partnerships-manager-at-if-insurance-baltic-4431918437,Growth Partnerships Manager,,scraped,2026-07-07T01:23:58.116382,
d10b56345205022b,https://ee.linkedin.com/jobs/view/vp-engineering-at-rush-street-interactive-4368351870,"VP, Engineering",,scraped,2026-07-07T01:24:05.008529,
76c40321217b4a1a,https://ee.linkedin.com/jobs/view/senior-product-manager-hris-integrations-at-jobgether-4435042414,"Senior Product Manager, HRIS Integrations",,scraped,2026-07-07T01:24:12.110202,
cfa11c61922827a8,https://ee.linkedin.com/jobs/view/administraator-turvat%C3%B6%C3%B6taja-at-eesti-t%C3%B6%C3%B6tukassa-4434325350,Administraator-turvatöötaja,,scraped,2026-07-07T01:24:18.684962,
7ab62d31ef71900c,https://ee.linkedin.com/jobs/view/lao-abioperaator-at-eesti-t%C3%B6%C3%B6tukassa-4434311778,Lao abioperaator,,scraped,2026-07-07T01:26:34.750798,
3de12c1add418b56,https://ee.linkedin.com/jobs/view/lease-up-marketing-manager-real-estate-at-jobgether-4436085349,Lease-Up Marketing Manager (Real Estate),,scraped,2026-07-07T01:27:44.938710,
83799c2ceef83b70,https://ee.linkedin.com/jobs/view/advanced-quality-engineer-at-stoneridge-4435370818,Advanced Quality Engineer,Stoneridge,posted,2026-07-07T01:28:17.291479,58
0fe65645cfec7aca,https://ee.linkedin.com/jobs/view/product-cybersecurity-engineer-at-stoneridge-4399287433,Product Cybersecurity Engineer,Stoneridge,posted,2026-07-07T01:28:42.412924,60
b687bcd981ea4db6,https://ee.linkedin.com/jobs/view/data-analyst-in-baltic-banking-anti-financial-crime-at-swedbank-estonia-4433704110,Data Analyst in Baltic Banking Anti-Financial Crime,,scraped,2026-07-07T01:28:45.022197,
0077e58e688630b8,https://ee.linkedin.com/jobs/view/middle-level-software-engineer-to-credit-decisions-cft-at-swedbank-estonia-4433959293,Middle level Software Engineer to Credit Decisions CFT,,scraped,2026-07-07T01:28:52.603794,
4d547b5cde9b74b0,https://ee.linkedin.com/jobs/view/stream-processing-engineer-apache-flink-internals-remote-work-ref%23294327-at-bairesdev-4426548486,Stream Processing Engineer (Apache Flink Internals) - Remote Work | REF#294327,,scraped,2026-07-07T01:28:59.988206,
3992de55bc5a6178,https://ee.linkedin.com/jobs/view/global-talent-acquisition-partner-at-playtech-4425775886,Global Talent Acquisition Partner,,scraped,2026-07-07T01:30:22.006861,
2f3feb8ce7c1fcbe,https://ee.linkedin.com/jobs/view/global-talent-acquisition-partner-at-playtech-4422253859,Global Talent Acquisition Partner,,scraped,2026-07-07T01:30:28.583257,
0d7890838f7db1c2,https://ee.linkedin.com/jobs/view/golang-engineer-at-jobgether-4435778290,Golang Engineer,,scraped,2026-07-07T01:30:35.030400,
2be230683e544cfc,https://ee.linkedin.com/jobs/view/java-angular-full-stack-software-engineer-at-swedbank-estonia-4433164423,Java & Angular Full Stack Software Engineer,,scraped,2026-07-07T01:30:41.469071,
32b03c9c3325bb33,https://ee.linkedin.com/jobs/view/senior-security-engineer-at-wrike-4416156366,Senior Security Engineer,,scraped,2026-07-07T01:30:49.140686,
eeefa326d85a794f,https://ee.linkedin.com/jobs/view/query-engine-engineer-apache-trino-internals-remote-work-ref%23294373-at-bairesdev-4426562430,Query Engine Engineer (Apache Trino Internals) - Remote Work | REF#294373,,scraped,2026-07-07T01:31:02.477177,
09ce7c51f2a44d49,https://ee.linkedin.com/jobs/view/mid-senior-data-engineer-risk-and-finance-reporting-at-luminor-group-4361105318,Mid/Senior Data Engineer (Risk and Finance Reporting),Luminor Group,posted,2026-07-07T01:32:01.036647,62
fce9cf6af5ce272f,https://ee.linkedin.com/jobs/view/m%C3%BC%C3%BCgikonsultant-klienditeenindaja-at-eesti-t%C3%B6%C3%B6tukassa-4434318577,Müügikonsultant-klienditeenindaja,,scraped,2026-07-07T01:32:03.481691,
5bf46fa5fc975436,https://ee.linkedin.com/jobs/view/senior-software-engineer-i-europe-risk-and-controls-at-wise-4368202638,Senior Software Engineer I - Europe Risk and Controls,,scraped,2026-07-07T01:32:10.180000,
ec01d4d2ef3a2a15,https://ee.linkedin.com/jobs/view/lasteaia-muusika%C3%B5petaja-at-eesti-t%C3%B6%C3%B6tukassa-4434320435,Lasteaia muusikaõpetaja,,scraped,2026-07-07T01:32:17.846944,
e6b68c1defd858d5,https://ee.linkedin.com/jobs/view/database-reliability-engineer-assisted-relocation-to-barcelona-at-rover-com-4416506700,Database Reliability Engineer | Assisted relocation to Barcelona,,scraped,2026-07-07T01:32:24.664855,
77cde4106affa4c7,https://ee.linkedin.com/jobs/view/manual-qa-engineer-app-integration-at-action1-4415904209,Manual QA Engineer (App Integration),,scraped,2026-07-07T01:32:43.969265,
176669783fa705f7,https://ee.linkedin.com/jobs/view/senior-clinical-data-manager-sponsor-dedicated-at-fortrea-4408754828,Senior Clinical Data Manager - sponsor dedicated,,scraped,2026-07-07T01:32:51.045952,
c3efb166d6b7decd,https://ee.linkedin.com/jobs/view/marketing-design-ad-specialist-at-jobgether-4435209170,Marketing Design & Ad Specialist,,scraped,2026-07-07T01:33:09.776516,
8bd8e218385d5daf,https://ee.linkedin.com/jobs/view/java-angular-full-stack-software-engineer-at-swedbank-estonia-4433160805,Java & Angular Full Stack Software Engineer,,scraped,2026-07-07T01:33:16.316987,
219d1d7c2a42a3f6,https://ee.linkedin.com/jobs/view/senior-java-developer-at-piletilevi-plg-4433960214,Senior Java Developer,,scraped,2026-07-07T01:33:24.069951,
fe8cabc60fb66676,https://ee.linkedin.com/jobs/view/danish-speaking-customer-support-specialist-travel-industry-at-concentrix-4423679366,Danish-speaking Customer Support specialist (Travel industry),,scraped,2026-07-07T01:33:30.570944,
ac6c352b4db14c51,https://ee.linkedin.com/jobs/view/senior-lawyer-at-bondora-4437184869,Senior Lawyer,,scraped,2026-07-07T01:33:45.847856,
061de465078e278e,https://ee.linkedin.com/jobs/view/senior-climate-adaptation-expert-at-ntu-international-a-s-4434991896,Senior Climate Adaptation Expert,,scraped,2026-07-07T01:33:52.583375,
6656df83ac36e298,https://ee.linkedin.com/jobs/view/reporting-engineer-at-coolbet-4433185028,Reporting Engineer,Coolbet,posted,2026-07-07T01:34:09.798336,64
59e7838506f87e8b,https://ee.linkedin.com/jobs/view/product-manager-commercial-growth-at-bob-w-4435817673,"Product Manager, Commercial Growth",,scraped,2026-07-07T01:34:12.437862,
1a45071d379d3e36,https://ee.linkedin.com/jobs/view/wfm-operations-partner-lead-at-wise-4432351364,WFM Operations Partner Lead,,scraped,2026-07-07T01:34:19.815849,
4456011e207d8452,https://ee.linkedin.com/jobs/view/software-engineer-iii-at-genius-sports-4436239059,Software Engineer III,,scraped,2026-07-07T01:34:27.627760,
4b7cb09c778d424c,https://ee.linkedin.com/jobs/view/deeptech-co-founder-cso-100-%25-remote-m-f-d-at-ewor-4435474768,DeepTech Co-Founder / CSO (100 % remote) (m/f/d),,scraped,2026-07-07T01:34:34.084462,
9e9fa3af3b6a57eb,https://ee.linkedin.com/jobs/view/senior-ii-security-engineer-platform-paid-relocation-to-barcelona-at-preply-4435544676,Senior II Security Engineer - Platform | Paid relocation to Barcelona,,scraped,2026-07-07T01:34:41.003478,
0d5c1ac893dc694f,https://ee.linkedin.com/jobs/view/data-annotator-finnish-%2415-hr-remote-at-crossing-hurdles-4392864385,Data Annotator (Finnish) | $15/hr Remote,,scraped,2026-07-07T01:34:48.149043,
2b044b3f6ea2100f,https://ee.linkedin.com/jobs/view/generalist-finnish-%2415-hr-remote-at-crossing-hurdles-4392866290,Generalist (Finnish) | $15/hr Remote,,scraped,2026-07-07T01:34:55.278257,
f93310562f7bfb97,https://ee.linkedin.com/jobs/view/product-designer-at-trade-nation-4435805334,Product Designer,,scraped,2026-07-07T01:35:09.402169,
e38300a5f24bdb15,https://ee.linkedin.com/jobs/view/senior-technical-designer-medidata-rave-certified-at-fortrea-4409027218,Senior Technical Designer - Medidata RAVE certified,,scraped,2026-07-07T01:35:15.983454,
678790044564cc1e,https://ee.linkedin.com/jobs/view/senior-lawyer-estonia-at-bondora-4437188890,"Senior Lawyer, Estonia",,scraped,2026-07-07T01:35:23.378840,
b0af000ba9f27367,https://ee.linkedin.com/jobs/view/development-officer-community-resilience-fund-at-bristol-city-council-4436723199,Development Officer (Community Resilience Fund),,scraped,2026-07-07T01:35:29.956825,
82beb172e3cdd014,https://ee.linkedin.com/jobs/view/senior-frontend-engineer-kyb-at-veriff-4412827603,Senior Frontend Engineer (KYB),,scraped,2026-07-07T01:35:37.310620,
217f9ef33d23f073,https://ee.linkedin.com/jobs/view/senior-software-engineer-customer-portal-at-veriff-4432718195,"Senior Software Engineer, Customer Portal",,scraped,2026-07-07T01:36:19.438298,
4e7d0974c271abdf,https://ee.linkedin.com/jobs/view/senior-ii-software-engineer-machine-learning-platform-at-wise-4424427306,Senior II Software Engineer - Machine Learning Platform,,scraped,2026-07-07T01:36:26.193299,
e83623d702bef5c7,https://ee.linkedin.com/jobs/view/sales-incentive-manager-emea-region-at-eaton-4414016302,"Sales Incentive Manager, EMEA region",Eaton,posted,2026-07-07T01:37:18.931714,66
a39b58a12f572b73,https://ee.linkedin.com/jobs/view/devops-engineer-at-defsecintel-solutions-4415929692,DevOps Engineer,,scraped,2026-07-07T01:37:21.736539,
c482ff56fe7defc6,https://ee.linkedin.com/jobs/view/software-development-engineer-in-test-pro-at-kraken-4416722075,Software Development Engineer in Test - Pro,,scraped,2026-07-07T01:37:28.458061,
15da91d769547fcb,https://ee.linkedin.com/jobs/view/ai-tehnoloogia-juht-ai-technology-lead-at-telia-4436356207,AI Tehnoloogia juht/ AI Technology Lead,,scraped,2026-07-07T01:37:53.987947,
65a33b6b403362eb,https://ee.linkedin.com/jobs/view/senior-software-engineer-at-glia-4421975180,Senior Software Engineer,,scraped,2026-07-07T01:38:01.173898,
753cc6a2855ee11a,https://ee.linkedin.com/jobs/view/salesforce-expert-at-hcltech-4433927576,Salesforce Expert,,scraped,2026-07-07T01:38:19.513515,
cc15c15743c9c5bf,https://ee.linkedin.com/jobs/view/senior-machine-learning-engineer-relocation-to-cyprus-at-fxpro-4425456799,Senior Machine Learning Engineer (Relocation to Cyprus),FxPro,posted,2026-07-07T01:38:38.373917,68
41aed122ab055ea8,https://ee.linkedin.com/jobs/view/data-platform-engineering-manager-at-kraken-4415669323,Data Platform Engineering Manager,,scraped,2026-07-07T01:38:41.105772,
a35966598875e38b,https://ee.linkedin.com/jobs/view/unit-manager-risk-quantification-automation-at-luminor-group-4424186549,Unit Manager (Risk Quantification & Automation),Luminor Group,posted,2026-07-07T01:39:05.726435,70
4339ab6b222e9870,https://ee.linkedin.com/jobs/view/senior-data-engineer-at-keyrock-4406913909,Senior Data Engineer,Keyrock,posted,2026-07-07T01:39:17.885681,72
ea33d55813114e9f,https://ee.linkedin.com/jobs/view/product-security-specialist-at-proekspert-as-4423350512,Product Security Specialist,,scraped,2026-07-07T01:39:20.659521,
b40188e361af07d3,https://ee.linkedin.com/jobs/view/laenude-assistent-praktika-at-luminor-group-4436712366,Laenude assistent (praktika),Luminor Group,posted,2026-07-07T01:39:41.983771,74
0d268f8736d8ae29,https://ee.linkedin.com/jobs/view/senior-ii-platform-software-engineer-paid-relocation-to-barcelona-at-preply-4435542855,Senior II Platform Software Engineer | Paid relocation to Barcelona,,scraped,2026-07-07T01:39:44.658771,
9d9c75fabd4c060b,https://ee.linkedin.com/jobs/view/pearaamatupidaja-at-cvkeskus-ee-4433949289,PEARAAMATUPIDAJA,,scraped,2026-07-07T01:40:25.645183,
58c96f7ca6ff944e,https://ee.linkedin.com/jobs/view/principal-game-designer-balancing-portfolio-midcore-games-at-voodoo-4400280313,Principal Game Designer (Balancing) - Portfolio Midcore Games,,scraped,2026-07-07T01:40:33.089634,
b08a46913d565b23,https://ee.linkedin.com/jobs/view/senior-front-end-software-engineer-for-baltic-web-ui-team-angular-at-swedbank-estonia-4433907438,Senior Front-End Software Engineer for Baltic Web & UI Team (Angular),,scraped,2026-07-07T01:40:39.376650,
0d55652a600946e0,https://ee.linkedin.com/jobs/view/senior-front-end-software-engineer-for-baltic-web-ui-team-angular-at-swedbank-estonia-4433914185,Senior Front-End Software Engineer for Baltic Web & UI Team (Angular),,scraped,2026-07-07T01:40:46.795242,
19d827e062d51e0a,https://ee.linkedin.com/jobs/view/senior-software-engineer-ios-at-bolt-4435221387,"Senior Software Engineer, iOS",,scraped,2026-07-07T01:40:54.188983,
fddadb6d942a4f61,https://ee.linkedin.com/jobs/view/senior-software-engineer-ios-at-bolt-4435214552,"Senior Software Engineer, iOS",,scraped,2026-07-07T01:41:00.724961,
c5ed62454cb85f90,https://ee.linkedin.com/jobs/view/tootmis%C3%BCksuse-juht-at-cvkeskus-ee-4433931789,TOOTMISÜKSUSE JUHT,,scraped,2026-07-07T01:41:07.098265,
5d17565cf9d838c8,https://ee.linkedin.com/jobs/view/sr-software-engineer-screening-engine-at-wise-4406959582,Sr Software Engineer - Screening Engine,,scraped,2026-07-07T01:41:14.186867,
dfd7666113bef1d1,https://ee.linkedin.com/jobs/view/senior-analyst-supply-analytics-bangkok-based-relocation-provided-at-agoda-4299760839,"Senior Analyst (Supply Analytics, Bangkok-based, Relocation provided)",Agoda,posted,2026-07-07T01:41:32.295899,76
e40cc5cba13fac84,https://ee.linkedin.com/jobs/view/senior-data-platform-engineer-remote-work-ref%23293890-at-bairesdev-4426554413,Senior Data Platform Engineer - Remote Work | REF#293890,,scraped,2026-07-07T01:41:34.931663,
d74279ec2171d9dd,https://ee.linkedin.com/jobs/view/senior-platform-engineer-kubernetes-remote-work-ref%23294041-at-bairesdev-4426569331,Senior Platform Engineer (Kubernetes) - Remote Work | REF#294041,,scraped,2026-07-07T01:42:25.772443,
844c3b77db6c8755,https://ee.linkedin.com/jobs/view/senior-front-end-software-engineer-for-baltic-web-ui-team-angular-at-swedbank-estonia-4433908441,Senior Front-End Software Engineer for Baltic Web & UI Team (Angular),,scraped,2026-07-07T01:42:44.250525,
5e988df899783dc6,https://ee.linkedin.com/jobs/view/head-of-sales-at-evotym-4435294478,Head of Sales,,scraped,2026-07-07T12:19:20.197683,
dafd2da80b4c85a2,https://ee.linkedin.com/jobs/view/%C3%B5petaja-at-eesti-t%C3%B6%C3%B6tukassa-4434326318,Õpetaja,,scraped,2026-07-07T12:19:26.523007,
a57b67afba77f89b,https://ee.linkedin.com/jobs/view/hotelli-toateenija-at-eesti-t%C3%B6%C3%B6tukassa-4434324413,Hotelli toateenija,,scraped,2026-07-07T12:19:33.182976,
050eb3412215dcde,https://ee.linkedin.com/jobs/view/m%C3%BC%C3%BCja-letiteenindaja-at-eesti-t%C3%B6%C3%B6tukassa-4434324377,Müüja-letiteenindaja,,scraped,2026-07-07T12:19:39.559533,
967ab4a9099f542b,https://ee.linkedin.com/jobs/view/liikumis%C3%B5petuse-%C3%B5petaja-at-eesti-t%C3%B6%C3%B6tukassa-4434334000,Liikumisõpetuse õpetaja,,scraped,2026-07-07T12:19:47.980669,
a518631982cc3944,https://ee.linkedin.com/jobs/view/laot%C3%B6%C3%B6line-at-eesti-t%C3%B6%C3%B6tukassa-4434313727,Laotööline,,scraped,2026-07-07T12:19:56.440081,
684d8606155040ee,https://ee.linkedin.com/jobs/view/%C3%B5ppejuht-at-eesti-t%C3%B6%C3%B6tukassa-4434328251,Õppejuht,,scraped,2026-07-07T12:20:03.087116,
bd7fa4b437fd6b4a,https://ee.linkedin.com/jobs/view/junior-customer-kyc-specialist-at-wallester-4434509876,Junior Customer KYC Specialist,,scraped,2026-07-07T12:20:19.880883,
149a13246df5b1aa,https://ee.linkedin.com/jobs/view/customer-support-specialist-at-wise-4435472119,Customer Support Specialist,,scraped,2026-07-07T12:20:33.246239,
164b7670b062905f,https://ee.linkedin.com/jobs/view/employment-navigator-at-bristol-city-council-4435107170,Employment Navigator,,scraped,2026-07-07T12:21:32.963057,
0a1f5f60464bf52d,https://ee.linkedin.com/jobs/view/lasteaia%C3%B5petaja-at-eesti-t%C3%B6%C3%B6tukassa-4434318574,Lasteaiaõpetaja,,scraped,2026-07-07T12:22:00.249715,
674fda89b21b501d,https://ee.linkedin.com/jobs/view/teenindaja-at-eesti-t%C3%B6%C3%B6tukassa-4436028221,Teenindaja,,scraped,2026-07-07T12:22:09.104682,
d459c62156279637,https://ee.linkedin.com/jobs/view/klienditeenindaja-at-eesti-t%C3%B6%C3%B6tukassa-4434313653,Klienditeenindaja,,scraped,2026-07-07T12:22:16.294808,
3dd1ea9823c582b9,https://ee.linkedin.com/jobs/view/mont%C3%B6%C3%B6r-at-eesti-t%C3%B6%C3%B6tukassa-4434320556,Montöör,,scraped,2026-07-07T12:22:22.991927,
fd7d174be53e8c94,https://ee.linkedin.com/jobs/view/logopeed-at-eesti-t%C3%B6%C3%B6tukassa-4435017715,Logopeed,,scraped,2026-07-07T12:22:29.543846,
ef32bd5f71d47902,https://ee.linkedin.com/jobs/view/laevakoostaja-at-eesti-t%C3%B6%C3%B6tukassa-4434316607,Laevakoostaja,,scraped,2026-07-07T12:22:36.057441,
2ebcc267e61684f0,https://ee.linkedin.com/jobs/view/k%C3%B6%C3%B6gi-abit%C3%B6%C3%B6line-n%C3%B5udepesija-at-eesti-t%C3%B6%C3%B6tukassa-4434316530,Köögi abitööline-nõudepesija,,scraped,2026-07-07T12:22:42.859005,
96cf3671fb573233,https://ee.linkedin.com/jobs/view/laevakoostaja-at-eesti-t%C3%B6%C3%B6tukassa-4434325351,Laevakoostaja,,scraped,2026-07-07T12:22:49.546104,
bfe8e8ecf092c0a7,https://ee.linkedin.com/jobs/view/c-kategooria-autojuht-at-eesti-t%C3%B6%C3%B6tukassa-4434326226,C-kategooria autojuht,,scraped,2026-07-07T12:22:56.098198,
6f13ac679098ed3c,https://ee.linkedin.com/jobs/view/hooldaja-abihooldaja-lihula-s%C3%BCdamekodusse-at-eesti-t%C3%B6%C3%B6tukassa-4434315544,Hooldaja/Abihooldaja Lihula Südamekodusse,,scraped,2026-07-07T12:23:04.697632,
1ee63be8aa87270f,https://ee.linkedin.com/jobs/view/performance-creative-specialist-at-point2web-4433940854,Performance Creative Specialist,Point2Web,posted,2026-07-07T12:23:35.882144,78
c4cb9985cc92b760,https://ee.linkedin.com/jobs/view/technical-support-engineer-at-linnworks-4433974015,Technical Support Engineer,,scraped,2026-07-07T12:23:38.632947,
afbad7c0a3e70aed,https://ee.linkedin.com/jobs/view/scientist-antibody-discovery-at-icosagen-4434528359,Scientist (Antibody Discovery),,scraped,2026-07-07T12:23:47.310028,
3d98e6eb094dc7ad,https://ee.linkedin.com/jobs/view/entrepreneur-in-residence-eir-at-the-flex-4436938698,Entrepreneur in Residence (EIR),,scraped,2026-07-07T12:23:58.593419,
610041565d98412f,https://ee.linkedin.com/jobs/view/bioloogia-%C3%B5petaja-at-eesti-t%C3%B6%C3%B6tukassa-4434321492,Bioloogia õpetaja,,scraped,2026-07-07T12:24:09.531254,
db7762b13bd68ec1,https://ee.linkedin.com/jobs/view/ps%C3%BChholoog-at-eesti-t%C3%B6%C3%B6tukassa-4434326241,Psühholoog,,scraped,2026-07-07T12:24:18.533920,
ad2132c3c0a6cc3f,https://ee.linkedin.com/jobs/view/ehituselektrik-at-eesti-t%C3%B6%C3%B6tukassa-4434313646,Ehituselektrik,,scraped,2026-07-07T12:24:25.124579,
5e665fcc432f2457,https://ee.linkedin.com/jobs/view/area-manager-%E2%80%93-finland-heavy-machinery-sales-procurement-at-kb-auto-4431920547,Area Manager – Finland | Heavy Machinery Sales & Procurement,KB Auto,posted,2026-07-07T12:25:09.008696,80
4ae1c6b6a54b7b8c,https://ee.linkedin.com/jobs/view/puhastusteenindaja-at-eesti-t%C3%B6%C3%B6tukassa-4434315633,Puhastusteenindaja,,scraped,2026-07-07T12:25:11.588021,
544b2c8a5483b29c,https://ee.linkedin.com/jobs/view/ugc-creator-manager-at-opal-4436408505,UGC Creator Manager,Opal,posted,2026-07-07T12:25:24.812884,82
be4f643f1bf15e4b,https://ee.linkedin.com/jobs/view/kokk-klienditeenindaja-at-eesti-t%C3%B6%C3%B6tukassa-4434320560,Kokk-klienditeenindaja,,scraped,2026-07-07T12:25:27.370338,
0efecd9cfef818dd,https://ee.linkedin.com/jobs/view/ehituse-projektijuht-at-eesti-t%C3%B6%C3%B6tukassa-4434317560,Ehituse projektijuht,,scraped,2026-07-07T12:25:34.160597,
b3de8194789d45dd,https://ee.linkedin.com/jobs/view/web-analyst-at-nabuminds-4436317275,Web Analyst,,scraped,2026-07-07T12:25:40.758750,
c82ecaa107d7c417,https://ee.linkedin.com/jobs/view/it-service-desk-analyst-at-bristol-city-council-4437778455,IT Service Desk Analyst,,scraped,2026-07-07T12:25:52.828883,
723a4f0e6c0928e3,https://ee.linkedin.com/jobs/view/it-consultant-at-maxxys-ag-4434519075,IT-Consultant,,scraped,2026-07-07T12:26:08.027649,
14350ce47446d36c,https://ee.linkedin.com/jobs/view/commercial-lead-estonia-at-biocodex-4437110891,"Commercial Lead, Estonia",,scraped,2026-07-07T12:26:17.473091,
1d9b893bbfe2c20f,https://ee.linkedin.com/jobs/view/senior-agricultural-statistics-expert-at-ntu-international-a-s-4437754911,Senior Agricultural Statistics Expert,,scraped,2026-07-07T12:26:24.665566,
c3a9d7b49ab0d2f6,https://ee.linkedin.com/jobs/view/sales-specialist-at-strategic-staffing-solutions-4431676007,Sales Specialist,Strategic Staffing Solutions,posted,2026-07-07T12:26:40.493626,84
c9924622b23138cf,https://ee.linkedin.com/jobs/view/audit-semi-senior-at-tc-professional-services-4433121873,Audit Semi-Senior,,scraped,2026-07-07T12:26:43.200662,
c20c19c68b8f090c,https://ee.linkedin.com/jobs/view/partner-kyc-specialist-at-wallester-4433972225,Partner KYC Specialist,,scraped,2026-07-07T12:26:52.724413,
e8245c153dc77052,https://ee.linkedin.com/jobs/view/marketing-manager-estonia-at-omniva-4435538690,Marketing manager Estonia,,scraped,2026-07-07T12:27:00.150166,
9d5c9bd1adb18427,https://ee.linkedin.com/jobs/view/senior-sales-specialist-estonia-at-datakom-4436363692,Senior Sales Specialist Estonia,,scraped,2026-07-07T12:27:07.242165,
ed1680c056815580,https://ee.linkedin.com/jobs/view/insight-analyst-at-nabuminds-4436303738,Insight Analyst,,scraped,2026-07-07T12:27:14.005230,
a82194fcd9a2fd48,https://ee.linkedin.com/jobs/view/head-of-ict-risk-management-seb-tallinn-at-seb-eesti-4435508991,"Head of ICT Risk management | SEB, Tallinn",,scraped,2026-07-07T12:27:22.230424,
10654a87a95a860e,https://ee.linkedin.com/jobs/view/product-owner-ehealth-team-at-nortal-4437754173,Product Owner (eHealth team),,scraped,2026-07-07T12:27:29.525711,
c57b953dd58bbd87,https://ee.linkedin.com/jobs/view/testinsener-katapults%C3%BCsteemid-at-threod-systems-4437133898,Testinsener (katapultsüsteemid),,scraped,2026-07-07T12:27:38.720350,
b3a6d6d7659320ea,https://ee.linkedin.com/jobs/view/it-project-manager-at-ridango-4437152495,IT Project Manager,,scraped,2026-07-07T12:27:45.824128,
2ed53bc7729b2a5a,https://ee.linkedin.com/jobs/view/ios-developer-at-onoff-4436745021,iOS Developer,,scraped,2026-07-07T12:27:52.488644,
33da9050e0187f96,https://ee.linkedin.com/jobs/view/production-engineer-at-stoneridge-4418090218,Production Engineer,Stoneridge,posted,2026-07-07T12:28:08.442414,86
256cda799902e361,https://ee.linkedin.com/jobs/view/head-of-payments-products-at-swedbank-estonia-4433197305,Head of Payments Products,Swedbank Estonia,posted,2026-07-07T12:28:57.402185,88
b588b235cf4cc5a5,https://ee.linkedin.com/jobs/view/kokk-abikokk-at-eesti-t%C3%B6%C3%B6tukassa-4434321493,Kokk/abikokk,,scraped,2026-07-07T12:29:00.059739,
3e54c3746f2437fd,https://ee.linkedin.com/jobs/view/ce-kategooria-autojuht-at-eesti-t%C3%B6%C3%B6tukassa-4434321411,CE-kategooria autojuht,,scraped,2026-07-07T12:29:06.730438,
01fbb0315798ab5b,https://ee.linkedin.com/jobs/view/senior-product-engineer-at-lhv-4435180000,Senior Product Engineer,,scraped,2026-07-07T12:29:13.347888,
3569915019ee76ae,https://ee.linkedin.com/jobs/view/senior-accountant-at-creem-4432363513,Senior Accountant,,scraped,2026-07-07T12:29:20.944985,
9eb62389ef639020,https://ee.linkedin.com/jobs/view/metallkonstruktsioonide-koostaja-at-eesti-t%C3%B6%C3%B6tukassa-4434309979,Metallkonstruktsioonide koostaja,,scraped,2026-07-07T12:29:29.680630,
4b562ab0b515634d,https://ee.linkedin.com/jobs/view/java-developer-at-onoff-4436729879,Java Developer,,scraped,2026-07-07T12:29:36.289683,
b2781574b830989b,https://ee.linkedin.com/jobs/view/blockchain-engineer-%E2%80%94-ecosystem-research-business-exploration-at-jobgether-4435429409,Blockchain Engineer — Ecosystem Research & Business Exploration,,scraped,2026-07-07T12:29:42.880148,
928a743a08497746,https://ee.linkedin.com/jobs/view/data-scientist-at-gauss-neumann-4429026770,Data Scientist,,scraped,2026-07-07T12:29:53.290356,
c66ce53c9b4a28a8,https://ee.linkedin.com/jobs/view/design-engineer-eu-at-ashby-4427215479,"Design Engineer, EU",Ashby,posted,2026-07-07T12:30:07.507044,90
c960d10957418941,https://ee.linkedin.com/jobs/view/data-engineer-at-proekspert-as-4436196645,Data Engineer,,scraped,2026-07-07T12:30:12.193236,
4590479e73cde062,https://ee.linkedin.com/jobs/view/freelance-regional-clinical-trial-coordinator-at-rho-4416689787,Freelance Regional Clinical Trial Coordinator,Rho,posted,2026-07-07T12:30:32.668063,92
a9c8183409e4500a,https://ee.linkedin.com/jobs/view/senior-software-architect-at-milrem-robotics-4432343042,Senior Software Architect,Milrem Robotics,posted,2026-07-07T12:30:42.175787,94
77f4c285b2d985e0,https://ee.linkedin.com/jobs/view/senior-creative-producer-at-welltech-4436733811,Senior Creative Producer,,scraped,2026-07-07T12:30:44.898060,
652a846388f205e1,https://ee.linkedin.com/jobs/view/full-stack-arendaja-c%23-java-go-at-agileworks-%E2%80%93-software-development-company-4433165619,Full-stack arendaja (C#/Java/Go),,scraped,2026-07-07T12:30:51.428525,
f29274a3c7155948,https://ee.linkedin.com/jobs/view/founding-marketer-at-cymph-4431040261,Founding Marketer,,scraped,2026-07-07T12:30:59.093687,
f96afc8c61433b63,https://ee.linkedin.com/jobs/view/senior-information-security-specialist-at-rush-street-interactive-4408511760,Senior Information Security Specialist,Rush Street Interactive,posted,2026-07-07T12:31:12.281215,96
8d20d7b1ef8c0f55,https://ee.linkedin.com/jobs/view/staff-platform-engineer-paid-relocation-to-london-or-barcelona-at-preply-4435541576,Staff Platform Engineer | Paid relocation to London or Barcelona,Preply,posted,2026-07-07T12:31:24.184926,98
fe0fae684326f214,https://ee.linkedin.com/jobs/view/software-engineer-backend-ai-clips-team-at-restream-4399533638,Software Engineer - Backend - AI Clips Team,Restream,posted,2026-07-07T12:31:38.291512,100
7afd196e8039df80,https://ee.linkedin.com/jobs/view/tallinn-cabin-crew-opportunities-dubai-based-relocation-provided-at-emirates-4432746452,"Tallinn Cabin Crew Opportunities (Dubai Based, Relocation Provided)",,scraped,2026-07-07T12:31:40.911049,
951cffe804560792,https://ee.linkedin.com/jobs/view/puhastusteenindaja-at-eesti-t%C3%B6%C3%B6tukassa-4434325332,Puhastusteenindaja,,scraped,2026-07-07T12:32:02.068075,
2584263c5e3ff930,https://ee.linkedin.com/jobs/view/m%C3%BC%C3%BCja-klienditeenindaja-at-eesti-t%C3%B6%C3%B6tukassa-4434320543,Müüja-klienditeenindaja,,scraped,2026-07-07T12:32:08.833064,
35f3705bb6d48a23,https://ee.linkedin.com/jobs/view/puhastusteenindaja-at-eesti-t%C3%B6%C3%B6tukassa-4434319480,Puhastusteenindaja,,scraped,2026-07-07T12:32:15.509603,
99a96012de666182,https://ee.linkedin.com/jobs/view/senior-agri-food-logistics-cold-chain-expert-at-ntu-international-a-s-4436494669,Senior Agri-Food Logistics / Cold Chain Expert,,scraped,2026-07-07T12:32:22.342625,
44886a4f1f72b547,https://ee.linkedin.com/jobs/view/senior-water%E2%80%93agriculture-foresight-expert-at-ntu-international-a-s-4435177170,Senior Water–Agriculture Foresight Expert,,scraped,2026-07-07T12:32:32.638660,
ef42765ced195c4b,https://ee.linkedin.com/jobs/view/kosmeetik-at-eesti-t%C3%B6%C3%B6tukassa-4434323405,Kosmeetik,,scraped,2026-07-07T12:32:39.637829,
035f48205ecdb886,https://ee.linkedin.com/jobs/view/ajaloo-ja-%C3%BChiskonna%C3%B5petuse-%C3%B5petaja-at-eesti-t%C3%B6%C3%B6tukassa-4434324505,Ajaloo- ja ühiskonnaõpetuse õpetaja,,scraped,2026-07-07T12:32:46.124567,
79fbe5fc8fd46459,https://ee.linkedin.com/jobs/view/android-developer-at-onoff-4436724982,Android Developer,,scraped,2026-07-07T12:32:52.894554,
819897502c6a13e0,https://ee.linkedin.com/jobs/view/senior-react-native-developer-at-ruby-labs-4436924258,Senior React Native Developer,Ruby Labs,posted,2026-07-07T12:33:05.644398,102
966a948300f1d647,https://ee.linkedin.com/jobs/view/engineer-i-payments-engineering-operations-at-checkout-com-4400807115,"Engineer I, Payments Engineering Operations",,scraped,2026-07-07T12:33:08.323410,
07846dcb5a4a1a69,https://ee.linkedin.com/jobs/view/controller-at-stora-enso-4435444286,Controller,Stora Enso,posted,2026-07-07T12:33:23.744247,104
52f4fc8a78c14b6e,https://ee.linkedin.com/jobs/view/governmental-affairs-and-market-access-manager-estonia-at-astrazeneca-4424420271,Governmental Affairs and Market Access Manager - Estonia,AstraZeneca,posted,2026-07-07T12:33:41.663747,106
7464ebf7e3ad20f1,https://ee.linkedin.com/jobs/view/senior-data-analyst-at-wise-4425253496,Senior Data Analyst,,scraped,2026-07-07T12:33:44.295606,
fbd89c37c3bdf5f0,https://ee.linkedin.com/jobs/view/utilities-manager-at-carlsberg-group-4435040774,Utilities Manager,,scraped,2026-07-07T12:33:52.146527,
9598ecadaf18572c,https://ee.linkedin.com/jobs/view/ai-driven-software-engineer-at-nortal-4423101698,AI-Driven Software Engineer,,scraped,2026-07-07T12:33:58.570952,
9b77b5de830f33d4,https://ee.linkedin.com/jobs/view/treener-at-eesti-t%C3%B6%C3%B6tukassa-4434321498,Treener,,scraped,2026-07-07T12:34:05.539692,
1ce8e5d72c675a50,https://ee.linkedin.com/jobs/view/senior-game-data-analyst-paper-io-2-at-voodoo-4399440543,Senior Game Data Analyst - Paper.io 2,,scraped,2026-07-07T12:34:12.565944,
17bbcecadf2e5a15,https://ee.linkedin.com/jobs/view/treener-at-eesti-t%C3%B6%C3%B6tukassa-4434319584,Treener,,scraped,2026-07-07T12:34:18.849478,
67a01f66d77540e3,https://ee.linkedin.com/jobs/view/qa-engineer-at-sisu-group-4433724138,QA Engineer,SISU GROUP,posted,2026-07-07T12:34:35.511833,108
30405071be10b6a5,https://ee.linkedin.com/jobs/view/julgestust%C3%B6%C3%B6taja-at-eesti-t%C3%B6%C3%B6tukassa-4434323514,Julgestustöötaja,,scraped,2026-07-07T12:34:38.030262,
81be6cb712698699,https://ee.linkedin.com/jobs/view/regulatory-change-manager-at-luminor-group-4437499897,Regulatory Change Manager,Luminor Group,posted,2026-07-07T12:34:58.316745,110
e1e73a150636e41c,https://ee.linkedin.com/jobs/view/puhastusteenindaja-at-eesti-t%C3%B6%C3%B6tukassa-4434318586,Puhastusteenindaja,,scraped,2026-07-07T12:35:00.850225,
2f9a4396976d4bfd,https://ee.linkedin.com/jobs/view/rimi-keskk%C3%B6%C3%B6gi-kvaliteedijuht-at-rimi-baltic-group-4399544631,Rimi keskköögi kvaliteedijuht,,scraped,2026-07-07T12:35:07.587637,
47ec74e128fac586,https://ee.linkedin.com/jobs/view/senior-product-manager-hris-integrations-at-remote-4435570240,"Senior Product Manager, HRIS Integrations",Remote,posted,2026-07-07T12:35:20.676811,112
d892626bb3d32041,https://ee.linkedin.com/jobs/view/m%C3%BC%C3%BCgiesindaja-p%C3%A4rnu-eesti-at-albert-berner-latvija-4432326935,"Müügiesindaja (Pärnu, Eesti)",Albert Berner Latvija,posted,2026-07-07T12:35:43.744722,114
5585a0404c2d68e4,https://ee.linkedin.com/jobs/view/quality-engineer-ii-at-repligen-corporation-4425547436,Quality Engineer II,Repligen Corporation,posted,2026-07-07T12:35:55.611395,116
3764068a9d05a428,https://ee.linkedin.com/jobs/view/engineering-manager-at-defsecintel-solutions-4436528985,Engineering Manager,,scraped,2026-07-07T12:35:58.281920,
b65c135aa218acc1,https://ee.linkedin.com/jobs/view/team-lead-engineering-at-deel-4432795075,"Team Lead, Engineering",Deel,posted,2026-07-07T12:36:10.091000,118
458b0491173c67d6,https://ee.linkedin.com/jobs/view/team-lead-engineering-at-deel-4432798046,"Team Lead, Engineering",Deel,scraped,2026-07-07T12:36:14.211874,
f37c028814cf3a40,https://ee.linkedin.com/jobs/view/scientific-language-ai-adaptation-contributor-korean-japanese-arabic-at-maxibook-o%C3%BC-4433919923,Scientific Language & AI Adaptation Contributor (Korean / Japanese / Arabic),,scraped,2026-07-07T12:36:16.923108,
e9427fb4b91dd7c8,https://ee.linkedin.com/jobs/view/senior-or-principal-statistical-programmer-oncology-sponsor-dedicated-at-fortrea-4339480999,Senior or Principal Statistical Programmer - ONCOLOGY - Sponsor dedicated,Fortrea,posted,2026-07-07T12:36:33.047031,120
456f60635b184adf,https://ee.linkedin.com/jobs/view/ux-ui-designer-at-the-flex-4436381523,UX/UI Designer,,scraped,2026-07-07T12:36:35.691616,
f4f62e40124b5b7e,https://ee.linkedin.com/jobs/view/senior-lawyer-estonia-at-bondora-4437191760,"Senior Lawyer, Estonia",,scraped,2026-07-07T12:36:46.473036,
32e26f3b36d2c973,https://ee.linkedin.com/jobs/view/staff-software-engineer-financial-infrastructure-at-checkout-com-4400816013,Staff Software Engineer - Financial Infrastructure,,scraped,2026-07-07T12:36:53.351897,
d428f54dd95536ba,https://ee.linkedin.com/jobs/view/international-partnership-officer-at-bristol-city-council-4436711833,International Partnership Officer,,scraped,2026-07-07T12:36:59.899891,
32de3d908c3c63b4,https://ee.linkedin.com/jobs/view/danish-speaking-customer-success-specialist-at-creditstar-group-4437165736,Danish-Speaking Customer Success Specialist.,,scraped,2026-07-07T12:37:07.242057,
444a6aff2203cf69,https://ee.linkedin.com/jobs/view/senior-quality-assurance-engineer-at-ridango-4435569349,Senior Quality Assurance Engineer,,scraped,2026-07-07T12:37:13.841802,
6c7274eb40920b48,https://ee.linkedin.com/jobs/view/ostuspetsialist-at-osa%C3%BChing-evo-design-4433107879,OSTUSPETSIALIST,OSAÜHING EVO DESIGN,posted,2026-07-07T12:37:27.660772,122
0dff4c5855c35116,https://ee.linkedin.com/jobs/view/sick-pets-portfolio-manager-cne-f-m-x-at-mars-4435226672,Sick Pets Portfolio Manager CNE (f/m/x),Mars,posted,2026-07-07T12:37:37.830184,124
f620975f0b24e7cc,https://ee.linkedin.com/jobs/view/senior-ios-engineer-at-ruby-labs-4437447952,Senior IOS Engineer,Ruby Labs,posted,2026-07-07T12:37:47.810985,126
b5e5429fdc3fa490,https://ee.linkedin.com/jobs/view/senior-software-engineer-backend-at-siteminder-4423672587,Senior Software Engineer (Backend),,scraped,2026-07-07T12:37:50.462462,
3df146550c6c52f5,https://ee.linkedin.com/jobs/view/senior-qa-auditor-gcp-audits-at-iqvia-4435063246,Senior QA Auditor - GCP Audits,IQVIA,posted,2026-07-07T12:38:03.465801,128
0a342587ce4e4a57,https://ee.linkedin.com/jobs/view/k%C3%A4sisorteerija-at-stora-enso-4423957303,Käsisorteerija,Stora Enso,posted,2026-07-07T12:38:15.375918,130
64d8e4454ff2b5ba,https://ee.linkedin.com/jobs/view/senior-qa-engineer-at-bolt-4434315537,Senior QA Engineer,,scraped,2026-07-07T12:38:18.053948,
3be0ff0a41417d16,https://ee.linkedin.com/jobs/view/distributed-storage-engineer-apache-ozone-internals-remote-work-ref%23294419-at-bairesdev-4426572156,Distributed Storage Engineer (Apache Ozone Internals) - Remote Work | REF#294419,BairesDev,posted,2026-07-07T12:38:37.600611,132
4a4e8d22e20665c9,https://ee.linkedin.com/jobs/view/mehaanik-at-stora-enso-4426243608,Mehaanik,Stora Enso,posted,2026-07-07T12:38:55.032980,134
bfc8a26c9291a01c,https://ee.linkedin.com/jobs/view/analyst-senior-analyst-pricing-marketing-bangkok-based-relocation-provided-at-agoda-4410533383,"Analyst/ Senior Analyst, Pricing Marketing (Bangkok Based, relocation provided)",Agoda,posted,2026-07-07T12:39:08.019979,136
d4353983dbabcdc9,https://ee.linkedin.com/jobs/view/kinnisvaradirektor-at-united-talents-4431924463,Kinnisvaradirektor,,scraped,2026-07-07T12:39:10.667783,
82efb9f63a0c19be,https://ee.linkedin.com/jobs/view/senior-analyst-app-marketing-bangkok-based-relocation-provided-at-agoda-4410525958,"Senior Analyst, App Marketing (Bangkok Based, Relocation Provided)",Agoda,posted,2026-07-07T12:39:28.372141,138
5a37231b5e998cb6,https://ee.linkedin.com/jobs/view/senior-staff-machine-learning-engineer-bidding-bangkok-based-relocation-provided-at-agoda-4308196273,"Senior/Staff Machine Learning Engineer - Bidding (Bangkok based, relocation provided)",Agoda,posted,2026-07-07T12:39:41.154743,140
47789b44fc2f039b,https://ee.linkedin.com/jobs/view/senior-ios-engineer-at-veriff-4433109109,Senior iOS Engineer,Veriff,posted,2026-07-07T12:39:46.008505,126
05f6849aafccf617,https://ee.linkedin.com/jobs/view/manager-indirect-tax-advisor-bangkok-based-relocation-support-provided-at-agoda-4391554601,"Manager, Indirect Tax Advisor (Bangkok-Based, Relocation support provided)",Agoda,posted,2026-07-07T12:39:58.372457,142
0d9cec40f13a0d4e,https://ee.linkedin.com/jobs/view/operatiiv-klienditeenindaja-circle-k-l%C3%A4%C3%A4ne-virumaa-teenindusjaamadesse-at-circle-k-4434315104,Operatiiv-klienditeenindaja Circle K LÄÄNE-VIRUMAA teenindusjaamadesse,,scraped,2026-07-07T12:40:00.931218,
0274517d8f74341a,https://ee.linkedin.com/jobs/view/customer-support-representative-dutch-speaker-at-eaton-4425308150,Customer Support Representative - Dutch Speaker,Eaton,posted,2026-07-07T12:40:51.802004,144
ffcbc4b3010d3c61,https://ee.linkedin.com/jobs/view/marketing-assistant-iberia-spain-at-orien-trade-group-4435546129,Marketing Assistant (Iberia/Spain),,scraped,2026-07-07T20:33:31.986887,
0f16c5a45071dc36,https://ee.linkedin.com/jobs/view/creative-designer-at-ruby-labs-4436745130,Creative Designer,Ruby Labs,posted,2026-07-07T20:33:46.819268,146
9f4e95574dc76607,https://ee.linkedin.com/jobs/view/head-of-sales-operations-at-skeleton-technologies-4436751614,Head of Sales Operations,,scraped,2026-07-07T20:33:49.447614,
62a2e68a38e3a847,https://ee.linkedin.com/jobs/view/senior-graphic-designer-at-bristol-city-council-4436320584,Senior Graphic Designer,,scraped,2026-07-07T20:33:55.875928,
1ebb0e9114e80b0e,https://ee.linkedin.com/jobs/view/chief-customer-operations-officer-at-bondora-4435301941,Chief Customer Operations Officer,,scraped,2026-07-07T20:34:07.413498,
ca5d7c51932646ea,https://ee.linkedin.com/jobs/view/flight-operations-engineer-at-marabu-airlines-4437153552,Flight Operations Engineer,Marabu Airlines,posted,2026-07-07T20:34:20.232075,148
76dc5bcc468a17a6,https://ee.linkedin.com/jobs/view/teenindaja-at-eesti-t%C3%B6%C3%B6tukassa-4436006982,Teenindaja,,scraped,2026-07-07T20:34:22.620778,
7c6c21f0d2ecff64,https://ee.linkedin.com/jobs/view/junior-accountant-at-fyst-4435804728,Junior Accountant,,scraped,2026-07-07T20:34:29.454751,
8ff5f80c79d9f292,https://ee.linkedin.com/jobs/view/charge-de-clientele-couverture-%E2%80%93-etancheite-h-f-at-attila-nancy-sud-4436337953,CHARGE DE CLIENTELE COUVERTURE – ETANCHEITE H/F,ATTILA Nancy sud,posted,2026-07-07T20:34:51.669405,150
ab1dd913e51eafda,https://ee.linkedin.com/jobs/view/accountant-at-orien-trade-group-4434548659,Accountant,,scraped,2026-07-07T20:34:56.249086,
eec0fcf1c85bad4b,https://ee.linkedin.com/jobs/view/talent-acquisition-specialist-at-fyst-4435806473,Talent Acquisition Specialist,,scraped,2026-07-07T20:35:03.827271,
86d6ce657c662a72,https://ee.linkedin.com/jobs/view/programmijuht-at-startup-day-4433165791,Programmijuht,,scraped,2026-07-07T20:35:10.602602,
a7f8c79003ba7b5e,https://ee.linkedin.com/jobs/view/sales-executive-at-eesti-maavara-4433915469,Sales Executive,,scraped,2026-07-07T20:35:20.244068,
9e86c1112c450d0e,https://ee.linkedin.com/jobs/view/sales-development-representative-at-btse-4398371989,Sales Development Representative,,scraped,2026-07-07T20:35:28.206901,
98d60e605f808639,https://ee.linkedin.com/jobs/view/workforce-management-wfm-specialist-%E2%80%93-remote-operations-at-servora-international-4434544095,Workforce Management (WFM) Specialist – Remote Operations,,scraped,2026-07-07T20:35:44.619612,
bb74a1124b76e232,https://ee.linkedin.com/jobs/view/credit-and-collections-specialist-at-orien-trade-group-4434537391,Credit and Collections Specialist,,scraped,2026-07-07T20:36:02.960445,
22d303935c6c409a,https://ee.linkedin.com/jobs/view/sales-development-representative-eu-b2b-at-tripleten-indonesia-4433708958,Sales Development Representative EU (B2B),TripleTen Indonesia,posted,2026-07-07T20:36:18.179402,152
27a9e546965bf9a3,https://ee.linkedin.com/jobs/view/sales-development-representative-eu-b2b-at-tripleten-4436768669,Sales Development Representative EU (B2B),TripleTen,posted,2026-07-07T20:36:24.722152,152
8f01afff6b1d1468,https://ee.linkedin.com/jobs/view/partner-success-manager-at-betsson-group-4416670261,Partner Success Manager,,scraped,2026-07-07T20:36:31.374936,
d42a7a08c974f5cd,https://ee.linkedin.com/jobs/view/accounts-payable-business-partner-sweden-at-hitachi-energy-4427906197,Accounts Payable Business Partner - Sweden,,scraped,2026-07-07T20:36:40.449422,
63b21b3adf2014eb,https://ee.linkedin.com/jobs/view/accounts-payable-business-partner-sweden-at-hitachi-energy-4427908190,Accounts Payable Business Partner - Sweden,,scraped,2026-07-07T20:36:46.792958,
3b0a91fe917e42cc,https://ee.linkedin.com/jobs/view/compliance-operations-specialist-at-twilio-4437714087,Compliance Operations Specialist,Twilio,posted,2026-07-07T20:37:03.398642,154
4bb012fbf2325974,https://ee.linkedin.com/jobs/view/performance-marketing-lead-native-ads-at-capslock-4434638328,Performance Marketing Lead (Native Ads),,scraped,2026-07-07T20:37:08.140234,
8f2e52a331396775,https://ee.linkedin.com/jobs/view/devops-engineer-at-point-wild-4422977223,DevOps Engineer,Point Wild,posted,2026-07-07T20:37:23.342432,156
102523af9d3954a4,https://ee.linkedin.com/jobs/view/data-warehouse-developer-at-hcltech-4433964895,Data Warehouse Developer,,scraped,2026-07-07T20:37:25.945306,
96c7f936c2f75851,https://ee.linkedin.com/jobs/view/service-engineer-sorting-systems-automation-equipment-tallinn-estonia-at-uis-4434564084,"Service Engineer (Sorting Systems & Automation Equipment) Tallinn, Estonia",,scraped,2026-07-07T20:37:32.892109,
33d76ab446130847,https://ee.linkedin.com/jobs/view/qa-engineer-at-abb-4436703785,QA Engineer,,scraped,2026-07-07T20:37:41.935421,
8de7d452a019d810,https://ee.linkedin.com/jobs/view/raadiov%C3%B5rgu-opereerimise-insener-at-tele2-eesti-4436310671,Raadiovõrgu opereerimise insener,,scraped,2026-07-07T20:37:52.659202,
33e36df78a3d5508,https://ee.linkedin.com/jobs/view/ecommerce-project-manager-at-ecom-landers-4437823312,Ecommerce Project Manager,,scraped,2026-07-07T20:38:02.269470,
36a8a3b871dd877d,https://ee.linkedin.com/jobs/view/technical-support-engineer-at-defsecintel-solutions-4435072096,Technical Support Engineer,,scraped,2026-07-07T20:38:08.907066,
be63a6e5bb5c16a1,https://ee.linkedin.com/jobs/view/staff-product-manager-machine-learning-at-overstory-4437493156,"Staff Product Manager, Machine Learning",Overstory,posted,2026-07-07T20:38:26.843713,158
e3bf17834d4210af,https://ee.linkedin.com/jobs/view/sales-manager-at-super-micro-computer-spain-s-l-4434509024,Sales Manager,"Super Micro Computer Spain, S.L.",posted,2026-07-07T20:38:44.553573,160
bf2591d72e880cf5,https://ee.linkedin.com/jobs/view/hr-administraator-ajutine-6-kuud-at-cybernetica-4432324770,"HR administraator (ajutine, 6 kuud)",Cybernetica,posted,2026-07-07T20:39:07.068489,162
84ad3012c795d66f,https://ee.linkedin.com/jobs/view/head-of-sales-at-the-studio-4435448699,Head of Sales,THE/STUDIO,posted,2026-07-07T20:39:18.301946,164
84dc584b76c15cbb,https://ee.linkedin.com/jobs/view/marketing-and-client-relation-officer-at-gitcco-4434583075,Marketing and Client Relation Officer,,scraped,2026-07-07T20:39:20.922083,
9e0eb78cd0562ab3,https://ee.linkedin.com/jobs/view/growth-marketer-at-the-flex-4436764959,Growth Marketer,,scraped,2026-07-07T20:39:29.967358,
0945a96371f8fd33,https://ee.linkedin.com/jobs/view/infra-platform-engineer-at-bisly-4434541700,Infra Platform Engineer,,scraped,2026-07-07T20:39:37.096593,
f0682d71d0a82c44,https://ee.linkedin.com/jobs/view/mobile-application-developer-at-bigbank-4437820857,Mobile Application Developer,,scraped,2026-07-07T20:39:53.862429,
80db4be064cf6c31,https://ee.linkedin.com/jobs/view/keevitaja-at-eesti-t%C3%B6%C3%B6tukassa-4435462183,Keevitaja,,scraped,2026-07-07T20:40:02.593193,
5959c42f6f129b45,https://ee.linkedin.com/jobs/view/h%C3%B6%C3%B6vlioperaator-at-stora-enso-4425806656,Höövlioperaator,Stora Enso,posted,2026-07-07T20:40:22.788388,166
8e4fad81095e4de9,https://ee.linkedin.com/jobs/view/autonomous-vehicle-operations-lead-at-tsmg-holding-4437848171,Autonomous Vehicle Operations Lead,,scraped,2026-07-07T20:40:27.697388,
40ded6cc634cfe39,https://ee.linkedin.com/jobs/view/koolips%C3%BChholoog-at-eesti-t%C3%B6%C3%B6tukassa-4435018642,Koolipsühholoog,,scraped,2026-07-07T20:40:38.544655,
9960b08be78342b1,https://ee.linkedin.com/jobs/view/vanemarendaja-ai-tehnoloogiad-at-telia-4436704209,Vanemarendaja (AI tehnoloogiad),,scraped,2026-07-07T20:40:47.352344,
a034b1cec88cdeff,https://ee.linkedin.com/jobs/view/technical-author-multiple-roles-and-seniority-levels-at-jobgether-4435774461,Technical Author (multiple roles and seniority levels),,scraped,2026-07-07T20:40:54.264129,
a83a4d823e002955,https://ee.linkedin.com/jobs/view/customer-experience-manager-at-jobgether-4436073595,Customer Experience Manager,,scraped,2026-07-07T20:41:00.763203,
d2c764d9d7dce20d,https://ee.linkedin.com/jobs/view/otc-sales-development-representative-at-btse-4369452337,OTC Sales Development Representative,,scraped,2026-07-07T20:41:07.133033,
ac5d00a2061267ad,https://ee.linkedin.com/jobs/view/qa-engineer-at-finnplay-4436730544,QA Engineer,,scraped,2026-07-07T20:41:13.653844,
66c47a71336e08c5,https://ee.linkedin.com/jobs/view/database-administrator-at-playtech-4437781400,Database Administrator,,scraped,2026-07-07T20:41:20.169546,
b0569cdf8ff5851b,https://ee.linkedin.com/jobs/view/field-support-specialist-freelance-dispatch-at-teceze-4436533572,Field Support Specialist ( Freelance / Dispatch),TECEZE,posted,2026-07-07T20:41:37.104949,168
c6311712bd89fe93,https://ee.linkedin.com/jobs/view/senior-icaap-specialist-at-lhv-4437166201,Senior ICAAP Specialist,,scraped,2026-07-07T20:41:39.878779,
d38732c148ce08b1,https://ee.linkedin.com/jobs/view/process-development-lead-helsinki-tallinn-at-elisa-4436586374,"Process Development Lead (Helsinki, Tallinn)",,scraped,2026-07-07T20:41:52.058070,
3edb0818ab5e72ba,https://ee.linkedin.com/jobs/view/payments-operations-fraud-analyst-evening-shift-at-sisu-group-4425309131,Payments Operations & Fraud Analyst (Evening Shift),SISU GROUP,posted,2026-07-07T20:42:14.032742,170
d9682d1f5cb5f0f3,https://ee.linkedin.com/jobs/view/link-building-manager-at-white-light-digital-marketing-4435333138,Link Building Manager,White Light Digital Marketing,posted,2026-07-07T20:42:27.125121,172
4970b086f77520d6,https://ee.linkedin.com/jobs/view/product-line-purchasing-manager-at-stoneridge-4437866936,Product Line Purchasing Manager,Stoneridge,posted,2026-07-07T20:42:43.037637,174
c29ce28799aa1189,https://ee.linkedin.com/jobs/view/team-lead-engineering-at-deel-4432775978,"Team Lead, Engineering",Deel,posted,2026-07-07T20:42:56.463207,118
ba81d58a40c41256,https://ee.linkedin.com/jobs/view/containerization-virtualisation-engineer-at-jobgether-4435416979,Containerization & Virtualisation Engineer,,scraped,2026-07-07T20:42:59.246773,
c06033731bc85d47,https://ee.linkedin.com/jobs/view/cnc-t%C3%B6%C3%B6tluskeskuse-seadistaja-at-radius-group-4434527976,CNC töötluskeskuse seadistaja,,scraped,2026-07-07T20:43:07.837435,
696d95877d9f1b22,https://ee.linkedin.com/jobs/view/team-lead-engineering-at-deel-4432789265,"Team Lead, Engineering",Deel,scraped,2026-07-07T20:43:17.017553,
6019ffba223b87da,https://ee.linkedin.com/jobs/view/senior-quality-engineer-java-remote-work-ref%23293844-at-bairesdev-4426567332,Senior Quality Engineer (Java) - Remote Work | REF#293844,BairesDev,posted,2026-07-07T20:43:36.768960,176
c28482be5f40c703,https://ee.linkedin.com/jobs/view/team-lead-engineering-at-deel-4432775976,"Team Lead, Engineering",Deel,scraped,2026-07-07T20:43:43.009260,
d74f8aa8c2d7c84a,https://ee.linkedin.com/jobs/view/team-lead-engineering-at-deel-4432796073,"Team Lead, Engineering",Deel,scraped,2026-07-07T20:43:47.135584,
0285b74585592018,https://ee.linkedin.com/jobs/view/senior-software-engineer-team-lead-at-glia-4434565626,Senior Software Engineer (Team Lead),Glia,posted,2026-07-07T20:44:07.074181,178
5f51e60f80b92c00,https://ee.linkedin.com/jobs/view/it-infrastructure-it-management-expert-auditor-at-artucapital-advisory-4433110771,IT Infrastructure & IT Management Expert / Auditor,,scraped,2026-07-07T20:44:15.918521,
5da5ef654b30dbf2,https://ee.linkedin.com/jobs/view/cloud-network-engineer-at-paymentology-4437801412,Cloud Network Engineer,,scraped,2026-07-07T20:44:29.861481,
8159bbbf531e7237,https://ee.linkedin.com/jobs/view/senior-fullstack-engineer-remote-at-pragmatike-4436795243,Senior Fullstack Engineer (Remote),,scraped,2026-07-07T20:44:38.972104,
754940367d5095b2,https://ee.linkedin.com/jobs/view/estonian-quality-assurance-lead-qal-at-sme-careers-4428812074,Estonian Quality Assurance Lead (QAL),SME Careers,posted,2026-07-07T20:44:54.341707,180
cdf46211e7502b5b,https://ee.linkedin.com/jobs/view/senior-net-software-engineer-at-proekspert-as-4437811416,Senior (.NET) Software Engineer,,scraped,2026-07-07T20:45:03.103846,
4da6bc2029d876ce,https://ee.linkedin.com/jobs/view/principal-software-engineer-node-js-ref%23290193-at-bairesdev-4420469172,Principal Software Engineer (Node.js) | REF#290193,BairesDev,posted,2026-07-07T20:45:32.909589,182
a39a0fccf7a00c40,https://ee.linkedin.com/jobs/view/senior-next-js-developer-at-jobgether-4435047396,Senior Next.js Developer,,scraped,2026-07-07T20:45:39.539744,
f64ca76ee7d4d26c,https://ee.linkedin.com/jobs/view/senior-front-end-software-engineer-for-baltic-web-ui-team-angular-at-swedbank-estonia-4433921123,Senior Front-End Software Engineer for Baltic Web & UI Team (Angular),,scraped,2026-07-07T20:45:49.531571,
cdc5a601fbfc5be3,https://ee.linkedin.com/jobs/view/customer-support-representative-dutch-speaker-at-eaton-4423141479,Customer Support Representative - Dutch Speaker,Eaton,posted,2026-07-07T20:46:46.886535,144
8d8edd7cb1035e6a,https://ee.linkedin.com/jobs/view/m%C3%BC%C3%BCja-klienditeenindaja-circle-k-tartu-kvissentali-teenindusjaama-at-circle-k-4436593442,Müüja-klienditeenindaja Circle K Tartu KVISSENTALI teenindusjaama,,scraped,2026-07-07T20:46:49.497349,
7ba1140dc1b05ba1,https://ee.linkedin.com/jobs/view/customer-service-specialists-with-estonian-language-at-concentrix-4385475249,Customer Service Specialists with Estonian language,Concentrix,posted,2026-07-07T20:47:08.423528,184
aed9352b7f673798,https://ee.linkedin.com/jobs/view/rajameister-at-eesti-t%C3%B6%C3%B6tukassa-4435465121,Rajameister,,scraped,2026-07-08T06:46:43.525530,
d2b00d13e7012dca,https://ee.linkedin.com/jobs/view/%C3%B5mbleja-juurdel%C3%B5ikaja-at-eesti-t%C3%B6%C3%B6tukassa-4435028335,Õmbleja-juurdelõikaja,,scraped,2026-07-08T06:46:54.111047,
07e3a96d55436d35,https://ee.linkedin.com/jobs/view/kokk-at-thumbprint-coaching-inc-4436839630,Kokk,"Thumbprint Coaching, Inc.",posted,2026-07-08T06:47:19.479000,196
56687ee5bb8fea9d,https://ee.linkedin.com/jobs/view/payroll-administrator-at-sd-worx-4436888156,Payroll Administrator,,scraped,2026-07-08T06:47:24.087395,
feea68bba0051dc8,https://ee.linkedin.com/jobs/view/payroll-specialist-at-sd-worx-4436876740,Payroll Specialist,,scraped,2026-07-08T06:47:30.756392,
62985402d247c01a,https://ee.linkedin.com/jobs/view/regeneration-manager-at-bristol-city-council-4436717510,Regeneration Manager,,scraped,2026-07-08T06:47:37.661088,
178131c0d4ff468b,https://ee.linkedin.com/jobs/view/member-of-the-board-of-advisors-at-westfield-fc-4436062619,Member of the Board of Advisors,,scraped,2026-07-08T06:47:54.955505,
e370e35015efa434,https://ee.linkedin.com/jobs/view/growth-manager-at-premium-pouch-global-4434808835,Growth Manager,,scraped,2026-07-08T06:48:08.189300,
fa93bbdbc31f6d8c,https://ee.linkedin.com/jobs/view/tiktok-shop-specialist-at-jobgether-4436209801,TikTok Shop Specialist,,scraped,2026-07-08T06:48:19.579089,
cc5b4c9aec25015a,https://ee.linkedin.com/jobs/view/fraud-specialist-at-jobgether-4436515847,Fraud Specialist,,scraped,2026-07-08T06:48:26.144006,
c213c98bd7e6b01a,https://ee.linkedin.com/jobs/view/power-bi-developer-at-grafton-recruitment-4427732168,Power BI Developer,,scraped,2026-07-08T06:48:32.367081,
934f8eb51b93e0d8,https://ee.linkedin.com/jobs/view/technical-support-specialist-at-fyst-4435817140,Technical Support Specialist,,scraped,2026-07-08T06:48:43.864455,
289c2113fbf980f6,https://ee.linkedin.com/jobs/view/information-technology-manager-at-euroapteek-o%C3%BC-4436594506,Information Technology Manager,Euroapteek OÜ,posted,2026-07-08T06:48:58.439001,198
97283cedc3fed4de,https://ee.linkedin.com/jobs/view/puhastusteenindaja-0-75-koormusega-at-thumbprint-coaching-inc-4435250775,"Puhastusteenindaja (0,75 koormusega)","Thumbprint Coaching, Inc.",posted,2026-07-08T06:49:10.103470,200
085ab2dd69e3b016,https://ee.linkedin.com/jobs/view/category-transformation-and-commissioning-lead-at-bristol-city-council-4437481716,Category Transformation and Commissioning Lead,,scraped,2026-07-08T06:49:12.705395,
9062be979029258e,https://ee.linkedin.com/jobs/view/desktop-support-specialist-at-sharp-brains-4434550623,Desktop Support Specialist,,scraped,2026-07-08T06:49:24.151378,
0d8fb048e6baf19d,https://ee.linkedin.com/jobs/view/model-behavior-monitor-at-blue-oak-consulting-4436093349,Model Behavior Monitor,,scraped,2026-07-08T06:49:36.835289,
2c5266830c5ca5c5,https://ee.linkedin.com/jobs/view/customer-support-operations-agent-at-bolt-4436818065,Customer Support Operations Agent,,scraped,2026-07-08T06:49:52.799383,
d8279834add82cc0,https://ee.linkedin.com/jobs/view/senior-survey-methodology-expert-at-ntu-international-a-s-4437833000,Senior Survey Methodology Expert,,scraped,2026-07-08T06:50:07.291199,
652ffec82a3c0dde,https://ee.linkedin.com/jobs/view/consultant-eu-public-advisory-at-civitta-4435219636,Consultant | EU Public Advisory,,scraped,2026-07-08T06:50:20.721156,
9261b7f88a6fbe12,https://ee.linkedin.com/jobs/view/engineering-manager-100%25-remote-emea-cloud-computing-at-pragmatike-4435809361,Engineering Manager (100% Remote EMEA) - Cloud Computing,,scraped,2026-07-08T06:50:29.145945,
2337646932894e22,https://ee.linkedin.com/jobs/view/data-platform-engineer-remote-at-paymentology-4437815022,Data Platform Engineer (Remote),,scraped,2026-07-08T06:50:37.421916,
4b816fc993295457,https://ee.linkedin.com/jobs/view/hrd-hr-business-partner-investment-platform-portfolio-companies-at-jobgether-4437018079,HRD / HR Business Partner (Investment Platform & Portfolio Companies),,scraped,2026-07-08T06:50:44.417223,
cfe155e6880ab4d8,https://ee.linkedin.com/jobs/view/business-intelligence-developer-at-hcltech-4433985055,Business Intelligence Developer,,scraped,2026-07-08T06:50:50.632160,
2b6e853369fa8c57,https://ee.linkedin.com/jobs/view/desktop-support-engineer-at-tech-zone-llc-4434545110,Desktop Support Engineer,Tech Zone LLC,posted,2026-07-08T06:51:13.731832,202
124d6a67b0c3f7d3,https://ee.linkedin.com/jobs/view/it-compliance-specialist-at-psi-cro-4427851012,IT Compliance Specialist,,scraped,2026-07-08T06:51:18.391537,
bd01e8a5b1afcf46,https://ee.linkedin.com/jobs/view/estonian-qa-lead-remote-at-yo-it-consulting-4435009777,Estonian QA Lead - Remote,,scraped,2026-07-08T06:51:28.156851,
96f850aea87d954b,https://ee.linkedin.com/jobs/view/package-driver-at-ups-4260172573,Package Driver,UPS,posted,2026-07-08T06:51:37.172506,26
9d99ddda2776fc98,https://ee.linkedin.com/jobs/view/payments-orchestration-specialist-at-fyst-4437448930,Payments Orchestration Specialist,,scraped,2026-07-08T06:51:39.777090,
75bb660d24707264,https://ee.linkedin.com/jobs/view/technical-performance-marketing-manager-at-esto-group-4436845526,Technical Performance Marketing Manager,,scraped,2026-07-08T06:51:46.600433,
a30eee9165247c26,https://ee.linkedin.com/jobs/view/product-owner-ehealth-at-nortal-4437796616,Product Owner (eHealth),,scraped,2026-07-08T06:51:55.310320,
0ace27ad1a630773,https://ee.linkedin.com/jobs/view/edtech-co-founder-cfo-100-%25-remote-m-f-d-at-ewor-4435477517,EdTech Co-Founder / CFO (100 % remote) (m/f/d),,scraped,2026-07-08T06:52:02.497315,
3c7100f4911aad73,https://ee.linkedin.com/jobs/view/edtech-co-founder-cfo-100-%25-remote-m-f-d-at-ewor-4435488022,EdTech Co-Founder / CFO (100 % remote) (m/f/d),,scraped,2026-07-08T06:52:09.079195,
73724a15951b19ff,https://ee.linkedin.com/jobs/view/data-steward-for-customer-oversight-and-digital-enablers-seb-tallinn-at-seb-eesti-4436901165,"Data Steward for Customer Oversight and digital Enablers | SEB, Tallinn",,scraped,2026-07-08T06:52:15.543423,
a0f93af933f1bd11,https://ee.linkedin.com/jobs/view/ai-video-creator-at-the-flex-4436770633,AI Video Creator,,scraped,2026-07-08T06:52:24.819943,
2952d58a863587ea,https://ee.linkedin.com/jobs/view/estonian-speaking-solutions-consultant-work-in-sofia-bulgaria-at-mercier-consultancy-md-4437728572,"Estonian Speaking Solutions Consultant - Work In Sofia, Bulgaria",Mercier Consultancy MD,posted,2026-07-08T06:52:44.784391,204
0b002369e767e76f,https://ee.linkedin.com/jobs/view/estonian-speaking-solutions-consultant-work-in-sofia-bulgaria-at-mercier-consultancy-md-4437722998,"Estonian Speaking Solutions Consultant - Work In Sofia, Bulgaria",Mercier Consultancy MD,posted,2026-07-08T06:52:50.681604,204
dc5bfd323cf909f3,https://ee.linkedin.com/jobs/view/sotsiaalmeedia-vanemspetsialist-at-coop-eesti-4434540771,Sotsiaalmeedia vanemspetsialist,,scraped,2026-07-08T06:52:55.177825,
cf59c5328f7e7fbf,https://ee.linkedin.com/jobs/view/information-security-manager-in-the-baltic-it-information-security-team-seb-tallinn-at-seb-eesti-4436365068,"Information Security Manager in the Baltic IT & Information Security team | SEB, Tallinn",,scraped,2026-07-08T06:53:02.437656,
898da8e143a66a34,https://ee.linkedin.com/jobs/view/travel-consultant-danish-speaking-estonia-hybrid-onsite-at-lingo-nova-4435793643,Travel Consultant (Danish Speaking) Estonia - Hybrid / Onsite,Lingo-nova,posted,2026-07-08T06:53:19.749179,206
1270bba66a0869a9,https://ee.linkedin.com/jobs/view/deputy-head-of-fincrime-operations-at-evotym-4436838618,Deputy Head of Fincrime Operations,,scraped,2026-07-08T06:53:22.398474,
74abe6f1ef38d079,https://ee.linkedin.com/jobs/view/senior-reporting-planning-specialist-at-bolt-4436806440,Senior Reporting & Planning Specialist,,scraped,2026-07-08T06:53:46.799751,
b04a5d7bc3692570,https://ee.linkedin.com/jobs/view/senior-land-management-rangeland-expert-at-ntu-international-a-s-4435818086,Senior Land Management / Rangeland Expert,,scraped,2026-07-08T06:53:53.057335,
bc26b159a0303d9d,https://ee.linkedin.com/jobs/view/senior-project-manager-at-bristol-city-council-4438111329,Senior Project Manager,,scraped,2026-07-08T06:54:00.151817,
99c7b89115b47873,https://ee.linkedin.com/jobs/view/fincrime-operations-team-lead-aml-investigations-at-wise-4426968525,FinCrime Operations Team Lead - AML Investigations,,scraped,2026-07-08T06:54:09.299049,
694256eb3c866c1c,https://ee.linkedin.com/jobs/view/quality-assurance-senior-specialist-at-wise-4394786469,Quality Assurance Senior Specialist,,scraped,2026-07-08T06:54:18.973652,
fded254632d9dd39,https://ee.linkedin.com/jobs/view/technical-program-manager-at-bolt-4435263320,Technical Program Manager,,scraped,2026-07-08T06:54:26.519471,
d6644f009eac962b,https://ee.linkedin.com/jobs/view/regional-cybersecurity-manager-northern-europe-at-hitachi-energy-4428890064,Regional Cybersecurity Manager Northern Europe,,scraped,2026-07-08T06:54:32.687490,
9b99d3d67978f056,https://bg.linkedin.com/jobs/view/personal-shopper-in-bulgaria-at-%E3%82%B0%E3%83%AC%E3%83%BC%E3%82%B9%E3%83%AF%E3%83%BC%E3%83%AB%E3%83%89-4437017104,Personal Shopper in Bulgaria,グレースワールド,posted,2026-07-08T06:54:48.235397,208
0d278bc34e95166c,https://ee.linkedin.com/jobs/view/senior-analyst-market-liquidity-risk-department-at-luminor-group-4437424437,Senior Analyst (Market & Liquidity Risk Department),Luminor Group,posted,2026-07-08T06:55:03.351564,210
b781d51161f16eca,https://ee.linkedin.com/jobs/view/senior-statistical-analyst-at-icon-plc-4427489864,Senior Statistical Analyst,,scraped,2026-07-08T06:55:06.099281,
b5911eb60828c60f,https://ee.linkedin.com/jobs/view/cloud-engineer-tenant-at-riverty-4437872714,Cloud Engineer (Tenant),,scraped,2026-07-08T06:55:12.775355,
069131f2c339fa45,https://ee.linkedin.com/jobs/view/senior-autonomous-vehicle-technician-robotaxi-fleet-maintenance-technical-operations-at-tsmg-holding-4437849159,Senior Autonomous Vehicle Technician (Robotaxi Fleet Maintenance & Technical Operations),,scraped,2026-07-08T06:55:23.533970,
f6a2822fce7521a9,https://ee.linkedin.com/jobs/view/senior-product-analyst-customer-reporting-at-wise-4435217658,Senior Product Analyst - Customer Reporting,,scraped,2026-07-08T06:55:36.810410,
4614fbea83dd73e2,https://ee.linkedin.com/jobs/view/chief-aml-officer-management-board-member-at-wallester-4434541563,Chief AML Officer | Management Board Member,,scraped,2026-07-08T06:55:48.314087,
91695b8345aea6e5,https://ee.linkedin.com/jobs/view/product-data-scientist-%E2%80%94-ai-evaluation-quality-remote-at-finom-4436922215,Product Data Scientist — AI Evaluation & Quality (Remote),,scraped,2026-07-08T06:56:07.410457,
dde647fc072d89b4,https://ee.linkedin.com/jobs/view/head-of-financial-control-management-board-member-on-site-at-orbital-4409170599,Head of Financial Control & Management Board Member (On-site),,scraped,2026-07-08T06:56:14.056332,
2b3187131c269136,https://ee.linkedin.com/jobs/view/senior-agricultural-insurance-and-rural-finance-expert-at-ntu-international-a-s-4436316221,Senior Agricultural Insurance and Rural Finance Expert,,scraped,2026-07-08T06:56:26.677027,
2d965adcfbcd57df,https://ee.linkedin.com/jobs/view/senior-ai-compute-infrastructure-engineer-at-kraken-4415671318,Senior AI Compute Infrastructure Engineer,Kraken,posted,2026-07-08T06:56:57.005584,212
61d25af69d524300,https://ee.linkedin.com/jobs/view/senior-electrical-design-engineer-at-cflow-4435548733,Senior Electrical Design Engineer,,scraped,2026-07-08T06:56:59.638172,
33af8c9086730ce3,https://ee.linkedin.com/jobs/view/b2b-sales-partner-for-cybersecurity-services-at-outer-heaven-4433932523,B2B Sales Partner for Cybersecurity Services,Outer Heaven,posted,2026-07-08T06:57:13.278804,214
ae27e1c4299fdf0f,https://ee.linkedin.com/jobs/view/senior-software-engineer-biometric-authentication-at-veriff-4432356151,Senior Software Engineer  (Biometric Authentication),Veriff,posted,2026-07-08T06:57:22.918109,216
13f7ba64e1e34cf9,https://ee.linkedin.com/jobs/view/gameplay-engineer-at-devoted-studios-4437735819,Gameplay Engineer,Devoted Studios,posted,2026-07-08T06:57:37.589316,218
39cdccd2271bf79a,https://ee.linkedin.com/jobs/view/ai-visuals-creator-contributors-images-video-for-knowledge-at-maxibook-o%C3%BC-4433160473,AI Visuals Creator Contributors (Images & Video for Knowledge),,scraped,2026-07-08T06:57:42.220749,
3cd79ded56fd36f9,https://ee.linkedin.com/jobs/view/head-of-programmatic-at-lionhires-recruitment-4433937698,Head of Programmatic,LionHires Recruitment,posted,2026-07-08T06:57:57.730297,220
5fb0ba8a84e91d59,https://ee.linkedin.com/jobs/view/senior-applications-engineer-field-service-1-at-l3harris-technologies-4437772851,Senior Applications Engineer (Field Service) 1,L3Harris Technologies,posted,2026-07-08T06:58:11.753096,222
1d60066230d166ba,https://ee.linkedin.com/jobs/view/software-development-engineer-in-test-ii-sdet-ii-pro-at-kraken-4415710918,Software Development Engineer in Test II (SDET II) - Pro,Kraken,posted,2026-07-08T06:58:25.716237,224
bf9331aa5ed547a7,https://ee.linkedin.com/jobs/view/senior-ii-security-engineer-application-paid-relocation-to-barcelona-at-preply-4435549566,Senior II Security Engineer - Application | Paid relocation to Barcelona,Preply,posted,2026-07-08T06:58:44.420564,226
c85486b439bcc2b4,https://ee.linkedin.com/jobs/view/freelance-patent-linguists-english-into-estonian-biology-at-welocalize-4436540066,Freelance Patent Linguists | English into Estonian - Biology,Welocalize,posted,2026-07-08T06:59:05.965342,228
270e20a10982f7b6,https://ee.linkedin.com/jobs/view/senior-distributed-systems-engineer-remote-work-ref%23293779-at-bairesdev-4426564347,Senior Distributed Systems Engineer - Remote Work | REF#293779,BairesDev,posted,2026-07-08T06:59:14.303139,230
e198c2dc90eeb7c7,https://ee.linkedin.com/jobs/view/presentation-visual-designer-at-fyst-4435804721,Presentation & Visual Designer,,scraped,2026-07-08T13:21:00.605843,
2ffd0a5e538e0dbc,https://ee.linkedin.com/jobs/view/product-manager-at-adcash-4433194594,Product Manager,,scraped,2026-07-08T13:21:27.831150,
0c2f4a4dc8c8c72c,https://ee.linkedin.com/jobs/view/team-lead-at-breakwater-technology-4438173969,Team Lead,,scraped,2026-07-08T13:21:44.393383,
e83891aaa96941bd,https://ee.linkedin.com/jobs/view/web-operations-specialist-at-bold-one-4438152654,Web Operations Specialist,Bold.One,posted,2026-07-08T13:22:02.834643,232
3244826180900759,https://ee.linkedin.com/jobs/view/team-lead-revenue-accounting-at-finnair-4420412561,"Team Lead, Revenue Accounting",Finnair,posted,2026-07-08T13:22:17.559960,234
fda7d4cb390583c3,https://ee.linkedin.com/jobs/view/talent-culture-operations-coordinator-reconeyez-defendec-at-vosker-4433814118,Talent & Culture Operations Coordinator - Reconeyez/Defendec,,scraped,2026-07-08T13:22:34.225063,
70381dd4dd2d5b67,https://ee.linkedin.com/jobs/view/ams-account-manager-at-brink%E2%80%99s-inc-4433181094,AMS Account Manager,Brink’s Inc,posted,2026-07-08T13:22:48.667977,236
a6ae72e2d35c0c29,https://ee.linkedin.com/jobs/view/enterprise-account-executive-eu-b2b-at-tripleten-4436766825,Enterprise Account Executive EU (B2B),TripleTen,posted,2026-07-08T13:22:59.405491,48
e74f33ec0942579e,https://ee.linkedin.com/jobs/view/coordinator-project-expense-management-at-psi-cro-4433947219,"Coordinator, Project Expense Management",,scraped,2026-07-08T13:23:02.067427,
51bfcc46b28959c6,https://ee.linkedin.com/jobs/view/network-engineer-at-pawatech-4438225548,Network Engineer,,scraped,2026-07-08T13:23:14.308654,
0619ae11c0a7f55c,https://ee.linkedin.com/jobs/view/billing-data-analyst-at-ruby-labs-4437870401,Billing Data Analyst,Ruby Labs,posted,2026-07-08T13:23:27.195698,238
14e9ad7e21668a16,https://ee.linkedin.com/jobs/view/senior-risk-officer-in-enterprise-risk-seb-tallinn-at-seb-eesti-4438217376,"Senior Risk Officer in Enterprise Risk | SEB, Tallinn",,scraped,2026-07-08T13:23:29.839725,
9349e85a5cb0aad4,https://ee.linkedin.com/jobs/view/desktop-support-engineer-at-tech-zone-llc-4434542249,Desktop Support Engineer,Tech Zone LLC,posted,2026-07-08T13:23:41.351671,202
3153ed3d2236e80a,https://ee.linkedin.com/jobs/view/key-account-manager-for-ecommerce-solutions-at-scandiweb-4438189689,Key Account Manager for eCommerce solutions,,scraped,2026-07-08T13:23:44.080436,
7302a05ac7df3521,https://ee.linkedin.com/jobs/view/principal-software-engineering-manager-at-microsoft-4437775734,Principal Software Engineering Manager,Microsoft,posted,2026-07-08T13:24:15.389314,240
97601ccb2b08610b,https://ee.linkedin.com/jobs/view/it-applications-services-manager-baltics-at-dpd-eesti-4435810129,"IT Applications Services Manager, Baltics",,scraped,2026-07-08T13:24:27.938731,
f1efb07c37a5d415,https://ee.linkedin.com/jobs/view/people-and-culture-assistant-at-playtech-4434844813,People and Culture Assistant,,scraped,2026-07-08T13:24:42.926550,
e3e3dc5d0893e172,https://ee.linkedin.com/jobs/view/lead-billing-data-analyst-billing-payments-subscription-analytics-at-ruby-labs-4437860924,"Lead Billing Data Analyst | Billing, Payments & Subscription Analytics",Ruby Labs,posted,2026-07-08T13:25:17.892658,242
607af5c7f5827eaa,https://ee.linkedin.com/jobs/view/self-driving-systems-specialist-sds-specialist-at-tsmg-holding-4437897716,Self-Driving Systems Specialist (SDS Specialist),,scraped,2026-07-08T13:25:20.495732,
2c226814041563a7,https://ee.linkedin.com/jobs/view/qa-engineer-m-f-d-at-riverty-4437872717,QA Engineer (m/f/d),,scraped,2026-07-08T13:25:31.962594,
df96b5b0b5e8b259,https://ee.linkedin.com/jobs/view/gohighlevel-crm-automation-administrator-at-jobgether-4437040587,GoHighLevel CRM & Automation Administrator,,scraped,2026-07-08T13:25:39.746050,
24953f5830ed3d42,https://ee.linkedin.com/jobs/view/hr-operations-specialist-employee-lifecycle-at-abb-4438194562,HR Operations Specialist - Employee Lifecycle,,scraped,2026-07-08T13:25:50.445230,
e2dc719709fc39c2,https://ee.linkedin.com/jobs/view/quality-assurance-team-lead-at-wise-4394774656,Quality Assurance Team Lead,,scraped,2026-07-08T13:26:03.746660,
c343c9d8b420e13c,https://ee.linkedin.com/jobs/view/senior-accountant-at-eleport-4434859051,Senior Accountant,,scraped,2026-07-08T13:26:13.788575,
108dda63c603df95,https://ee.linkedin.com/jobs/view/procurement-lawyer-eu-public-advisory-at-civitta-4435061403,Procurement Lawyer | EU Public Advisory,,scraped,2026-07-08T13:26:21.654687,
1bae8014e5656f2e,https://ee.linkedin.com/jobs/view/principal-game-designer-core-gameplay-portfolio-midcore-games-at-voodoo-4400283178,Principal Game Designer (Core Gameplay) - Portfolio Midcore Games,,scraped,2026-07-08T13:26:32.434418,
1dafa9acde36c053,https://ee.linkedin.com/jobs/view/tracking-data-integration-specialist-contractor-%C2%B7-remote-%C2%B7-cet-overlap-%C2%B7-recurring-retainer-model-at-texonica-4434848216,Tracking & Data Integration Specialist (Contractor) · remote · CET overlap · recurring retainer model,,scraped,2026-07-08T13:26:47.054764,
9aa9718475c04946,https://ee.linkedin.com/jobs/view/senior-qa-engineer-at-abb-4436373394,Senior QA Engineer,,scraped,2026-07-08T13:26:53.597084,
fbb1a180e0402ff5,https://ee.linkedin.com/jobs/view/staff-systems-engineer-c%2B%2B-remote-work-ref%23289958-at-bairesdev-4420465451,Staff Systems Engineer (C++) - Remote Work | REF#289958,BairesDev,posted,2026-07-08T13:27:21.132516,244
8b959c979fc61a2c,https://ee.linkedin.com/jobs/view/senior-it-business-analyst-finance-platform-at-bolt-4434687125,"Senior IT Business Analyst, Finance Platform",,scraped,2026-07-08T13:27:23.841171,
2ef73313125f17e7,https://ee.linkedin.com/jobs/view/%D0%B4%D0%B8%D0%B7%D0%B0%D0%B9%D0%BD%D0%B5%D1%80-%D0%BF%D0%BE-%D0%BF%D0%BE%D0%B4%D0%B3%D0%BE%D1%82%D0%BE%D0%B2%D0%BA%D0%B5-%D0%BF%D1%80%D0%B8%D0%BD%D1%82%D0%BE%D0%B2-%D0%B4%D0%BB%D1%8F-%D0%BE%D0%B4%D0%B5%D0%B6%D0%B4%D1%8B-printful-%2B-etsy-4434832026,Дизайнер по подготовке принтов для одежды (Printful + Etsy),PersonaCodeLab OÜ,posted,2026-07-08T13:28:12.462892,246
166a6b821182f9e8,https://ee.linkedin.com/jobs/view/staff-react-native-engineer-pro-at-kraken-4417898374,Staff React Native Engineer - Pro,Kraken,posted,2026-07-08T13:28:32.821025,248
521a0fde15a58351,https://ee.linkedin.com/jobs/view/senior-hardware-engineer-reconeyez-defendec-at-vosker-4437400310,Senior Hardware Engineer - Reconeyez/Defendec,,scraped,2026-07-08T13:28:35.624130,
d636f08fd92aa4e5,https://ee.linkedin.com/jobs/view/m%C3%BC%C3%BCgin%C3%B5ustaja-20h-at-cos-4341722481,Müüginõustaja 20h,COS,posted,2026-07-08T13:28:56.433487,250
5e2beee9c3397a0a,https://ee.linkedin.com/jobs/view/senior-software-engineer-frontend-pro-at-kraken-4416589273,Senior Software Engineer - Frontend - Pro,Kraken,posted,2026-07-08T13:29:07.939831,252
8a7c26903d7ac715,https://ee.linkedin.com/jobs/view/solutions-consultant-%E2%80%93-netapp-nutanix-baltics-at-arrow-electronics-4436364713,Solutions Consultant – NetApp & Nutanix (Baltics),Arrow Electronics,posted,2026-07-08T13:29:24.772780,254
74430156b9314655,https://ee.linkedin.com/jobs/view/sse-performance-steering-head-at-wise-4426961582,SSE Performance Steering Head,,scraped,2026-07-08T13:29:33.438673,
19a671e735f818a0,https://ee.linkedin.com/jobs/view/senior-cloud-engineer-m-f-d-at-riverty-4437890145,Senior Cloud Engineer (m/f/d),,scraped,2026-07-08T13:29:47.469575,
ca88a2470754822c,https://ee.linkedin.com/jobs/view/senior-front-end-software-engineer-for-baltic-web-ui-team-angular-at-swedbank-estonia-4433900964,Senior Front-End Software Engineer for Baltic Web & UI Team (Angular),,scraped,2026-07-08T13:29:56.262323,
19d217a9f0f65deb,https://ee.linkedin.com/jobs/view/data-focused-project-coordinator-remote-contract-at-infuse-4437790415,"Data-Focused Project Coordinator (Remote, Contract)",INFUSE,posted,2026-07-08T18:57:30.364881,256
9db9e02a4320d831,https://ee.linkedin.com/jobs/view/head-of-sales-ee-at-enefit-4438261238,Head of Sales EE,,scraped,2026-07-08T18:57:47.020676,
509ebb9be5127352,https://ee.linkedin.com/jobs/view/%C3%A4rianal%C3%BC%C3%BCtik-at-university-of-tartu-4433175107,Ärianalüütik,University of Tartu,posted,2026-07-08T18:58:18.812686,258
9d72923f809872f7,https://ee.linkedin.com/jobs/view/koolitus-ja-t%C3%B6%C3%B6keskkonnaspetsialist-at-bauhof-group-as-4438246940,Koolitus- ja töökeskkonnaspetsialist,Bauhof Group AS,posted,2026-07-08T18:58:31.748650,260
f444738004324b64,https://ee.linkedin.com/jobs/view/people-and-culture-assistant-at-playtech-4438213160,People and Culture Assistant,,scraped,2026-07-08T18:58:46.337070,
e0d2938a6dd8ad2c,https://ee.linkedin.com/jobs/view/license-owner-operator-tallinn-at-stranger-soccer-4438252584,"License Owner / Operator, Tallinn",,scraped,2026-07-08T18:59:18.565726,
991298487c77957f,https://ee.linkedin.com/jobs/view/graduate-software-engineer-at-bending-spoons-4436233486,Graduate software engineer,,scraped,2026-07-08T18:59:25.074969,
67c9c6a99aabcd5e,https://ee.linkedin.com/jobs/view/projektijuht-at-southwestern-recruitment-4437796851,Projektijuht,,scraped,2026-07-08T18:59:43.767207,
ced187c3520cdc2d,https://ee.linkedin.com/jobs/view/senior-people-analytics-expert-m-f-d-at-riverty-4437869945,Senior People Analytics Expert (m/f/d),,scraped,2026-07-08T18:59:50.945130,
4ec5621b266a5434,https://ee.linkedin.com/jobs/view/desktop-support-technician-at-sharp-brains-4434861010,Desktop Support Technician,,scraped,2026-07-08T19:00:00.174627,
3acb14aae656951b,https://ee.linkedin.com/jobs/view/production-manager-at-lendurai-4434853188,Production Manager,,scraped,2026-07-08T19:00:08.919689,
2a79586f664b15c7,https://ee.linkedin.com/jobs/view/senior-product-manager-for-analytics-at-wrike-4416141919,Senior Product Manager for Analytics,Wrike,posted,2026-07-08T19:00:41.173811,262
ce19fb2e251fc956,https://ee.linkedin.com/jobs/view/lead-data-scientist-at-bondora-4437817046,Lead Data Scientist,,scraped,2026-07-08T19:00:48.062094,
1f7db1c2c7da4e35,https://ee.linkedin.com/jobs/view/wholesale-telecom-procurement-manager-at-retn-4438236111,Wholesale Telecom Procurement Manager,,scraped,2026-07-08T19:00:55.033269,
8bd7ac0e0798ec5a,https://ee.linkedin.com/jobs/view/m%C3%BC%C3%BCja-klienditeenindaja-circle-k-j%C3%B5geva-teenindusjaama-at-circle-k-4436207071,Müüja-klienditeenindaja Circle K JÕGEVA teenindusjaama,,scraped,2026-07-08T19:01:12.212320,
e01ce76bd420f7ec,https://ee.linkedin.com/jobs/view/m%C3%BC%C3%BCja-klienditeenindaja-circle-k-haljala-teenindusjaama-at-circle-k-4437031955,Müüja-klienditeenindaja Circle K HALJALA teenindusjaama,,scraped,2026-07-08T19:01:18.756384,
31f81c730e98ee48,https://ee.linkedin.com/jobs/view/hr-services-specialist-payroll-at-abb-4438207152,HR Services Specialist - Payroll,,scraped,2026-07-08T19:01:39.007639,
bcf5c2b9f909abc4,https://ee.linkedin.com/jobs/view/grow-marketing-manager-digital-marketing-manager-at-perfectlive-concierge-4412817435,Grow Marketing Manager / Digital Marketing Manager,,scraped,2026-07-08T19:01:51.897266,
3c15e801d7ef7be0,https://ee.linkedin.com/jobs/view/product-owner-ehealth-at-nortal-4434835161,Product Owner (eHealth),,scraped,2026-07-08T19:02:05.622572,
e03b9d73b7cc4569,https://ee.linkedin.com/jobs/view/senior-software-engineer-at-twilio-4429928611,Senior Software Engineer,Twilio,posted,2026-07-08T19:02:25.835104,264
b0e47032fbd23cb2,https://ee.linkedin.com/jobs/view/sr-product-manager-at-pendo-io-4427043507,Sr. Product Manager,Pendo.io,posted,2026-07-08T19:02:34.420076,266
36d1df638416fb0f,https://ee.linkedin.com/jobs/view/investment-services-analyst-at-luminor-group-4438259723,Investment Services Analyst,Luminor Group,posted,2026-07-08T19:02:54.229584,268
9be6f4930ed56779,https://ee.linkedin.com/jobs/view/systems-engineer-at-lendurai-4434858088,Systems Engineer,,scraped,2026-07-08T19:02:56.889486,
ed88d1036ffaca07,https://ee.linkedin.com/jobs/view/content-marketing-specialist-dach-at-fyul-4418941244,Content Marketing Specialist DACH,FYUL,posted,2026-07-08T19:03:14.217547,270
e6fe3a31764a9636,https://ee.linkedin.com/jobs/view/backend-engineer-m-w-d-at-kuehne%2Bnagel-4410250718,Backend Engineer (m/w/d),,scraped,2026-07-08T19:03:24.969916,
c076332a4f331408,https://ee.linkedin.com/jobs/view/expediter-at-linde-engineering-4438257989,Expediter,,scraped,2026-07-08T19:03:43.654439,
22861953189a5059,https://ee.linkedin.com/jobs/view/business-development-manager-networking-and-security-at-arrow-electronics-4410557375,Business Development Manager - Networking and Security,Arrow Electronics,posted,2026-07-08T19:04:04.693570,272
cbfb869f6a3540ab,https://ee.linkedin.com/jobs/view/senior-performance-marketing-specialist-at-bolt-4437055608,Senior Performance Marketing Specialist,,scraped,2026-07-08T19:04:07.406133,
8500ec7ad1ef306d,https://ee.linkedin.com/jobs/view/senior-product-designer-public-web-at-bolt-4436855334,"Senior Product Designer, Public Web",,scraped,2026-07-08T19:04:14.189795,
60d030912faadb7d,https://ee.linkedin.com/jobs/view/brand-marketing-lead-at-buenro-4438266748,Brand & Marketing Lead,Buenro,posted,2026-07-08T19:05:59.158601,274
b3dc1d5b3f47adee,https://ee.linkedin.com/jobs/view/desktop-support-technician-at-sharp-brains-solutions-4434821862,Desktop Support Technician,,scraped,2026-07-08T19:06:11.872785,
9d98052f587143ae,https://ee.linkedin.com/jobs/view/associate-manager-marketing-strategy-bangkok-based-relocation-provided-at-agoda-4410533790,"Associate Manager, Marketing Strategy (Bangkok Based, relocation provided)",Agoda,posted,2026-07-08T19:06:47.978894,276
3bf73c2e01367190,https://ee.linkedin.com/jobs/view/senior-software-developer-m-w-d-at-kuehne%2Bnagel-4438257636,Senior Software Developer (m/w/d),,scraped,2026-07-08T19:06:54.658010,
0dd7fa24dca14bcc,https://ee.linkedin.com/jobs/view/identity-governance-integration-expert-entra-id-omada-m-f-d-at-riverty-4437883332,Identity Governance & Integration Expert (Entra ID & Omada) (m/f/d),,scraped,2026-07-08T19:07:31.207159,
e20f2512a6f1ec1c,https://ee.linkedin.com/jobs/view/business-lead-pharma-bio-at-ut-centre-for-entrepreneurship-and-innovation-4438243753,Business Lead Pharma & Bio,,scraped,2026-07-08T23:45:59.167181,
081569b7d407390a,https://ee.linkedin.com/jobs/view/russian-language-expert-remote-at-yo-it-consulting-4436013724,Russian Language Expert - Remote,,scraped,2026-07-08T23:46:24.733644,
b819a877e963eb96,https://ee.linkedin.com/jobs/view/dc-operations-manager-at-rimi-baltic-group-4432756921,DC Operations Manager,,scraped,2026-07-08T23:46:53.212297,
c794c4ef241c688d,https://ee.linkedin.com/jobs/view/client-solutions-manager-tiktok-at-aleph-4418268332,Client Solutions Manager - TikTok,Aleph,posted,2026-07-08T23:47:13.537251,278
9c96cd9ae20fa9b1,https://ee.linkedin.com/jobs/view/senior-consultant-eu-public-advisory-at-civitta-4437020414,Senior Consultant | EU Public Advisory,,scraped,2026-07-08T23:47:16.174881,
5c4189146cd976f1,https://ee.linkedin.com/jobs/view/solutions-engineer-emea-select-by-doit-at-doit-4415242550,"Solutions Engineer, EMEA - SELECT by DoiT",DoiT,posted,2026-07-08T23:47:37.771331,280
cc4c990f873cbb30,https://ee.linkedin.com/jobs/view/pelletitehase-operaator-at-stora-enso-4435247166,Pelletitehase operaator,Stora Enso,posted,2026-07-08T23:48:13.542199,282
9bc9ea7efd6f782d,https://ee.linkedin.com/jobs/view/hooldustehnik-at-eesti-t%C3%B6%C3%B6tukassa-4436020572,Hooldustehnik,,scraped,2026-07-08T23:48:16.242159,
4e8a975af9cf8da3,https://ee.linkedin.com/jobs/view/compliance-generalist-at-nortal-4434533562,Compliance Generalist,,scraped,2026-07-08T23:48:23.373717,
b41e9a4b2b64652f,https://ee.linkedin.com/jobs/view/business-process-manager-at-stoneridge-4437880190,Business Process Manager,Stoneridge,posted,2026-07-08T23:48:45.057631,284
4dee935ec8fefd52,https://ee.linkedin.com/jobs/view/freelance-agent-evaluation-engineer-at-mindrift-4437152960,Freelance Agent Evaluation Engineer,Mindrift,posted,2026-07-08T23:49:04.905624,286
a232e12ed77310c9,https://ee.linkedin.com/jobs/view/estonian-prompt-creation-expert-at-welo-data-4435465123,Estonian Prompt Creation Expert,Welo Data,posted,2026-07-08T23:49:27.160610,288
92f13a39ea58f632,https://ee.linkedin.com/jobs/view/senior-product-designer-100%25-remote-emea-at-hostaway-4438273514,Senior Product Designer - 100% Remote - EMEA,,scraped,2026-07-08T23:50:11.899992,
359d7d07f80c2a64,https://ee.linkedin.com/jobs/view/recruiter-fixed-term-contract-at-stoneridge-4437882171,Recruiter (Fixed Term Contract),Stoneridge,posted,2026-07-08T23:50:43.029284,290
cc8042cc2314c27a,https://ee.linkedin.com/jobs/view/software-engineer-at-tuum-4429932332,Software Engineer,,scraped,2026-07-08T23:50:45.783157,
6a106263f24f1c99,https://ee.linkedin.com/jobs/view/andmeanal%C3%BC%C3%BCtika-vaneminsener-data-ai-juht-at-united-talents-4434840984,Andmeanalüütika vaneminsener / Data & AI juht,,scraped,2026-07-08T23:50:52.781364,
5cde38351636d0b2,https://ee.linkedin.com/jobs/view/deeptech-co-founder-cso-100-%25-remote-m-f-d-at-ewor-4435450592,DeepTech Co-Founder / CSO (100 % remote) (m/f/d),,scraped,2026-07-08T23:51:06.140700,
4b46b798e9f77952,https://ee.linkedin.com/jobs/view/senior-data-engineer-redshift-at-welltech-4438223917,Senior Data Engineer (Redshift),,scraped,2026-07-08T23:51:13.899583,
6fd74e1d3de380c2,https://ee.linkedin.com/jobs/view/senior-windows-edr-development-engineer-at-malwarebytes-4438292468,Senior Windows EDR Development Engineer,Malwarebytes,posted,2026-07-08T23:51:49.310560,292
3a7d2a35f5239121,https://ee.linkedin.com/jobs/view/manager-of-esd-and-layout-management-at-ericsson-4435460682,Manager of ESD and Layout Management,,scraped,2026-07-08T23:52:07.950962,
4a70844e66f188d5,https://ee.linkedin.com/jobs/view/senior-software-engineer-finance-core-accounting-at-wise-4437070350,Senior Software Engineer - Finance Core Accounting,,scraped,2026-07-08T23:52:28.197650,
df4ba29b96880ce6,https://ee.linkedin.com/jobs/view/eu-telemedicine-doctor-german-speaking-at-heliosx-group-4429551758,EU Telemedicine Doctor (German Speaking),,scraped,2026-07-08T23:52:40.635879,
95468faee093c1b1,https://ee.linkedin.com/jobs/view/klienditeeninduse-spetsialist-at-circle-k-4436200420,Klienditeeninduse spetsialist,,scraped,2026-07-08T23:52:53.190400,
bd741f90078689b9,https://ee.linkedin.com/jobs/view/hooldustehnik-at-stoneridge-4426493563,Hooldustehnik,Stoneridge,posted,2026-07-08T23:53:11.393580,294
b1ad7007f01d081c,https://ee.linkedin.com/jobs/view/supply-chain-planner-at-stoneridge-4438601449,Supply Chain Planner,Stoneridge,posted,2026-07-09T11:25:50.627234,296
dcc1497557d17067,https://ee.linkedin.com/jobs/view/siseaudiitor-at-enefit-4436711339,Siseaudiitor,,scraped,2026-07-09T11:25:53.282059,
feb9f9f7bab5cd7b,https://ee.linkedin.com/jobs/view/klaasivormimismasina-operaator-at-o-i-4308984092,Klaasivormimismasina operaator,O-I,posted,2026-07-09T11:26:15.459669,298
047e4c1a78d6bf4d,https://ee.linkedin.com/jobs/view/project-manager-at-bristol-city-council-4438114242,Project Manager,,scraped,2026-07-09T11:26:18.102234,
73933d77730f4886,https://ee.linkedin.com/jobs/view/aml-kyc-junior-manager-at-pawatech-4438210743,AML/KYC Junior Manager,,scraped,2026-07-09T11:26:34.551759,
a41cbe096f3e2da4,https://ee.linkedin.com/jobs/view/andmeinsener-at-lhv-4437410468,Andmeinsener,,scraped,2026-07-09T11:26:48.816082,
862f618c1b47b2f4,https://ee.linkedin.com/jobs/view/full-stack-developer-ai-solutions-at-psi-cro-4428972318,Full stack developer (AI Solutions),,scraped,2026-07-09T11:27:20.539021,
d969473da407f997,https://ee.linkedin.com/jobs/view/staff-incident-manager-at-jobgether-4437075598,Staff Incident Manager,,scraped,2026-07-09T11:27:30.394366,
1896f46766d9eea6,https://ee.linkedin.com/jobs/view/temenos-transact-functional-consultant-at-m%C3%BCller-s-solutions-4438624279,Temenos Transact Functional Consultant,,scraped,2026-07-09T11:27:42.873357,
50c6e497012a8b43,https://ee.linkedin.com/jobs/view/lead-sales-representative-at-pioneerlands-4433115666,Lead Sales Representative,,scraped,2026-07-09T11:27:49.718969,
4a3f2a06bac2b1cf,https://ee.linkedin.com/jobs/view/rendi-projektijuht-at-storent-europe-4438198280,Rendi projektijuht,,scraped,2026-07-09T11:27:58.076954,
69846a98834436f8,https://ee.linkedin.com/jobs/view/events-manager-at-psi-cro-4434550737,Events Manager,,scraped,2026-07-09T11:28:08.376091,
b9570191b49d807b,https://ee.linkedin.com/jobs/view/majandustarkvara-erp-s%C3%BCsteemianal%C3%BC%C3%BCtik-konsultant-at-oixio-digital-4438216841,Majandustarkvara (ERP) süsteemianalüütik-konsultant,,scraped,2026-07-09T11:28:18.163626,
fb29023103873d9e,https://ee.linkedin.com/jobs/view/marketing-manager-maternity-cover-dtc-e-commerce-100%25-remote-eu-at-foxelli-group-4438606133,Marketing Manager  (maternity cover)| DTC E-commerce | 100% Remote EU,,scraped,2026-07-09T11:28:41.230217,
8255dc3b585f056d,https://ee.linkedin.com/jobs/view/google-ads-manager-ai-native-at-ruby-labs-4437797787,Google Ads Manager (AI Native),Ruby Labs,posted,2026-07-09T11:28:57.544588,300
47ea9ad061d28d6f,https://ee.linkedin.com/jobs/view/growth-customer-success-manager-emea-at-remote-4438626524,Growth Customer Success Manager - EMEA,Remote,posted,2026-07-09T11:29:16.288606,302
41e4250ac7a3ce57,https://ee.linkedin.com/jobs/view/ai-infrastructure-co-founder-head-of-sales-100-%25-remote-m-f-d-at-ewor-4435467967,AI Infrastructure Co-Founder / Head of Sales (100 % remote) (m/f/d),,scraped,2026-07-09T11:29:23.004484,
b04c908c9ab9b9e5,https://ee.linkedin.com/jobs/view/senior-product-engineer-frontend-at-bondora-4438231761,"Senior Product Engineer, Frontend",,scraped,2026-07-09T11:29:29.602504,
016d7e9d2d7eae6a,https://ee.linkedin.com/jobs/view/executive-chef-at-park-inn-by-radisson-meriton-conference-spa-hotel-tallinn-4435663448,Executive Chef,Park Inn by Radisson Meriton Conference & Spa Hotel Tallinn,posted,2026-07-09T11:29:54.604238,304
897bbdcb38e36caa,https://ee.linkedin.com/jobs/view/supply-chain-planner-at-stoneridge-4438586943,Supply Chain planner,Stoneridge,scraped,2026-07-09T11:30:05.119409,
ed8108474b94c026,https://ee.linkedin.com/jobs/view/infoturbe-administraator-at-primend-4438253689,Infoturbe administraator,,scraped,2026-07-09T11:30:09.724990,
2387d8356d873aaa,https://ee.linkedin.com/jobs/view/deal-desk-associate-at-remote-4438266590,Deal Desk Associate,Remote,posted,2026-07-09T11:30:28.735295,306
0913bb62ed6c438c,https://ee.linkedin.com/jobs/view/senior-software-engineer-i-at-checkout-com-4427341667,Senior Software Engineer I,,scraped,2026-07-09T11:30:33.399865,
a0db123b119d24af,https://ee.linkedin.com/jobs/view/product-owner-ehealth-at-nortal-4435640540,Product Owner (eHealth),,scraped,2026-07-09T11:30:43.607843,
e0b417dda31cbb4e,https://ee.linkedin.com/jobs/view/digiturunduse-ja-sisuloome-spetsialist-at-estonian-green-export-o%C3%BC-4435650798,Digiturunduse ja sisuloome spetsialist,,scraped,2026-07-09T11:30:50.735599,
e6b822524d8ed3c9,https://ee.linkedin.com/jobs/view/senior-accountant-german-speaker-at-jobgether-4436034892,Senior Accountant (German Speaker),,scraped,2026-07-09T11:30:57.205152,
e39c76ca9009ce5e,https://ee.linkedin.com/jobs/view/hospital-specialist-at-syneos-health-commercial-solutions-4437860853,Hospital Specialist,Syneos Health Commercial Solutions,posted,2026-07-09T11:31:17.221304,308
c59dee70c068738e,https://ee.linkedin.com/jobs/view/software-engineer-at-hireright-4411206931,Software Engineer,HireRight,posted,2026-07-09T11:31:27.199802,310
2c91e8e3c4f9101a,https://ee.linkedin.com/jobs/view/senior-aso-manager-at-ruby-labs-4436929072,Senior ASO Manager,Ruby Labs,posted,2026-07-09T11:31:35.104483,312
f1be35e63a6ed224,https://ee.linkedin.com/jobs/view/geotechnical-manager-h-f-at-tso-rail-limited-4438623072,Geotechnical Manager H/F,,scraped,2026-07-09T11:31:39.764423,
9742808e315860c5,https://ee.linkedin.com/jobs/view/compliance-generalist-at-nortal-4434817975,Compliance Generalist,,scraped,2026-07-09T11:31:47.224525,
52dcdae437759d75,https://ee.linkedin.com/jobs/view/head-of-performance-at-bolt-4437017449,Head of Performance,,scraped,2026-07-09T11:31:58.110466,
41dcb26048ba8d60,https://ee.linkedin.com/jobs/view/finance-business-partner-servicing-at-wise-4428059448,Finance Business Partner - Servicing,,scraped,2026-07-09T11:32:06.634575,
d171c82fa289d8fe,https://ee.linkedin.com/jobs/view/senior-analytics-engineer-people-analytics-at-bolt-4437312139,"Senior Analytics Engineer, People Analytics",,scraped,2026-07-09T11:32:22.299548,
4caba9d368fbd30f,https://ee.linkedin.com/jobs/view/baam-control-specialist-at-wise-4416800102,BAAM Control Specialist,,scraped,2026-07-09T11:32:30.595832,
2fcd6787b77e9a92,https://ee.linkedin.com/jobs/view/business-development-lead-baltics-r5227-at-shield-ai-4430186870,"Business Development Lead, Baltics (R5227)",Shield AI,posted,2026-07-09T11:32:49.294206,314
278975df9552f40a,https://ee.linkedin.com/jobs/view/aws-engineer-at-luminor-group-4438622337,AWS Engineer,Luminor Group,posted,2026-07-09T11:33:10.919977,316
66a9439c4c513a6a,https://ee.linkedin.com/jobs/view/ai-driven-software-engineer-at-nortal-4423605951,AI-Driven Software Engineer,,scraped,2026-07-09T11:33:13.373693,
39d7bd12cf55d968,https://ee.linkedin.com/jobs/view/senior-frontend-developer-at-breakwater-technology-4438179852,Senior Frontend Developer,,scraped,2026-07-09T11:33:46.529886,
99f6f349a5c364be,https://ee.linkedin.com/jobs/view/senior-android-developer-core-product-at-malwarebytes-4438293464,Senior Android Developer - Core Product,Malwarebytes,posted,2026-07-09T11:34:00.924704,318
588e5c13c8e50c9b,https://ee.linkedin.com/jobs/view/head-of-assets-technology-disputes-legal-department-relocation-to-cyprus-at-freedom24-4438602114,"Head of Assets, Technology & Disputes Legal Department (Relocation to Cyprus)",,scraped,2026-07-09T11:34:07.558767,
15893569a4a95cd9,https://ee.linkedin.com/jobs/view/tech-lead-java-at-luminor-group-4438616553,Tech Lead (Java),Luminor Group,posted,2026-07-09T11:34:31.104076,320
3b41c4075255fda2,https://ee.linkedin.com/jobs/view/senior-qa-tester-paper-io-2-at-voodoo-4437849916,Senior QA Tester - Paper.io 2,,scraped,2026-07-09T11:34:35.777174,
fec5a9e3be544d3c,https://ee.linkedin.com/jobs/view/sr-clinical-project-manager-or-clinical-project-manager-ii-cell-gene-therapy-at-fortrea-4438629094,Sr. Clinical Project Manager or Clinical Project Manager II - Cell & Gene Therapy,Fortrea,posted,2026-07-09T11:35:02.862101,322
25432f026d87efc9,https://ee.linkedin.com/jobs/view/swedish-speaking-customer-support-specialist-travel-industry-at-concentrix-4423681330,Swedish-speaking Customer Support specialist (Travel industry),Concentrix,posted,2026-07-09T11:35:14.812338,324
b57d8e4304215faa,https://ee.linkedin.com/jobs/view/customer-support-operations-agent-dutch-speaker-at-bolt-4436818065,Customer Support Operations Agent - Dutch Speaker,,scraped,2026-07-09T11:35:17.494647,
395559cf1d8791eb,https://ee.linkedin.com/jobs/view/b4b-business-sales-development-manager-finnish-speaker-at-bolt-4437300707,B4B Business Sales Development Manager (Finnish Speaker),,scraped,2026-07-09T11:35:25.960567,
a2906e0a3a4b8471,https://ee.linkedin.com/jobs/view/service-depot-technician-at-repligen-corporation-4427725678,Service Depot Technician,Repligen Corporation,posted,2026-07-09T18:28:43.884163,326
c980372ab1d90a7b,https://ee.linkedin.com/jobs/view/data-steward-at-bigbank-4438603923,Data Steward,,scraped,2026-07-09T18:28:48.556318,
7a84352d0a9940d7,https://ee.linkedin.com/jobs/view/trade-compliance-specialist-m-f-d-at-linde-engineering-4438276245,Trade Compliance Specialist (m/f/d),,scraped,2026-07-09T18:29:18.962497,
7097c15f2b59a0b3,https://ee.linkedin.com/jobs/view/demand-management-analyst-at-wise-4437564460,Demand Management Analyst,Wise,posted,2026-07-09T18:30:25.813196,328
2d1d35d70be4f815,https://ee.linkedin.com/jobs/view/credit-risk-underwriting-modeller-at-inbank-4433736813,Credit Risk Underwriting Modeller,,scraped,2026-07-09T18:30:42.449883,
4775baf45a0b1b6b,https://ee.linkedin.com/jobs/view/sales-development-representative-enterprise-platforms-at-doit-4427377419,"Sales Development Representative, Enterprise Platforms",DoiT,posted,2026-07-09T18:31:08.615951,330
d49b4e9c3ea30664,https://ee.linkedin.com/jobs/view/puidut%C3%B6%C3%B6tlemispingi-operaator-at-eesti-t%C3%B6%C3%B6tukassa-4437553495,Puidutöötlemispingi operaator,,scraped,2026-07-09T18:31:13.396886,
083121980eefc1e4,https://ee.linkedin.com/jobs/view/customer-support-specialist-at-wallester-4434512564,Customer Support Specialist,,scraped,2026-07-09T18:31:20.324283,
832e7e3606f0b790,https://ee.linkedin.com/jobs/view/consumer-experience-programs-lead-at-philip-morris-international-4438236563,Consumer Experience Programs Lead,,scraped,2026-07-09T18:31:35.941293,
ff1521445a60db50,https://ee.linkedin.com/jobs/view/reporting-engineer-at-playtech-4437762286,Reporting Engineer,,scraped,2026-07-09T18:31:42.809170,
6ce673efed02e2d1,https://ee.linkedin.com/jobs/view/lifecycle-crm-manager-b2b-at-onoff-4436412223,Lifecycle CRM Manager B2B,,scraped,2026-07-09T18:31:53.242260,
fda2c09276a3852c,https://ee.linkedin.com/jobs/view/risk-officer-senior-risk-officer-independent-validation-rdarr-bcbs-239-seb-tallinn-at-seb-eesti-4438615735,"Risk officer / Senior Risk Officer (Independent Validation - RDARR / BCBS 239) | SEB, Tallinn",,scraped,2026-07-09T18:32:24.616899,
70414d43efc7b021,https://ee.linkedin.com/jobs/view/depot-specialist-robotaxi-fleet-operations-at-tsmg-holding-4437828996,Depot Specialist (Robotaxi Fleet Operations),,scraped,2026-07-09T18:32:34.160909,
ba6d27a62bc2f987,https://ee.linkedin.com/jobs/view/member-and-volunteer-at-political-organization-volt-eesti-at-volt-eesti-4435669499,Member and volunteer at political organization - Volt Eesti,Volt Eesti,posted,2026-07-09T18:33:06.658256,332
627fecb78765473f,https://ee.linkedin.com/jobs/view/senior-product-engineer-frontend-at-bondora-4438239399,"Senior Product Engineer, Frontend",,scraped,2026-07-09T18:33:21.331084,
bbefcc52dff3b877,https://ee.linkedin.com/jobs/view/programme-delivery-partner-stable-homes-x2-at-bristol-city-council-4438528821,Programme Delivery Partner - Stable Homes x2,,scraped,2026-07-09T18:33:30.779776,
f34e52c2192806e8,https://ee.linkedin.com/jobs/view/senior-product-manager-routing-live-traffic-at-bolt-4437005927,"Senior Product Manager, Routing & Live Traffic",,scraped,2026-07-09T18:33:50.637471,
f834f90af53c047d,https://ee.linkedin.com/jobs/view/talent-acquisition-lead-at-jobgether-4436543314,Talent Acquisition Lead,,scraped,2026-07-09T18:33:59.176545,
3243278a946024f7,https://ee.linkedin.com/jobs/view/bd-growth-ops-manager-at-bolt-4437567069,BD & Growth Ops Manager,,scraped,2026-07-09T18:34:09.974458,
76e4077c2a5ced10,https://ee.linkedin.com/jobs/view/data-analyst-internal-audit-at-wise-4419031163,Data Analyst - Internal Audit,Wise,posted,2026-07-09T18:35:16.303095,334
4c4d905aec208d7b,https://ee.linkedin.com/jobs/view/quality-assurance-team-lead-payment-operations-at-wise-4428708811,Quality Assurance Team Lead - Payment Operations,Wise,posted,2026-07-09T18:36:17.499451,336
8780f15f8a29295f,https://ee.linkedin.com/jobs/view/product-engineer-at-bisly-4435643249,Product Engineer,,scraped,2026-07-09T18:36:40.197397,
1dfa10760d1176ff,https://ee.linkedin.com/jobs/view/electronics-engineer-at-cleveron-4434852272,Electronics Engineer,,scraped,2026-07-09T18:37:01.090092,
371c33c9930ac80f,https://ee.linkedin.com/jobs/view/staff-software-engineer-at-helsing-4435902379,Staff Software Engineer,Helsing,posted,2026-07-09T18:37:34.212132,338
db237401f75da736,https://ee.linkedin.com/jobs/view/we%E2%80%99re-hiring-polish-speakers-remotely%21-at-katrium-4435658949,We’re hiring Polish speakers remotely!,Katrium,posted,2026-07-09T18:38:02.089868,340
5636241323aa3a39,https://ee.linkedin.com/jobs/view/senior-product-legal-counsel-at-fyul-4429964883,Senior Product Legal Counsel,FYUL,posted,2026-07-09T18:38:19.612516,342
1ba41305911795ca,https://ee.linkedin.com/jobs/view/account-manager-turkish-speaker-at-scrambly-4435690706,Account Manager - Turkish speaker,,scraped,2026-07-09T18:38:28.287354,
81b104e6b56f18a8,https://ee.linkedin.com/jobs/view/senior-expert-data-scientist-at-nordea-4438643119,Senior / Expert Data Scientist,,scraped,2026-07-09T18:38:37.085845,
af82f92b241984e8,https://ee.linkedin.com/jobs/view/viru-maakohtu-personalijuht-at-eesti-kohtud-4435648043,Viru Maakohtu personalijuht,,scraped,2026-07-09T18:38:43.533542,
52433bef0d07d139,https://ee.linkedin.com/jobs/view/credit-risk-underwriting-modeller-at-inbank-4438653056,Credit Risk Underwriting Modeller,,scraped,2026-07-09T18:38:50.863826,
2086b1d9f0b17e1e,https://ee.linkedin.com/jobs/view/senior-product-manager-supply-incentives-at-bolt-4437309211,"Senior Product Manager, Supply Incentives",,scraped,2026-07-09T18:39:00.367974,
cfb4b4efca5e2099,https://ee.linkedin.com/jobs/view/quality-specialist-at-stargate-hydrogen-4435674508,Quality Specialist,,scraped,2026-07-09T18:39:06.998931,
59abfb2e864bf44a,https://ee.linkedin.com/jobs/view/tarneahela-spetsialist-at-estonian-green-export-o%C3%BC-4435662472,Tarneahela spetsialist,,scraped,2026-07-09T18:39:15.861529,
d471b021312a0707,https://ee.linkedin.com/jobs/view/medical-director-ophthalmology-at-fortrea-4429972753,Medical Director - Ophthalmology,Fortrea,posted,2026-07-09T18:39:34.688938,344
89a0dffd5a79cfa0,https://ee.linkedin.com/jobs/view/associate-process-specialist-temporary-part-time-at-nordea-4438643106,"Associate Process Specialist (temporary, part-time)",,scraped,2026-07-09T18:39:37.302899,
8729273f18854161,https://ee.linkedin.com/jobs/view/senior-qa-automation-engineer-at-hireright-4389489820,Senior QA Automation Engineer,HireRight,posted,2026-07-09T18:40:22.693172,346
6462b19d3ea13401,https://ee.linkedin.com/jobs/view/senior-front-end-software-engineer-for-baltic-web-ui-team-angular-at-swedbank-estonia-4433920119,Senior Front-End Software Engineer for Baltic Web & UI Team (Angular),,scraped,2026-07-09T18:40:47.240788,
e47120f24f3b6ab3,https://ee.linkedin.com/jobs/view/it-service-desk-specialist-at-admirals-4438605223,IT Service Desk Specialist,Admirals,posted,2026-07-09T23:55:33.510466,348
9f8fccf903a3a79f,https://ee.linkedin.com/jobs/view/director-marketing-at-nasdaq-4411460116,Director - Marketing,Nasdaq,posted,2026-07-09T23:55:47.233844,350
94a733dc60ad32e8,https://ee.linkedin.com/jobs/view/sales-operations-specialist-at-stebby-4435666661,Sales Operations Specialist,,scraped,2026-07-09T23:56:31.826851,
82dd64a34947c65b,https://ee.linkedin.com/jobs/view/product-owner-for-tax-compliance-team-at-finance-and-risk-tribe-seb-tallinn-at-seb-eesti-4438600456,"Product Owner for Tax Compliance team at Finance and Risk Tribe | SEB, Tallinn",,scraped,2026-07-09T23:57:09.912696,
414f2a123b850fb8,https://ee.linkedin.com/jobs/view/vanemtooteinsener-at-lhv-4437419343,Vanemtooteinsener,,scraped,2026-07-09T23:57:21.181511,
b785c7559c1ac6c3,https://ee.linkedin.com/jobs/view/lead-data-scientist-at-bondora-4437801541,Lead Data Scientist,,scraped,2026-07-09T23:57:44.889628,
c3f64486e0f54f48,https://ee.linkedin.com/jobs/view/ios-engineer-at-jobgether-4437363861,iOS Engineer,,scraped,2026-07-09T23:58:17.651187,
efc8c1557b67ef10,https://ee.linkedin.com/jobs/view/responsable-programmes-formation-tech-at-formacash-o%C3%BC-4438640782,Responsable Programmes Formation tech,Formacash OÜ,posted,2026-07-09T23:58:38.318442,352
19db08533e90a37d,https://ee.linkedin.com/jobs/view/machine-learning-ops-and-data-engineer-at-tf-bank-ab-publ-4437592536,Machine Learning Ops and Data Engineer,,scraped,2026-07-09T23:58:42.962398,
ae8201074a70657f,https://ee.linkedin.com/jobs/view/merchant-services-associate-at-wolt-4437056862,Merchant Services Associate,,scraped,2026-07-09T23:58:51.724950,
9854ff10e37e7845,https://ee.linkedin.com/jobs/view/platform-security-engineer-at-jobgether-4437534769,Platform Security Engineer,,scraped,2026-07-09T23:59:52.997314,
f299962080182fee,https://ee.linkedin.com/jobs/view/customer-support-representative-dutch-speaking-at-servora-international-4434855399,Customer Support Representative (Dutch Speaking),,scraped,2026-07-10T00:00:15.182439,
62e9f66e890f75bb,https://ee.linkedin.com/jobs/view/credit-specialist-german-speaking-at-tf-bank-ab-publ-4437903007,Credit Specialist (German-speaking),,scraped,2026-07-10T00:00:41.635708,
9d5b953989870c55,https://ee.linkedin.com/jobs/view/marketing-manager-maternity-cover-dtc-e-commerce-100%25-remote-eu-at-foxelli-group-4438590713,Marketing Manager  (maternity cover)| DTC E-commerce | 100% Remote EU,,scraped,2026-07-10T00:00:56.205011,
7bcd52b50c17d2d8,https://ee.linkedin.com/jobs/view/senior-tech-generalist-software-engineer-at-capchase-4438625969,Senior Tech Generalist (Software Engineer),Capchase,posted,2026-07-10T00:01:17.805214,354
f45ac081391f20af,https://ee.linkedin.com/jobs/view/founding-cto-ai-ml-data-product-at-startup-wise-guys-4435696469,Founding CTO (AI/ML / Data Product),,scraped,2026-07-10T00:01:20.706966,
93ee1c20cec60805,https://ee.linkedin.com/jobs/view/software-engineer-to-credit-decisions-team-at-swedbank-estonia-4427364631,Software Engineer to Credit Decisions team,,scraped,2026-07-10T00:02:49.861848,
6df79f7759d03b66,https://ee.linkedin.com/jobs/view/pearaamatupidaja-at-cvkeskus-ee-4435692634,PEARAAMATUPIDAJA,,scraped,2026-07-10T00:02:57.368074,
9118f7caa1132658,https://ee.linkedin.com/jobs/view/production-planner-at-jotel-4357572301,Production Planner,,scraped,2026-07-10T10:44:21.324776,
9ec68c9328575526,https://ee.linkedin.com/jobs/view/senior-2d-artist-at-plummy-games-4437902174,Senior 2D Artist,,scraped,2026-07-10T10:44:29.912176,
6581b71634a04be3,https://ee.linkedin.com/jobs/view/vastavusjuht-at-cr14-4438601948,Vastavusjuht,CR14,posted,2026-07-10T10:44:51.365358,356
13167cb4d972e6f5,https://ee.linkedin.com/jobs/view/rimi-keskk%C3%B6%C3%B6gi-kvaliteedijuht-at-rimi-baltic-group-4435960851,Rimi keskköögi kvaliteedijuht,,scraped,2026-07-10T10:44:53.974314,
e6c502564b4473a7,https://ee.linkedin.com/jobs/view/ostu-ja-hankejuht-at-eltech-solutions-o%C3%BC-4435960406,Ostu- ja hankejuht,,scraped,2026-07-10T10:45:06.657880,
e3e70125a5afba93,https://ee.linkedin.com/jobs/view/fullstack-media-buyer-tallinn-estonia-on-site-hybrid-pop-push-igaming-adult-j498-at-affjobs-4439031629,"Fullstack Media Buyer | Tallinn, Estonia (On-site/Hybrid) | Pop/push/iGaming/adult J498",,scraped,2026-07-10T10:45:14.795364,
e79bbdaeefdafbf6,https://ee.linkedin.com/jobs/view/hr-bp-hrd-core-business-unit-at-jobgether-4437979005,HR BP/HRD (Core Business Unit),,scraped,2026-07-10T10:45:28.955502,
8bcac392f0e8881e,https://ee.linkedin.com/jobs/view/statistician-psychometrician-homebased-at-iqvia-4437570780,STATISTICIAN/PSYCHOMETRICIAN - Homebased,IQVIA,posted,2026-07-10T10:45:57.205209,358
23d3ae4410704f6e,https://ee.linkedin.com/jobs/view/andmeinsener-at-lhv-4438204108,Andmeinsener,,scraped,2026-07-10T10:45:59.862749,
577bc1d0bf72d10a,https://ee.linkedin.com/jobs/view/customer-support-specialist-at-vool-4438888254,Customer Support Specialist,,scraped,2026-07-10T10:46:11.352983,
9f5df7229853d99d,https://ee.linkedin.com/jobs/view/laenuhaldur-at-luminor-group-4437937497,Laenuhaldur,Luminor Group,posted,2026-07-10T10:46:42.419153,360
4d8f4a0798897794,https://ee.linkedin.com/jobs/view/non-financial-risk-control-specialist-at-inbank-4435688345,Non-Financial Risk Control Specialist,,scraped,2026-07-10T10:47:03.083690,
72de3ea02ee29429,https://ee.linkedin.com/jobs/view/senior-email-marketing-manager-at-ruby-labs-4436743256,Senior Email Marketing Manager,Ruby Labs,posted,2026-07-10T10:47:16.374435,362
da4497edb062834f,https://ee.linkedin.com/jobs/view/finance-and-office-manager-at-american-councils-for-international-education-baltics-4435966451,Finance and Office Manager,,scraped,2026-07-10T10:47:43.049473,
868238ce76608e3d,https://ee.linkedin.com/jobs/view/microsoft-fabric-engineer-at-berrybytes-4436974880,Microsoft Fabric Engineer,,scraped,2026-07-10T10:47:53.445044,
fd08319eab037f77,https://ee.linkedin.com/jobs/view/ai-infrastructure-co-founder-head-of-sales-100-%25-remote-m-f-d-at-ewor-4435475604,AI Infrastructure Co-Founder / Head of Sales (100 % remote) (m/f/d),,scraped,2026-07-10T10:48:03.235254,
2e3e4c6952535f98,https://ee.linkedin.com/jobs/view/senior-central-accountant-at-bolt-4437549836,Senior Central Accountant,,scraped,2026-07-10T10:48:21.856392,
7b6d45dd3dbb89fd,https://ee.linkedin.com/jobs/view/data-analyst-at-coolbet-4435950743,Data Analyst,Coolbet,posted,2026-07-10T10:48:48.969824,364
70e134314dc533cd,https://ee.linkedin.com/jobs/view/certification-specialist-at-relax-gaming-ltd-4419891705,Certification Specialist,Relax Gaming Ltd,posted,2026-07-10T10:49:36.773276,366
895b09f5251e18af,https://ee.linkedin.com/jobs/view/sales-representative-tallin-at-iressco-estonia-4435971385,Sales Representative - Tallin,IRESSCO Estonia,posted,2026-07-10T10:49:46.235896,368
98585da5672057fe,https://ee.linkedin.com/jobs/view/team-lead-at-lorex-grupp-estonia-%F0%9F%87%AA%F0%9F%87%AA-4437973121,Team Lead,,scraped,2026-07-10T10:49:48.889812,
c25ddf9c99204302,https://ee.linkedin.com/jobs/view/key-account-manager-at-powerfleet-4429346214,Key Account Manager,Powerfleet,posted,2026-07-10T10:50:03.408802,370
d64a309f4043c531,https://ee.linkedin.com/jobs/view/senior-hr-generalist-at-betsson-group-4438614883,Senior HR Generalist,,scraped,2026-07-10T10:50:18.085726,
fcbd1fb4c61775e7,https://ee.linkedin.com/jobs/view/heating-and-air-conditioning-engineer-4435958878,Heating And Air Conditioning Engineer,iConsultation OÜ,posted,2026-07-10T10:50:40.535633,372
357dc6c014fa0955,https://ee.linkedin.com/jobs/view/ux-ui-designer-user-experience-team-at-authority-gain-4436993009,"UX/UI Designer, User Experience Team",,scraped,2026-07-10T10:51:11.406369,
727e48c293080361,https://ee.linkedin.com/jobs/view/credit-specialist-at-avarda-bank-ab-publ-4435951889,Credit Specialist,,scraped,2026-07-10T10:51:36.935866,
a7a7fc3c138f7d0d,https://ee.linkedin.com/jobs/view/system-analyst-administrator-cards-team-at-luminor-group-4438668708,System Analyst / Administrator (Cards Team),Luminor Group,posted,2026-07-10T10:52:03.000178,374
3f5bf625e08328a4,https://ee.linkedin.com/jobs/view/senior-java-software-engineer-core-api-unit-at-luminor-group-4429799752,Senior Java Software Engineer (Core API Unit),Luminor Group,posted,2026-07-10T10:52:17.562537,376
622ebbb755c9797c,https://ee.linkedin.com/jobs/view/senior-credit-risk-modeller-at-inbank-4438637201,Senior Credit Risk Modeller,,scraped,2026-07-10T10:52:24.215334,
151139962d1be9ae,https://ee.linkedin.com/jobs/view/senior-software-engineer-frontend-consumer-at-kraken-4437058590,Senior Software Engineer - Frontend - Consumer,Kraken,posted,2026-07-10T10:53:18.698221,378
44b5fa9f708e35c1,https://ee.linkedin.com/jobs/view/senior-front-end-software-engineer-for-baltic-web-ui-team-angular-at-swedbank-estonia-4433904768,Senior Front-End Software Engineer for Baltic Web & UI Team (Angular),,scraped,2026-07-10T10:53:25.224796,
5afd3dcdf5d3a743,https://ee.linkedin.com/jobs/view/senior-analyst-associate-manager-marketing-strategy-bangkok-based-relocation-provided-at-agoda-4410526983,"Senior Analyst/ Associate Manager, Marketing Strategy (Bangkok based/ Relocation provided)",Agoda,posted,2026-07-10T10:53:43.258830,380
6f66d452255faeb8,https://ee.linkedin.com/jobs/view/m%C3%BC%C3%BCja-klienditeenindaja-circle-k-mustvee-teenindusjaama-at-circle-k-4408693643,Müüja-klienditeenindaja Circle K MUSTVEE teenindusjaama,,scraped,2026-07-10T10:53:51.690320,
3e434856c07c8676,https://ee.linkedin.com/jobs/view/head-of-sales-ee-at-eesti-energia-4438261238,Head of Sales EE,,scraped,2026-07-10T18:09:54.664656,
0c3e4e0aa32d26cb,https://ee.linkedin.com/jobs/view/junior-marketing-designer-at-lendermarket-4435687575,Junior Marketing Designer,,scraped,2026-07-10T18:10:01.402386,
75fe42d32f347bbc,https://ee.linkedin.com/jobs/view/application-engineer-ai-data-centers-m-f-x-at-skeleton-technologies-4439062464,Application Engineer - AI Data Centers (m/f/x),,scraped,2026-07-10T18:10:16.604942,
abf92fe59715a837,https://ee.linkedin.com/jobs/view/dc-operations-manager-at-rimi-baltic-group-4435968154,DC Operations Manager,,scraped,2026-07-10T18:10:23.278323,
6ee9daa3830df2c0,https://ee.linkedin.com/jobs/view/s%C3%B6%C3%B6tja-at-eesti-t%C3%B6%C3%B6tukassa-4438332097,Söötja,,scraped,2026-07-10T18:10:30.357354,
351e6fa2b20b90ad,https://ee.linkedin.com/jobs/view/flight-operations-engineer-at-marabu-airlines-4438303122,Flight Operations Engineer,Marabu Airlines,posted,2026-07-10T18:10:42.820323,148
bb42a3a3fb8afa10,https://ee.linkedin.com/jobs/view/hr-administrator-at-sd-worx-4436882398,Hr Administrator,,scraped,2026-07-10T18:10:45.459247,
7ef43327d46d4ded,https://ee.linkedin.com/jobs/view/software-developer-at-wooxy-4439066845,Software Developer,,scraped,2026-07-10T18:10:54.304571,
4e50ede44cf21697,https://ee.linkedin.com/jobs/view/klienditeenindaja-at-eesti-t%C3%B6%C3%B6tukassa-4438317778,Klienditeenindaja,,scraped,2026-07-10T18:11:01.455637,
2455d0e41e8d7302,https://ee.linkedin.com/jobs/view/office-assistant-at-nabuminds-4435684513,Office Assistant,,scraped,2026-07-10T18:11:26.250546,
cd2f479de9b27114,https://ee.linkedin.com/jobs/view/javascript-typescript-engineer-react-several-openings-at-evolution-4435975431,JavaScript / TypeScript Engineer (React) - Several Openings,,scraped,2026-07-10T18:11:44.892373,
06a5354031d0f209,https://ee.linkedin.com/jobs/view/b2b-m%C3%BC%C3%BCgispetsialist-at-frostpro-eesti-o%C3%BC-4407765274,B2B MÜÜGISPETSIALIST,,scraped,2026-07-10T18:11:58.225853,
75a733fbc3b3d74d,https://ee.linkedin.com/jobs/view/customer-service-specialists-with-hebrew-skills-at-concentrix-4361893056,Customer Service Specialists with Hebrew skills,Concentrix,posted,2026-07-10T18:12:29.645451,382
ff0b879692d88729,https://ee.linkedin.com/jobs/view/devops-engineer-at-luminor-group-4439321041,DevOps Engineer,Luminor Group,posted,2026-07-10T18:12:56.739158,156
f7a1cf129c503069,https://ee.linkedin.com/jobs/view/head-of-advertiser-success-traforama-remote-at-adspyglass-4439302424,Head of Advertiser Success Traforama (remote),,scraped,2026-07-10T18:14:03.438675,
eeb16403e2034510,https://ee.linkedin.com/jobs/view/lead-data-analyst-at-wise-4377939987,Lead Data Analyst,,scraped,2026-07-10T18:14:16.146915,
080fd66e233f81dd,https://ee.linkedin.com/jobs/view/expansion-lead-at-bolt-4437060431,Expansion Lead,,scraped,2026-07-10T18:14:26.039854,
72eb42870669cba6,https://ee.linkedin.com/jobs/view/senior-fp-a-lead-planning-modelling-at-bolt-4436844867,"Senior FP&A Lead, Planning & Modelling",,scraped,2026-07-10T18:14:40.725661,
8cad9634d2537012,https://ee.linkedin.com/jobs/view/expediter-at-linde-europe-4437092280,Expediter,,scraped,2026-07-10T18:14:49.277027,
99f9935e8cef7c0c,https://ee.linkedin.com/jobs/view/software-development-engineer-at-stoneridge-4429597582,Software Development Engineer,Stoneridge,posted,2026-07-10T18:15:22.753647,384
853981e1ba762074,https://ee.linkedin.com/jobs/view/senior-software-engineer-windows-edr-at-malwarebytes-4439001633,Senior Software Engineer - Windows EDR,Malwarebytes,posted,2026-07-10T18:15:44.707565,386
6076b8c54c93fc70,https://ee.linkedin.com/jobs/view/senior-ai-engineer-at-nortal-4439002730,Senior AI Engineer,,scraped,2026-07-10T18:16:05.356015,
b33c47727bd7928f,https://ee.linkedin.com/jobs/view/senior-data-scientist-credit-risk-expert-at-creditstar-group-4439035047,Senior Data Scientist - Credit Risk Expert,,scraped,2026-07-10T18:16:18.712680,
43c0c076f7cb5471,https://ee.linkedin.com/jobs/view/senior-accountant-finnish-entity-oy-m-f-x-at-skeleton-technologies-4439019545,"Senior Accountant, Finnish Entity (OY) (m/f/x)",,scraped,2026-07-10T18:16:29.528397,
010fc2cf214cbd0a,https://ee.linkedin.com/jobs/view/senior-software-engineer-windows-edr-at-malwarebytes-4438292468,Senior Software Engineer - Windows EDR,Malwarebytes,posted,2026-07-10T18:16:44.264763,386
9a3b66edf75116db,https://ee.linkedin.com/jobs/view/software-engineer-microsoft-business-central-specialist-at-wise-4437905652,Software Engineer - Microsoft Business Central Specialist,,scraped,2026-07-10T18:17:02.955871,
e8fb177281dc49a4,https://ee.linkedin.com/jobs/view/senior-software-engineer-product-platform-at-veriff-4417245902,Senior Software Engineer (Product Platform),Veriff,posted,2026-07-10T18:17:49.353901,388
5777b28256f9ca2e,https://ee.linkedin.com/jobs/view/senior-engineering-lead-generative-ai-platform-at-wise-4429386378,Senior Engineering Lead - Generative AI Platform,,scraped,2026-07-10T18:17:52.066369,
5c474cbf45e91f82,https://ee.linkedin.com/jobs/view/motion-designer-remote-at-pragmatike-4439354229,Motion Designer (Remote),,scraped,2026-07-10T23:18:20.860877,
61f9ee750d071e44,https://ee.linkedin.com/jobs/view/shop-shift-lead-m-f-d-at-flix-4438800788,Shop Shift Lead (m/f/d),,scraped,2026-07-10T23:18:47.131043,
74ca585f07e1a899,https://ee.linkedin.com/jobs/view/enegiakeskuste-hooldusspetsialist-ida-virumaa-at-v%C3%A4rmev%C3%A4rden-ab-4437972254,ENEGIAKESKUSTE HOOLDUSSPETSIALIST (Ida Virumaa),,scraped,2026-07-10T23:18:55.461020,
609a94a921865a7a,https://ee.linkedin.com/jobs/view/juhtimiskeskuse-spetsialist-energiakeskused-at-v%C3%A4rmev%C3%A4rden-ab-4437970289,JUHTIMISKESKUSE SPETSIALIST (energiakeskused),,scraped,2026-07-10T23:19:06.400480,
fd553721fbb0008a,https://ee.linkedin.com/jobs/view/risk-business-continuity-management-expert-at-rimi-baltic-group-4435964382,Risk & Business Continuity Management Expert,,scraped,2026-07-10T23:19:13.515909,
c7a1a394c5112320,https://ee.linkedin.com/jobs/view/b2b-kliendisuhete-arendaja-at-rolling-o%C3%BC-4435666130,B2B KLIENDISUHETE ARENDAJA,,scraped,2026-07-10T23:19:56.548851,
6b54b9a2554e2b46,https://ee.linkedin.com/jobs/view/marketing-manager-at-wooxy-4439082165,Marketing Manager,,scraped,2026-07-10T23:20:51.453860,
e2256721be2e7c63,https://ee.linkedin.com/jobs/view/konami-slot-technician-biloxi-ms-at-konami-gaming-inc-4439375137,"Konami Slot Technician - Biloxi, MS","Konami Gaming, Inc.",posted,2026-07-10T23:21:09.491468,390
a252694da2ca7230,https://ee.linkedin.com/jobs/view/user-acquisition-manager-snapchat-ads-at-ruby-labs-4439356256,User Acquisition Manager (Snapchat ads),Ruby Labs,posted,2026-07-10T23:21:30.517345,392
10435e357b8d14d1,https://ee.linkedin.com/jobs/view/adops-specialist-remote-at-adspyglass-4439097652,AdOps specialist (remote),,scraped,2026-07-10T23:21:51.106002,
6725abe32c74993a,https://ee.linkedin.com/jobs/view/financial-advisor-for-businesses-at-think-trade-finance-4436609558,financial advisor for businesses,,scraped,2026-07-10T23:21:57.686065,
64d0532f20419dac,https://ee.linkedin.com/jobs/view/principal-ai-ml-scientist-engineer-at-pipedrive-4402930498,Principal AI/ML Scientist & Engineer,Pipedrive,posted,2026-07-10T23:22:39.915717,394
6411eb95b0b83301,https://ee.linkedin.com/jobs/view/quality-metrology-specialist-kvaliteedi-ja-m%C3%B5%C3%B5telaborispetsialist-at-zircon-group-4436602878,Quality & Metrology Specialist (Kvaliteedi- ja mõõtelaborispetsialist),,scraped,2026-07-10T23:22:46.282488,
cea2ab4be5421236,https://ee.linkedin.com/jobs/view/circular-economy-co-founder-cfo-100-%25-remote-m-f-d-at-ewor-4438345776,Circular Economy Co-Founder / CFO (100 % remote) (m/f/d),,scraped,2026-07-10T23:22:58.447751,
3ee77f81b929dfd2,https://ee.linkedin.com/jobs/view/senior-data-platform-engineer-at-omniva-4439036548,Senior Data Platform Engineer,,scraped,2026-07-10T23:23:04.926970,
70a9f0d82fe55ba8,https://ee.linkedin.com/jobs/view/ai-infrastructure-co-founder-cso-100-%25-remote-m-f-d-at-ewor-4438349720,AI Infrastructure Co-Founder / CSO (100 % remote) (m/f/d),,scraped,2026-07-10T23:23:15.680453,
4b4120a533be06a6,https://ee.linkedin.com/jobs/view/credit-risk-manager-at-luminor-group-4438668711,Credit Risk Manager,Luminor Group,posted,2026-07-10T23:23:37.901844,396
b9debf437c05273b,https://ee.linkedin.com/jobs/view/high-volume-support-specialist-at-wise-4428045489,High Volume Support Specialist,,scraped,2026-07-10T23:23:42.519450,
c945191b63c282bf,https://ee.linkedin.com/jobs/view/product-lead-portfolio-midcore-games-at-voodoo-4430916499,Product Lead - Portfolio Midcore Games,,scraped,2026-07-10T23:24:36.358782,
29bc57cafd685931,https://ee.linkedin.com/jobs/view/senior-seo-content-strategist-at-jobgether-4437011958,Senior SEO Content Strategist,,scraped,2026-07-10T23:24:50.809713,
073369975f45074e,https://ee.linkedin.com/jobs/view/procurement-vendor-strategy-consultant-part-time-at-jobgether-4437961287,Procurement & Vendor Strategy Consultant (Part-Time),,scraped,2026-07-10T23:25:01.312420,
94edc170e9fd36eb,https://ee.linkedin.com/jobs/view/senior-software-engineer-i-aml-at-wise-4429320494,Senior Software Engineer I - AML,,scraped,2026-07-10T23:25:07.460165,
c9dc10dcca0d097c,https://ee.linkedin.com/jobs/view/kokk-at-eesti-t%C3%B6%C3%B6tukassa-4438311974,Kokk,,scraped,2026-07-11T07:23:15.949299,
587ada68f997a07c,https://ee.linkedin.com/jobs/view/karjak-at-eesti-t%C3%B6%C3%B6tukassa-4438902688,Karjak,,scraped,2026-07-11T07:23:22.748598,
71a6e4bc27fdb3d1,https://ee.linkedin.com/jobs/view/tiktok-shop-specialist-at-jobscroller-4438909336,TikTok Shop Specialist,JobScroller,posted,2026-07-11T07:23:43.447023,398
902c238c7d912bef,https://ee.linkedin.com/jobs/view/operator-at-stoneridge-4402248408,Operator,Stoneridge,posted,2026-07-11T07:23:54.076676,400
ba86f443fcbe34e4,https://ee.linkedin.com/jobs/view/manager-study-start-up-at-emerald-clinical-4438324459,"Manager, Study Start Up",,scraped,2026-07-11T07:24:06.708286,
77d0b13275ba477c,https://ee.linkedin.com/jobs/view/product-manager-%E2%80%93-growth-remote-at-pragmatike-4439343609,Product Manager – Growth (Remote),,scraped,2026-07-11T07:24:17.419537,
cd36880823a5d97e,https://ee.linkedin.com/jobs/view/h%C3%B6%C3%B6velmasina-operaator-at-eesti-t%C3%B6%C3%B6tukassa-4437568051,Höövelmasina operaator,,scraped,2026-07-11T07:24:25.782955,
0316735369b24936,https://ee.linkedin.com/jobs/view/customer-experience-manager-at-jobscroller-4438925035,Customer Experience Manager,JobScroller,posted,2026-07-11T07:24:40.957979,402
558737ee935e995b,https://ee.linkedin.com/jobs/view/ap-accountant-at-konecranes-4434847855,AP Accountant,,scraped,2026-07-11T07:25:07.550853,
9808cc57f9644351,https://ee.linkedin.com/jobs/view/tootmist%C3%B6%C3%B6taja-at-eesti-t%C3%B6%C3%B6tukassa-4438915194,Tootmistöötaja,,scraped,2026-07-11T07:25:38.133161,
5ffd701cae3fe24c,https://ee.linkedin.com/jobs/view/back-end-developer-intern-at-elladium-holding-ltd-4438636083,Back-End Developer Intern,Elladium Holding Ltd.,posted,2026-07-11T07:26:05.674926,404
d34b0f5d90d278a7,https://ee.linkedin.com/jobs/view/abikokk-at-eesti-t%C3%B6%C3%B6tukassa-4438901835,Abikokk,,scraped,2026-07-11T07:26:24.221978,
ce5faf949b79536f,https://ee.linkedin.com/jobs/view/browser-host-remote-passive-income-at-ceki-%E2%80%94-time-marketplace-4438629558,"Browser Host (Remote, Passive Income)",Ceki — Time marketplace.,posted,2026-07-11T07:26:54.537497,406
3df4c5cc003a0a63,https://ee.linkedin.com/jobs/view/staff-incident-manager-at-jobscroller-4438908062,Staff Incident Manager,JobScroller,posted,2026-07-11T07:27:11.909261,408
d4eef8b6218b2e55,https://ee.linkedin.com/jobs/view/gohighlevel-crm-automation-administrator-at-jobscroller-4438907227,GoHighLevel CRM & Automation Administrator,JobScroller,posted,2026-07-11T07:27:22.867058,410
eba732eea9f7faa5,https://ee.linkedin.com/jobs/view/keskkonnaspetsialist-at-eesti-t%C3%B6%C3%B6tukassa-4437551653,Keskkonnaspetsialist,,scraped,2026-07-11T07:27:27.232325,
233ff79668b57a6a,https://ee.linkedin.com/jobs/view/hr-bp-hrd-core-business-unit-at-jobscroller-4438399546,HR BP/HRD (Core Business Unit),JobScroller,posted,2026-07-11T07:28:03.150840,412
47677db07ef426c9,https://ee.linkedin.com/jobs/view/ios-engineer-at-jobscroller-4438908172,iOS Engineer,JobScroller,posted,2026-07-11T07:28:20.299572,414
b08fb2b8fedb9b8f,https://ee.linkedin.com/jobs/view/hrd-hr-business-partner-investment-platform-portfolio-companies-at-jobscroller-4438916092,HRD / HR Business Partner (Investment Platform & Portfolio Companies),JobScroller,posted,2026-07-11T07:28:31.821304,416
4a9fcecff856934e,https://ee.linkedin.com/jobs/view/platform-security-engineer-at-jobscroller-4438396658,Platform Security Engineer,JobScroller,posted,2026-07-11T07:28:52.214780,418
9ac47262bfec83bd,https://ee.linkedin.com/jobs/view/cloud-engineer-at-haystack-4438913534,Cloud Engineer,,scraped,2026-07-11T07:28:54.887759,
817af4fc07bc350a,https://ee.linkedin.com/jobs/view/circular-economy-co-founder-cso-100-%25-remote-m-f-d-at-ewor-4438363036,Circular Economy Co-Founder / CSO (100 % remote) (m/f/d),,scraped,2026-07-11T07:29:13.456325,
a82fc212d5136276,https://ee.linkedin.com/jobs/view/deeptech-co-founder-head-of-sales-100-%25-remote-m-f-d-at-ewor-4438340962,DeepTech Co-Founder / Head of Sales (100 % remote) (m/f/d),,scraped,2026-07-11T07:29:36.039433,
af81e32f22f955a4,https://ee.linkedin.com/jobs/view/senior-2d-artist-at-remotefront-4438334834,Senior 2D Artist,RemoteFront,posted,2026-07-11T07:30:00.274189,420
a55f071d299e2a86,https://ee.linkedin.com/jobs/view/desktop-support-specialist-at-sharp-brains-4434842311,Desktop Support Specialist,,scraped,2026-07-11T07:30:02.877366,
c9e7f33f0ba4f899,https://ee.linkedin.com/jobs/view/praktikakoht-at-danish-agro-4439004514,Praktikakoht,,scraped,2026-07-11T07:30:15.661265,
0304edfe9f8cb71d,https://ee.linkedin.com/jobs/view/trade-compliance-specialist-m-f-d-at-linde-europe-4437090371,Trade Compliance Specialist (m/f/d),,scraped,2026-07-11T07:30:29.675471,
b6577154609117c7,https://ee.linkedin.com/jobs/view/cloud-engineer-at-haystack-4438904746,Cloud Engineer,,scraped,2026-07-11T07:30:44.668066,
cdc179fb77435b2c,https://ee.linkedin.com/jobs/view/sous-chef-4435646120,Sous Chef,Tõnis Saar Gastronomy,posted,2026-07-11T07:31:09.283315,422
b0c0f9d715fe4154,https://ee.linkedin.com/jobs/view/tarkvaraarhitekt-at-university-of-tartu-4436668061,Tarkvaraarhitekt,University of Tartu,posted,2026-07-11T07:31:25.702699,424
603a9e78cb41ed04,https://ee.linkedin.com/jobs/view/senior-software-engineer-windows-edr-at-malwarebytes-4439020068,Senior Software Engineer - Windows EDR,Malwarebytes,posted,2026-07-11T07:32:07.281260,386
bcefd05d87f42c55,https://ee.linkedin.com/jobs/view/teenindaja-at-eesti-t%C3%B6%C3%B6tukassa-4438903548,Teenindaja,,scraped,2026-07-11T11:34:34.195313,
767b21cf328a8334,https://ee.linkedin.com/jobs/view/chief-marketing-officer-cmo-equity-based-role-at-asvel-4436679096,Chief Marketing Officer (CMO) | Equity-Based Role,,scraped,2026-07-11T11:34:43.044735,
ac339dc5bfab54f4,https://ee.linkedin.com/jobs/view/it-infrastructure-specialist-at-rimi-baltic-group-4435967184,IT Infrastructure specialist,,scraped,2026-07-11T11:35:00.236148,
c7936fae97d81a61,https://ee.linkedin.com/jobs/view/head-of-customer-value-management-at-international-personal-finance-plc-4436585925,Head of Customer Value Management,,scraped,2026-07-11T11:35:11.393505,
f9db6a28d4f9593e,https://ee.linkedin.com/jobs/view/klienditeenindaja-at-eesti-t%C3%B6%C3%B6tukassa-4438902687,Klienditeenindaja,,scraped,2026-07-11T11:35:22.036458,
009c67e38b1a5cbb,https://ee.linkedin.com/jobs/view/fraud-specialist-at-jobscroller-4438909532,Fraud Specialist,JobScroller,posted,2026-07-11T11:36:19.437491,426
73937196c9b3dcd9,https://ee.linkedin.com/jobs/view/account-manager-traforama-remote-at-adspyglass-4439309314,Account Manager Traforama (remote),,scraped,2026-07-11T11:36:26.063615,
40b9123761416947,https://ee.linkedin.com/jobs/view/creative-video-content-producer-at-sisu-group-4410302620,Creative Video Content Producer,SISU GROUP,posted,2026-07-11T11:37:25.099814,428
4f098c231f55cdb8,https://ee.linkedin.com/jobs/view/customer-success-manager-mm-ent-emea-at-remote-4439042834,"Customer Success Manager, MM/ENT - EMEA",Remote,posted,2026-07-11T11:38:40.696030,430
cf5a99b238b501b7,https://ee.linkedin.com/jobs/view/data-scientist-at-gauss-neumann-4437926030,Data Scientist,,scraped,2026-07-11T11:39:09.325738,
1c5c81a89faa329d,https://ee.linkedin.com/jobs/view/talent-acquisition-lead-at-jobscroller-4438909211,Talent Acquisition Lead,JobScroller,posted,2026-07-11T11:39:53.098221,432
5df4e298a95d34cf,https://ee.linkedin.com/jobs/view/principal-software-engineer-browser-guard-at-malwarebytes-4439355003,Principal Software Engineer  - Browser Guard,Malwarebytes,posted,2026-07-11T11:41:02.632260,434
c823232288789a18,https://ee.linkedin.com/jobs/view/principal-software-engineer-browser-guard-at-malwarebytes-4439345252,Principal Software Engineer  - Browser Guard,Malwarebytes,failed|wp_post_failed,2026-07-11T11:43:02.158379,
0ba1f6b9acf4e3ce,https://ee.linkedin.com/jobs/view/analyst-senior-analyst-b2b-digital-marketing-bangkok-based-relocation-provided-at-agoda-4420280660,"Analyst/Senior Analyst, B2B Digital Marketing (Bangkok Based, relocation provided)",Agoda,failed|wp_post_failed,2026-07-11T11:43:51.815488,
4ad0c98f3375577d,https://ee.linkedin.com/jobs/view/senior-2d-artist-at-ingamejob-com-4438370188,Senior 2D Artist,,scraped,2026-07-11T15:35:03.213917,
4802b3eda3c8b85e,https://ee.linkedin.com/jobs/view/digital-marketing-martech-lead-baltics-at-rimi-baltic-group-4435973046,Digital Marketing & MarTech Lead (Baltics),,scraped,2026-07-11T15:35:36.666770,
ca8f1d9afc970c09,https://ee.linkedin.com/jobs/view/senior-ugc-creative-producer-remote-at-pragmatike-4439356249,Senior UGC Creative Producer (Remote),,scraped,2026-07-11T15:35:55.707894,
ab877325d1bd6193,https://ee.linkedin.com/jobs/view/laste-heaolu-spetsialist-at-eesti-t%C3%B6%C3%B6tukassa-4438315864,Laste heaolu spetsialist,,scraped,2026-07-11T15:37:11.888103,
a4100327c008d384,https://ee.linkedin.com/jobs/view/procurement-vendor-strategy-consultant-part-time-at-jobscroller-4438394627,Procurement & Vendor Strategy Consultant (Part-Time),JobScroller,posted,2026-07-11T15:37:36.276651,437
9b43cfcda0ceed97,https://ee.linkedin.com/jobs/view/edtech-co-founder-cfo-100-%25-remote-m-f-d-at-ewor-4438339956,EdTech Co-Founder / CFO (100 % remote) (m/f/d),,scraped,2026-07-11T15:37:38.978108,
8866cd3fe0eee478,https://ee.linkedin.com/jobs/view/software-engineer-frontend-studio-team-at-restream-4351645374,Software Engineer - Frontend - Studio Team,Restream,posted,2026-07-11T15:38:07.874363,439
72baf3427bc99907,https://ee.linkedin.com/jobs/view/kliendikonsultant-t%C3%A4iskoormusega-at-thumbprint-coaching-inc-4438347783,Kliendikonsultant (täiskoormusega),"Thumbprint Coaching, Inc.",posted,2026-07-11T15:38:44.896928,441
11169e5782f5e05f,https://ee.linkedin.com/jobs/view/change-coordinator-at-rush-street-interactive-4429988393,Change Coordinator,Rush Street Interactive,posted,2026-07-11T15:38:59.291549,443
8be8a4a5ae8b429a,https://ee.linkedin.com/jobs/view/principal-ml-ops-engineer-emea-remote-at-pragmatike-4439358165,Principal ML Ops Engineer (EMEA Remote),,scraped,2026-07-11T15:39:03.917220,
16b170c66aef429b,https://ee.linkedin.com/jobs/view/senior-corporate-infrastructure-engineer-at-wolt-4429671882,Senior Corporate Infrastructure Engineer,,scraped,2026-07-11T15:40:04.172727,
6c11cbfa7b457806,https://ee.linkedin.com/jobs/view/associate-manager-customer-marketing-bangkok-based-relocation-provided-at-agoda-4410546263,"Associate Manager, Customer Marketing (Bangkok Based, Relocation Provided)",Agoda,posted,2026-07-11T15:41:03.512642,445
c981af4ae3654ee4,https://ee.linkedin.com/jobs/view/russian-team-lead-at-sme-careers-4431190708,Russian Team Lead,SME Careers,posted,2026-07-11T15:41:13.893600,447
32fde4d58bace130,https://ee.linkedin.com/jobs/view/enegiakeskuste-hooldusspetsialist-ida-virumaa-at-adven-%E2%80%93-the-leading-partner-in-the-energy-transition-4437961734,ENEGIAKESKUSTE HOOLDUSSPETSIALIST (Ida Virumaa),,scraped,2026-07-11T15:41:42.439887,
e5dec2baafb054c0,https://ee.linkedin.com/jobs/view/business-system-analyst-at-lorex-grupp-estonia-%F0%9F%87%AA%F0%9F%87%AA-4437973121,Business / System Analyst,,scraped,2026-07-11T18:42:08.615213,
04340b9fd9567e78,https://ee.linkedin.com/jobs/view/graduate-ai-software-engineer-at-bending-spoons-4438937532,Graduate AI software engineer,,scraped,2026-07-11T18:42:18.432340,
85d51e879e2ed2e4,https://ee.linkedin.com/jobs/view/performance-marketing-lead-google-microsoft-ads-at-ruby-labs-4439081587,Performance Marketing Lead (Google & Microsoft Ads),Ruby Labs,posted,2026-07-11T18:42:39.035981,449
9fd1b3bf4126103c,https://ee.linkedin.com/jobs/view/sales-manager-wise-business-at-wise-4410489916,Sales Manager - Wise Business,,scraped,2026-07-11T18:43:11.714356,
2cfad76e0dff1ce1,https://ee.linkedin.com/jobs/view/senior-product-manager-delivery-consumer-discovery-at-bolt-4436814102,Senior Product Manager-Delivery Consumer Discovery,,scraped,2026-07-11T18:45:39.748171,
cba383e016a3b722,https://ee.linkedin.com/jobs/view/privacy-engineering-director-at-duckduckgo-4429678569,Privacy Engineering Director,DuckDuckGo,posted,2026-07-11T18:45:55.332139,451
64e8e26553a4c439,https://ee.linkedin.com/jobs/view/senior-privacy-engineer-at-duckduckgo-4430018770,Senior Privacy Engineer,DuckDuckGo,posted,2026-07-11T18:46:12.714082,453
142e894a53f28443,https://ee.linkedin.com/jobs/view/flight-platform-engineer-at-lendurai-4435959747,Flight Platform Engineer,,scraped,2026-07-11T18:46:15.441186,
8eb9650bef55054e,https://ee.linkedin.com/jobs/view/product-developer-unactive-at-nordzero-4439332106,Product Developer/ UNACTIVE,,scraped,2026-07-11T20:55:32.577648,
191e3171cbf7b6e9,https://ee.linkedin.com/jobs/view/senior-ui-ux-designer-at-evolution-4435980365,Senior UI/UX Designer,,scraped,2026-07-11T20:55:44.563031,
34048746389ffdbd,https://ee.linkedin.com/jobs/view/react-developer-with-c%23-ai-video-tech-at-f1servicecentre-4436675904,React developer with C#  ((AI video tech)),F1servicecentre,posted,2026-07-11T20:57:27.653505,455
97eea50867fec1bc,https://ee.linkedin.com/jobs/view/tehnilise-toe-spetsialist-soome-keele-oskusega-at-fujitsu-4439061432,Tehnilise toe spetsialist (soome keele oskusega),Fujitsu,posted,2026-07-11T20:58:37.213925,457
cf16035794701702,https://ee.linkedin.com/jobs/view/tech-lead-at-luminor-group-4437772396,Tech Lead,Luminor Group,posted,2026-07-11T20:59:10.692599,459
1a24994eed6ac918,https://ee.linkedin.com/jobs/view/osakonnajuhataja-h-m-p%C3%A4rnu-at-h-m-4438604569,"Osakonnajuhataja, H&M Pärnu",H&M,posted,2026-07-11T20:59:25.984160,461
789c46783e441c93,https://ee.linkedin.com/jobs/view/kokk-at-eesti-t%C3%B6%C3%B6tukassa-4439123828,Kokk,,scraped,2026-07-13T20:03:59.569816,
23c77e7495846365,https://ee.linkedin.com/jobs/view/liikumis%C3%B5petaja-at-eesti-t%C3%B6%C3%B6tukassa-4437556354,Liikumisõpetaja,,scraped,2026-07-13T20:04:26.391302,
7e8015c854509adf,https://ee.linkedin.com/jobs/view/office-coordinator-part-time-at-evolution-4435964867,Office Coordinator (part-time),,scraped,2026-07-13T20:04:53.092476,
f5b417c5e052f16f,https://ee.linkedin.com/jobs/view/sales-manager-at-saj-4434950660,Sales Manager,,scraped,2026-07-13T20:05:00.298766,
985d523b47d41d86,https://ee.linkedin.com/jobs/view/ai-education-engagement-manager-at-neurons-lab-4440030705,AI Education / Engagement Manager,,scraped,2026-07-13T20:05:09.523649,
d6b94e901ba4c816,https://ee.linkedin.com/jobs/view/hr-operations-specialist-at-abb-4440074168,HR Operations Specialist,,scraped,2026-07-13T20:05:24.998194,
91b9f823a49ba5cc,https://ee.linkedin.com/jobs/view/ehituse-objektijuht-at-salespeople-o%C3%BC-4437241640,Ehituse objektijuht,,scraped,2026-07-13T20:05:31.920404,
386cba4611d8554f,https://ee.linkedin.com/jobs/view/business-development-manager-%E2%80%93-employer-partnerships-estonia-at-trivial-chapter-europe-4439542439,Business Development Manager – Employer Partnerships (Estonia)),Trivial Chapter Europe,posted,2026-07-13T20:06:04.598151,463
92aa0a49f046cab2,https://ee.linkedin.com/jobs/view/senior-seo-content-strategist-at-jobscroller-4438399641,Senior SEO Content Strategist,JobScroller,posted,2026-07-13T20:06:17.313235,465
681301932636d21f,https://ee.linkedin.com/jobs/view/valve%C3%BCksuslane-at-eesti-t%C3%B6%C3%B6tukassa-4439134220,Valveüksuslane,,scraped,2026-07-13T20:06:31.712603,
1fd2cd6be57d1912,https://ee.linkedin.com/jobs/view/head-of-global-category-management-f-m-d-at-hitachi-energy-4440065348,Head of Global Category Management (f/m/d),,scraped,2026-07-13T20:06:44.438287,
fcf31ef169ae51a8,https://ee.linkedin.com/jobs/view/head-of-global-category-management-f-m-d-at-hitachi-energy-4440052848,Head of Global Category Management (f/m/d),,scraped,2026-07-13T20:07:02.970722,
a850c120b68acdda,https://ee.linkedin.com/jobs/view/desktop-support-technician-at-sharp-brains-4437290141,Desktop Support Technician,,scraped,2026-07-13T20:07:15.433005,
76fd6a78b3aa4ac9,https://ee.linkedin.com/jobs/view/flight-dynamics-engineer-at-threod-systems-4440042224,Flight Dynamics Engineer,Threod Systems,posted,2026-07-13T20:07:44.096061,467
18119b8c1b66f701,https://ee.linkedin.com/jobs/view/specialist-compensation-benefits-location-tallinn-no-relocation-support-at-konecranes-4428906905,"Specialist, Compensation & Benefits. Location: Tallinn | No relocation support",Konecranes,posted,2026-07-13T20:08:08.308051,469
474c64d85e06c3e0,https://ee.linkedin.com/jobs/view/wfm-operations-partner-senior-lead-at-wise-4410497835,WFM Operations Partner Senior Lead,,scraped,2026-07-13T20:08:32.979567,
3bdcafa625bffd02,https://ee.linkedin.com/jobs/view/financial-controller-at-talentor-estonia-4440016903,Financial Controller,,scraped,2026-07-13T20:08:44.617035,
c725785f58e4f48c,https://ee.linkedin.com/jobs/view/people-strategy-and-operation-manager-at-bolt-4439152216,People Strategy and Operation Manager,,scraped,2026-07-13T20:08:56.129999,
fbb477a3ee547fcf,https://ee.linkedin.com/jobs/view/data-analytics-team-lead-at-fyul-4412413038,Data Analytics Team Lead,FYUL,posted,2026-07-13T20:09:12.941515,471
2a6eaa3935efe8ab,https://ee.linkedin.com/jobs/view/senior-market-strategy-and-partnerships-manager-at-fever-4341144544,Senior Market Strategy and Partnerships Manager,Fever,posted,2026-07-13T20:09:23.868442,473
b840c741aae5bc4d,https://bb.linkedin.com/jobs/view/future-barbados-office-opportunities-at-gildan-4389422286,Future Barbados Office Opportunities,,scraped,2026-07-13T20:09:30.457979,
a22e9589627731c6,https://bm.linkedin.com/jobs/view/hiring-operations-team-member-%E2%80%93-bbg-etc-at-bbg-etc-4436816614,Hiring: Operations Team Member – BBG etc.,BBG etc.,posted,2026-07-13T20:09:46.196502,475
489e31ce22290edd,https://bs.linkedin.com/jobs/view/technical-storekeeper-princess-cay-bahamas-at-carnival-corporation-4411222161,Technical Storekeeper - (Princess Cay - Bahamas),Carnival Corporation,posted,2026-07-13T20:09:56.087166,477
38d29176ebd6e8db,https://bs.linkedin.com/jobs/view/warehouse-attendant-half-moon-cay-bahamas-at-carnival-corporation-4329008256,Warehouse Attendant - (Half Moon Cay - Bahamas),Carnival Corporation,posted,2026-07-13T20:10:06.199346,479
e000e5202a74d5d7,https://www.linkedin.com/jobs/view/office-staff-at-triple-ttt-ltd-4438926678,Office Staff,TRIPLE TTT LTD,posted,2026-07-13T20:10:18.206487,481
7da3b1ef6db1d0f8,https://bb.linkedin.com/jobs/view/procurement-officer-at-gale-s-agro-products-4440036615,Procurement Officer,Gale's Agro Products,posted,2026-07-13T20:10:28.209404,483
81d5f18bc39653f4,https://uk.linkedin.com/jobs/view/i-am-a-professional-at-boustead-property-services-4439410269,I am a Professional.,Boustead Property Services,posted,2026-07-13T20:11:06.396561,485
9dc48f28406e5b3f,https://bs.linkedin.com/jobs/view/tram-attendant-half-moon-cay-bahamas-at-relaxaway-half-moon-cay-4429176663,Tram Attendant - (Half Moon Cay - Bahamas),,scraped,2026-07-13T20:11:08.919108,
edb5a25235c8702f,https://uk.linkedin.com/jobs/view/postperson-with-driving-at-royal-mail-4427854899,Postperson with Driving,,scraped,2026-07-13T20:11:15.456857,
29e6a431ee8590fc,https://ca.linkedin.com/jobs/view/postmaster-premises-provided-by-postmaster-group-office-at-canada-post-postes-canada-4434551681,Postmaster - Premises provided by Postmaster (Group Office),,scraped,2026-07-13T20:11:21.618613,
9e981be7c1e6813d,https://uk.linkedin.com/jobs/view/adaptation-officer-at-wigan-council-4440032430,Adaptation Officer,Wigan Council,posted,2026-07-13T20:11:39.808952,487
9365808677703db7,https://www.linkedin.com/jobs/view/delivery-drivers-csr-managers-at-domino-s-4436688348,"Delivery Drivers , CSR , Managers",Domino's,posted,2026-07-13T20:11:51.176255,489
98e9516f308ee4f8,https://www.linkedin.com/jobs/view/receiver-at-clayton-4439335221,Receiver,Clayton,posted,2026-07-13T20:12:02.922394,491
eb53b34550d022ea,https://uk.linkedin.com/jobs/view/speculative-applications-at-itdev-4436544151,Speculative Applications,,scraped,2026-07-13T20:12:05.546605,
fcd1bb9dbb48e931,https://uk.linkedin.com/jobs/view/payroll-administrator-4-day-week-employer-at-whyfield-4439031241,Payroll Administrator: 4-day week employer,,scraped,2026-07-13T20:12:12.690342,
a8cacf007c2922c2,https://jm.linkedin.com/jobs/view/wfm-administrator-at-centerfield-4416839942,WFM Administrator,Centerfield,posted,2026-07-13T20:12:28.304466,493
642605bddd375ec3,https://www.linkedin.com/jobs/view/full-time-nanny-at-jovie-4438810615,Full Time Nanny,Jovie,posted,2026-07-13T20:12:39.664516,495
5608fb999110731c,https://www.linkedin.com/jobs/view/tds-south-west-at-technical-development-services-midlands-ltd-4436670810,TDS South West,,scraped,2026-07-13T20:12:42.328316,
1f906db90e7c15f3,https://jm.linkedin.com/jobs/view/coordinator-organization-management-mbj-at-delta-air-lines-4436274371,"Coordinator, Organization Management (MBJ)",Delta Air Lines,posted,2026-07-13T20:12:57.684698,497
76c4d95b0621a67c,https://jm.linkedin.com/jobs/view/custodian-at-crunch-fitness-fit-fusion-llc-4439044165,Custodian,"Crunch Fitness - Fit Fusion, LLC",posted,2026-07-13T20:13:09.029379,499
1e7c47c0374fe115,https://ca.linkedin.com/jobs/view/postmaster-premises-provided-by-postmaster-group-office-at-canada-post-postes-canada-4435972257,Postmaster - Premises provided by Postmaster (Group Office),,scraped,2026-07-13T20:13:11.836422,
32264b527c1f6888,https://www.linkedin.com/jobs/view/any-open-position-at-market-of-choice-4434800049,Any Open Position,Market of Choice,posted,2026-07-13T20:13:27.104073,501
fc260a15464f7bfc,https://www.linkedin.com/jobs/view/bridge-attendant-at-niagara-falls-bridge-commission-4438947182,Bridge Attendant,Niagara Falls Bridge Commission,posted,2026-07-13T20:13:38.541210,503
3f9acbb4a819b9c6,https://www.linkedin.com/jobs/view/vivacious-candidate-at-vivacity-tech-pbc-4318185446,Vivacious Candidate,Vivacity Tech PBC,posted,2026-07-13T20:13:48.566801,505
3332686f8538a113,https://uk.linkedin.com/jobs/view/ref-hcc-radlett-at-rosebud-nanny-agency-ltd-4439336511,Ref HCC: Radlett,ROSEBUD NANNY AGENCY LTD,posted,2026-07-13T20:13:59.073949,507
ead6df49ebe94eaa,https://www.linkedin.com/jobs/view/home-building-team-member-at-clayton-4439329403,Home Building Team Member,Clayton,posted,2026-07-13T20:14:11.334948,509
504de6867e79e542,https://www.linkedin.com/jobs/view/help-wanted-no-experience-required-up-to-%2425-at-clean-affinity-4437522208,Help Wanted - No Experience Required - Up to $25,Clean Affinity,posted,2026-07-13T20:14:22.636993,511
ec7aecfd89cdab31,https://www.linkedin.com/jobs/view/help-wanted-no-experience-required-up-to-%2425-at-clean-affinity-4437049216,Help Wanted - No Experience Required - Up to $25,Clean Affinity,scraped,2026-07-13T20:14:26.803202,
03a9550df92ef924,https://www.linkedin.com/jobs/view/locator-i-at-star-construction-llc-4438849858,Locator I,Star Construction LLC,posted,2026-07-13T20:14:37.740281,513
acbdd8ab8153b751,https://www.linkedin.com/jobs/view/tds-northern-at-technical-development-services-midlands-ltd-4436677636,TDS Northern,,scraped,2026-07-13T20:14:40.385941,
c5dc76501619aefa,https://uk.linkedin.com/jobs/view/purpose-driven-work-at-hoogmatic-gst-seva-kendra-4435976790,Purpose-Driven Work,,scraped,2026-07-13T20:14:47.236931,
10fce940ceef81df,https://uk.linkedin.com/jobs/view/tumbledown-operational-co-ordinator-at-dorset-council-uk-4436811357,Tumbledown Operational Co-ordinator,,scraped,2026-07-13T20:14:54.104491,
aaede7fb19995fa7,https://ca.linkedin.com/jobs/view/election-officials-at-city-of-chilliwack-4439312144,Election Officials,,scraped,2026-07-13T20:15:01.084363,
dc053cbaff8a712d,https://uk.linkedin.com/jobs/view/vehicle-imager-at-charles-trent-ltd-4437291405,Vehicle Imager,,scraped,2026-07-13T20:15:07.572280,
daa702a4714efeb6,https://www.linkedin.com/jobs/view/express-your-interest-at-alexander-bebout-inc-4439534671,Express Your Interest,"Alexander &amp; Bebout, Inc.",posted,2026-07-13T20:15:23.421829,515
6311b6cded942eb3,https://www.linkedin.com/jobs/view/support-service-worker-at-servingschools-4438678087,Support Service Worker,ServingSchools,posted,2026-07-13T20:15:33.194988,517
aeccd185960c5cde,https://www.linkedin.com/jobs/view/general-consideration-at-certasite-4439328420,General Consideration,CertaSite,posted,2026-07-13T20:15:44.392747,519
e3d19264b2ecd809,https://bb.linkedin.com/jobs/view/receptionist-and-accounts-assistant-at-the-shipping-association-of-barbados-4440091000,Receptionist and Accounts Assistant,,scraped,2026-07-13T20:15:47.025750,
a9f099edcc6d3194,https://www.linkedin.com/jobs/view/baker-at-texas-roadhouse-4437232399,Baker,Texas Roadhouse,posted,2026-07-13T20:16:09.639949,521
c67908d067ec8fd9,https://www.linkedin.com/jobs/view/postmaster-ptpo-at-united-states-postal-service-4439577230,POSTMASTER (PTPO),United States Postal Service,posted,2026-07-13T20:16:20.627874,523
8f9e4be2fd7e532f,https://ee.linkedin.com/jobs/view/data-warehouse-developer-at-olybet-group-4439425264,Data Warehouse Developer,,scraped,2026-07-13T20:16:23.318505,
292eeb8ea24047e2,https://ee.linkedin.com/jobs/view/ubuntu-linux-user-for-ai-data-training-at-sme-careers-4431337443,Ubuntu/Linux User for AI Data Training,SME Careers,posted,2026-07-13T20:16:38.172098,525
f86fe6c489daba48,https://ee.linkedin.com/jobs/view/software-engineer-business-funds-risk-at-wise-4402723293,Software Engineer - Business Funds Risk,,scraped,2026-07-13T20:16:42.805004,
f55ed489fe8a5d19,https://ee.linkedin.com/jobs/view/technical-account-manager-at-ridango-4439790485,Technical Account Manager,,scraped,2026-07-13T20:16:54.619366,
414fd6981cd1b9bf,https://ee.linkedin.com/jobs/view/senior-software-developer-at-hireright-4411351912,Senior Software Developer,HireRight,posted,2026-07-13T20:17:29.041187,527
29995b02e66a2b62,https://ee.linkedin.com/jobs/view/vahetuse-vanem-at-abb-4440069438,Vahetuse vanem,,scraped,2026-07-13T20:17:33.625165,
6a8fe8583fa2cccb,https://ee.linkedin.com/jobs/view/m%C3%BC%C3%BCgin%C3%B5ustaja-%C3%BClemiste-tallinn-20-30h-n-at-h-m-4440011038,"Müüginõustaja, Ülemiste, Tallinn (20-30h/n)",H&M,posted,2026-07-13T20:17:54.889470,529
1bcde434d84ec673,https://ee.linkedin.com/jobs/view/personalispetsialist-at-cvkeskus-ee-4437291973,PERSONALISPETSIALIST,,scraped,2026-07-13T20:17:59.604323,
b949ba8f88c4583a,https://ee.linkedin.com/jobs/view/senior-software-engineer-i-payment-processing-platform-at-wise-4370685130,Senior Software Engineer I - Payment Processing Platform,,scraped,2026-07-13T20:18:11.008529,
5165e8fcb43e269a,https://ee.linkedin.com/jobs/view/finantsjuht-at-cvkeskus-ee-4437600778,FINANTSJUHT,,scraped,2026-07-13T20:18:22.449285,
d4756092d9b30cd2,https://ee.linkedin.com/jobs/view/ai-data-specialist-estonian-at-rws-group-4430003000,AI Data Specialist - Estonian,,scraped,2026-07-13T20:18:31.455980,
65a8763fca744a8f,https://ee.linkedin.com/jobs/view/finantsauditi-projektijuht-at-pwc-estonia-4439448697,Finantsauditi projektijuht,PwC Estonia,posted,2026-07-13T20:18:52.854279,531
dc0354957a9c17e0,https://ee.linkedin.com/jobs/view/pagar-at-eesti-t%C3%B6%C3%B6tukassa-4439977198,Pagar,,scraped,2026-07-15T18:46:39.046408,
9cc498838b5c4133,https://ee.linkedin.com/jobs/view/kokk-at-eesti-t%C3%B6%C3%B6tukassa-4439974303,Kokk,,scraped,2026-07-15T18:46:46.100442,
6c206cf7516f9df9,https://ee.linkedin.com/jobs/view/application-support-officer-revs-and-bens-at-bristol-city-council-4440359152,Application Support Officer (Revs and Bens),,scraped,2026-07-15T18:46:53.143085,
7ba5a03ed5f65db6,https://ee.linkedin.com/jobs/view/turvamees-laevale-at-tallink-silja-gmbh-4439479678,Turvamees laevale,,scraped,2026-07-15T18:47:00.787942,
68f14d4d5e51fc09,https://ee.linkedin.com/jobs/view/juuksurid-norrasse-at-eutalents-4439948840,Juuksurid Norrasse,EUTALENTS,posted,2026-07-15T18:47:23.351256,533
93b1c48fdea45591,https://ee.linkedin.com/jobs/view/operaator-at-stoneridge-4440518454,Operaator,Stoneridge,posted,2026-07-15T18:47:37.700675,535
b8465258171c33e1,https://ee.linkedin.com/jobs/view/juuksurid-norrasse-at-eutalents-4439958326,Juuksurid Norrasse,EUTALENTS,posted,2026-07-15T18:47:46.787580,533
779bcc36ce58af87,https://ee.linkedin.com/jobs/view/lasteaia%C3%B5petaja-abi-at-eesti-t%C3%B6%C3%B6tukassa-4439972517,Lasteaiaõpetaja abi,,scraped,2026-07-15T18:47:53.327746,
4a366ab06a1bea0b,https://ee.linkedin.com/jobs/view/senior-content-communications-manager-at-jobscroller-4439841967,Senior Content & Communications Manager,JobScroller,posted,2026-07-15T18:48:08.042089,537
9426432bf29576d0,https://ee.linkedin.com/jobs/view/%C3%BCldehitaja-at-eesti-t%C3%B6%C3%B6tukassa-4439976249,Üldehitaja,,scraped,2026-07-15T18:48:10.663575,
b79051430478805b,https://ee.linkedin.com/jobs/view/raamatupidaja-at-eesti-t%C3%B6%C3%B6tukassa-4439807276,Raamatupidaja,,scraped,2026-07-15T18:48:17.363094,
bc67b4d0e3deff4c,https://ee.linkedin.com/jobs/view/business-analyst-at-bigbank-4441201864,Business analyst,,scraped,2026-07-15T18:48:24.224520,
ab5cd9ba258aaaf9,https://ee.linkedin.com/jobs/view/kliendihaldur-at-eesti-t%C3%B6%C3%B6tukassa-4439955992,Kliendihaldur,,scraped,2026-07-15T18:48:34.544231,
1a83e3249eb43b89,https://ee.linkedin.com/jobs/view/data-analyst-at-lhv-4440001794,Data Analyst,,scraped,2026-07-15T18:48:41.408828,
b5b75c22b03c9946,https://ee.linkedin.com/jobs/view/keevitaja-at-eesti-t%C3%B6%C3%B6tukassa-4439968542,Keevitaja,,scraped,2026-07-15T18:48:49.505104,
20048273ea848bed,https://ee.linkedin.com/jobs/view/majahoidja-at-eesti-t%C3%B6%C3%B6tukassa-4439497902,Majahoidja,,scraped,2026-07-15T18:48:56.046472,
b684162679cfd005,https://ee.linkedin.com/jobs/view/abit%C3%B6%C3%B6line-at-eesti-t%C3%B6%C3%B6tukassa-4439972408,Abitööline,,scraped,2026-07-15T18:49:02.688463,
cebfb6f5a06e32d6,https://ee.linkedin.com/jobs/view/puhastusteenindaja-at-eesti-t%C3%B6%C3%B6tukassa-4439966596,Puhastusteenindaja,,scraped,2026-07-15T18:49:09.318397,
85279655a98b44cd,https://ee.linkedin.com/jobs/view/m%C3%B6%C3%B6blivalmistaja-at-eesti-t%C3%B6%C3%B6tukassa-4439955892,Mööblivalmistaja,,scraped,2026-07-15T18:49:16.285677,
22576040aac6f711,https://ee.linkedin.com/jobs/view/frontaallaaduri-juht-at-eesti-t%C3%B6%C3%B6tukassa-4439962736,Frontaallaaduri juht,,scraped,2026-07-15T18:49:25.080999,
701b8c1cfc5b7444,https://ee.linkedin.com/jobs/view/kondiiter-at-eesti-t%C3%B6%C3%B6tukassa-4439966614,Kondiiter,,scraped,2026-07-15T18:49:31.943032,
83d4ffa1b507e5f5,https://ee.linkedin.com/jobs/view/klienditeenindaja-at-eesti-t%C3%B6%C3%B6tukassa-4439809277,Klienditeenindaja,,scraped,2026-07-15T18:49:40.821738,
64aa8853e187b5d2,https://ee.linkedin.com/jobs/view/hooldaja-at-eesti-t%C3%B6%C3%B6tukassa-4439805292,Hooldaja,,scraped,2026-07-15T18:49:47.817163,
719b260c62e1348b,https://ee.linkedin.com/jobs/view/tervishoiut%C3%B6%C3%B6taja-at-eesti-t%C3%B6%C3%B6tukassa-4439978115,Tervishoiutöötaja,,scraped,2026-07-15T18:49:56.472674,
0468f3fe5a7e0e50,https://ee.linkedin.com/jobs/view/traktorist-at-eesti-t%C3%B6%C3%B6tukassa-4439496894,Traktorist,,scraped,2026-07-15T18:50:03.277690,
6ae6224079583ef1,https://ee.linkedin.com/jobs/view/abiraamatupidaja-at-eesti-t%C3%B6%C3%B6tukassa-4439818025,Abiraamatupidaja,,scraped,2026-07-15T18:50:10.194870,
f03ab5eb2453b880,https://ee.linkedin.com/jobs/view/betoneerija-at-eesti-t%C3%B6%C3%B6tukassa-4439497942,Betoneerija,,scraped,2026-07-15T18:50:16.916989,
48f16acdea59ec33,https://ee.linkedin.com/jobs/view/katusepaigaldaja-at-eesti-t%C3%B6%C3%B6tukassa-4439812194,Katusepaigaldaja,,scraped,2026-07-15T18:50:23.546031,
8e3b92359ab059d4,https://ee.linkedin.com/jobs/view/asendusseatalitaja-at-eesti-t%C3%B6%C3%B6tukassa-4439807316,Asendusseatalitaja,,scraped,2026-07-15T18:50:30.431891,
30f34c1569da86c2,https://ee.linkedin.com/jobs/view/hooldust%C3%B6%C3%B6taja-at-eesti-t%C3%B6%C3%B6tukassa-4439814097,Hooldustöötaja,,scraped,2026-07-15T18:50:39.137303,
08bc12da5f3f73f7,https://ee.linkedin.com/jobs/view/t%C3%A4navakivide-paigaldaja-at-eesti-t%C3%B6%C3%B6tukassa-4439808257,Tänavakivide paigaldaja,,scraped,2026-07-15T18:50:45.757135,
c2ad6dae234e62b3,https://ee.linkedin.com/jobs/view/abikokk-at-eesti-t%C3%B6%C3%B6tukassa-4439974302,Abikokk,,scraped,2026-07-15T18:50:52.806995,
7b6f8d96e01a27fd,https://ee.linkedin.com/jobs/view/pesumaja-t%C3%B6%C3%B6taja-at-eesti-t%C3%B6%C3%B6tukassa-4439962714,Pesumaja töötaja,,scraped,2026-07-15T18:50:59.627126,
8ccf7c34ccd90cb2,https://ee.linkedin.com/jobs/view/majaehitaja-%C3%BCldehitaja-at-eesti-t%C3%B6%C3%B6tukassa-4439813136,"Majaehitaja, üldehitaja",,scraped,2026-07-15T18:51:06.269937,
13936ffb528bf5ab,https://ee.linkedin.com/jobs/view/lapsehoidja-at-eesti-t%C3%B6%C3%B6tukassa-4439979039,Lapsehoidja,,scraped,2026-07-15T18:51:13.065733,
423cf7dbf45e2f81,https://ee.linkedin.com/jobs/view/kipsplaadi-paigaldaja-at-eesti-t%C3%B6%C3%B6tukassa-4439969511,Kipsplaadi paigaldaja,,scraped,2026-07-15T18:51:20.183231,
5c31f42d9e1b8f75,https://ee.linkedin.com/jobs/view/majahoidja-niitja-at-eesti-t%C3%B6%C3%B6tukassa-4439493992,Majahoidja-niitja,,scraped,2026-07-15T18:51:26.741118,
f1c974bcc6a1b3b6,https://ee.linkedin.com/jobs/view/kallurijuht-at-eesti-t%C3%B6%C3%B6tukassa-4439970565,Kallurijuht,,scraped,2026-07-15T18:51:33.518659,
ae096b7509dcf966,https://ee.linkedin.com/jobs/view/r%C3%BChma%C3%BClem-at-eesti-t%C3%B6%C3%B6tukassa-4439808281,Rühmaülem,,scraped,2026-07-15T18:51:40.382039,
b755293d51682349,https://ee.linkedin.com/jobs/view/%C3%BC%C3%BCri-ja-majutushaldur-at-eesti-t%C3%B6%C3%B6tukassa-4439958935,Üüri- ja majutushaldur,,scraped,2026-07-15T18:51:49.149988,
b5b9b1622125dd75,https://ee.linkedin.com/jobs/view/tootmist%C3%B6%C3%B6line-at-eesti-t%C3%B6%C3%B6tukassa-4439814171,Tootmistööline,,scraped,2026-07-15T18:51:55.817110,
7c836639b07a5315,https://ee.linkedin.com/jobs/view/klassi%C3%B5petaja-at-eesti-t%C3%B6%C3%B6tukassa-4439808267,Klassiõpetaja,,scraped,2026-07-15T18:52:02.632410,
ce1d8900bfccf5f2,https://ee.linkedin.com/jobs/view/veterinaarassistent-at-eesti-t%C3%B6%C3%B6tukassa-4439810174,Veterinaarassistent,,scraped,2026-07-15T18:52:09.300115,
cf7e767828337c4e,https://ee.linkedin.com/jobs/view/laooperaator-at-eesti-t%C3%B6%C3%B6tukassa-4439973349,Laooperaator,,scraped,2026-07-15T18:52:18.103887,
6283f0289e77ddda,https://ee.linkedin.com/jobs/view/klienditeenindaja-at-eesti-t%C3%B6%C3%B6tukassa-4439962775,Klienditeenindaja,,scraped,2026-07-15T18:52:24.836189,
60f74cc813f42821,https://ee.linkedin.com/jobs/view/creative-producer-female-oriented-product-at-jobscroller-4439950414,Creative Producer (Female-Oriented Product),JobScroller,posted,2026-07-15T18:52:40.687590,539
7c49c189e6c81a46,https://ee.linkedin.com/jobs/view/m%C3%BC%C3%BCja-klienditeenindaja-at-eesti-t%C3%B6%C3%B6tukassa-4439969523,Müüja-klienditeenindaja,,scraped,2026-07-15T18:52:43.089839,
31a543ace9445f33,https://ee.linkedin.com/jobs/view/kipsseinte-ja-lagede-paigaldaja-at-eesti-t%C3%B6%C3%B6tukassa-4439801541,Kipsseinte ja lagede paigaldaja,,scraped,2026-07-15T18:52:50.193508,
f7f2efe1e2d3bc4f,https://ee.linkedin.com/jobs/view/noorte-n%C3%B5ustaja-at-eesti-t%C3%B6%C3%B6tukassa-4439979070,Noorte nõustaja,,scraped,2026-07-15T18:52:56.875580,
d17ebbc1e2cb2299,https://ee.linkedin.com/jobs/view/kaablikomplektide-koostaja-at-eesti-t%C3%B6%C3%B6tukassa-4439812130,Kaablikomplektide koostaja,,scraped,2026-07-15T18:53:05.531899,
33a5e63d7e256499,https://ee.linkedin.com/jobs/view/account-manager-turkish-speaker-at-scrambly-4438000355,Account Manager - Turkish speaker,,scraped,2026-07-15T18:53:12.289987,
8b77a0affb7e6eba,https://ee.linkedin.com/jobs/view/burger-king-klienditeenindaja-%C3%BClemiste-keskus-at-tallink-silja-gmbh-4439482616,Burger King klienditeenindaja (Ülemiste keskus),,scraped,2026-07-15T18:53:18.686508,
18d9fe73cf82701a,https://ee.linkedin.com/jobs/view/vahetusevanem-at-eesti-t%C3%B6%C3%B6tukassa-4439977215,Vahetusevanem,,scraped,2026-07-15T18:53:26.222590,
36927a2aa68ebdef,https://ee.linkedin.com/jobs/view/eripedagoog-at-eesti-t%C3%B6%C3%B6tukassa-4439813155,Eripedagoog,,scraped,2026-07-15T18:53:33.221256,
c4658d7f4a766426,https://ee.linkedin.com/jobs/view/hooldaja-at-eesti-t%C3%B6%C3%B6tukassa-4439802563,Hooldaja,,scraped,2026-07-15T18:53:42.122819,
f383c42b84afb414,https://ee.linkedin.com/jobs/view/pehme-m%C3%B6%C3%B6bli-valmistaja-at-eesti-t%C3%B6%C3%B6tukassa-4439804303,Pehme mööbli valmistaja,,scraped,2026-07-15T18:53:48.674835,
fe5d23f778ab851d,https://ee.linkedin.com/jobs/view/tootmist%C3%B6%C3%B6line-at-eesti-t%C3%B6%C3%B6tukassa-4439963762,Tootmistööline,,scraped,2026-07-15T18:53:55.616562,
b8ac81689bbad51c,https://ee.linkedin.com/jobs/view/klienditeenindaja-at-eesti-t%C3%B6%C3%B6tukassa-4439977185,Klienditeenindaja,,scraped,2026-07-15T18:54:02.580173,
32b8920773adf680,https://ee.linkedin.com/jobs/view/hooldaja-at-eesti-t%C3%B6%C3%B6tukassa-4439800660,Hooldaja,,scraped,2026-07-15T18:54:09.489910,
7eae318a6e1100c0,https://ee.linkedin.com/jobs/view/ekspediitor-at-eesti-t%C3%B6%C3%B6tukassa-4439972540,Ekspediitor,,scraped,2026-07-15T18:54:16.403561,
23ea2844a6245e30,https://ee.linkedin.com/jobs/view/logistics-coordinator-%F0%9F%93%8D-tartu-tallinn-at-fractory-4439152430,Logistics Coordinator 📍 Tartu/Tallinn,,scraped,2026-07-15T18:54:23.495202,
c2dd121b3e89e79f,https://ee.linkedin.com/jobs/view/keevitaja-koostaja-at-eesti-t%C3%B6%C3%B6tukassa-4439802595,Keevitaja-koostaja,,scraped,2026-07-15T18:54:30.708744,
e2b8a30ec23945f1,https://ee.linkedin.com/jobs/view/viimistlusliini-operaator-at-eesti-t%C3%B6%C3%B6tukassa-4439980001,Viimistlusliini operaator,,scraped,2026-07-15T18:54:37.522703,
f25050206f40f523,https://ee.linkedin.com/jobs/view/marketing-ad-operations-investor-relations-at-jobgether-4438927138,"Marketing Ad Operations, Investor Relations",,scraped,2026-07-15T18:54:44.389877,
ec1cf9afc2338a9f,https://ee.linkedin.com/jobs/view/laot%C3%B6%C3%B6taja-at-eesti-t%C3%B6%C3%B6tukassa-4439818069,Laotöötaja,,scraped,2026-07-15T18:54:50.692535,
174c308d92859810,https://ee.linkedin.com/jobs/view/laot%C3%B6%C3%B6taja-at-eesti-t%C3%B6%C3%B6tukassa-4439968516,Laotöötaja,,scraped,2026-07-15T18:54:57.515063,
6ca2633a74fa4f32,https://ee.linkedin.com/jobs/view/noorsoot%C3%B6%C3%B6taja-at-eesti-t%C3%B6%C3%B6tukassa-4439956939,Noorsootöötaja,,scraped,2026-07-15T18:55:04.331169,
b8edd49485b68c48,https://ee.linkedin.com/jobs/view/kokk-klienditeenindaja-at-eesti-t%C3%B6%C3%B6tukassa-4439495887,Kokk-klienditeenindaja,,scraped,2026-07-15T18:55:11.283596,
bc5d508631801b32,https://ee.linkedin.com/jobs/view/raamatupidaja-at-eesti-t%C3%B6%C3%B6tukassa-4439800631,Raamatupidaja,,scraped,2026-07-15T18:55:18.073240,
59e49260b94e82f1,https://ee.linkedin.com/jobs/view/seadistaja-operaator-at-eesti-t%C3%B6%C3%B6tukassa-4439975261,Seadistaja-operaator,,scraped,2026-07-15T18:55:25.103125,
06f8802b1c0ffc82,https://ee.linkedin.com/jobs/view/ehitust%C3%B6%C3%B6line-at-eesti-t%C3%B6%C3%B6tukassa-4439975197,Ehitustööline,,scraped,2026-07-15T18:55:31.885371,
f8883c62be0c2cc1,https://ee.linkedin.com/jobs/view/hooldaja-at-eesti-t%C3%B6%C3%B6tukassa-4439977151,Hooldaja,,scraped,2026-07-15T18:55:38.724302,
21e901ef58fb2221,https://ee.linkedin.com/jobs/view/puhastusteenindaja-at-eesti-t%C3%B6%C3%B6tukassa-4439974328,Puhastusteenindaja,,scraped,2026-07-15T18:55:45.689728,
5887bb17eb84f351,https://ee.linkedin.com/jobs/view/masinaoperaator-at-eesti-t%C3%B6%C3%B6tukassa-4439811198,Masinaoperaator,,scraped,2026-07-15T18:55:52.639906,
1d1794eae18a673b,https://ee.linkedin.com/jobs/view/rehvitehnik-lukksepp-at-eesti-t%C3%B6%C3%B6tukassa-4439807317,Rehvitehnik-lukksepp,,scraped,2026-07-15T18:55:59.285949,
6ef8affa6d0f5e9e,https://ee.linkedin.com/jobs/view/metallitreial-at-eesti-t%C3%B6%C3%B6tukassa-4439968540,Metallitreial,,scraped,2026-07-15T18:56:06.176810,
04f47909c7d6c90a,https://ee.linkedin.com/jobs/view/grupi%C3%BClem-peatoimetaja-at-eesti-t%C3%B6%C3%B6tukassa-4439969595,Grupiülem-peatoimetaja,,scraped,2026-07-15T18:56:12.935808,
cccb3fc11f6e8c51,https://ee.linkedin.com/jobs/view/teenindaja-at-eesti-t%C3%B6%C3%B6tukassa-4439961810,Teenindaja,,scraped,2026-07-15T18:56:19.776239,
4bbc948a89a7d2f2,https://ee.linkedin.com/jobs/view/telefonim%C3%BC%C3%BCgi-spetsialist-at-eesti-t%C3%B6%C3%B6tukassa-4439969599,Telefonimüügi spetsialist,,scraped,2026-07-15T18:56:26.803664,
87cd7142b44b1533,https://ee.linkedin.com/jobs/view/plaatija-%C3%BCldehitaja-at-eesti-t%C3%B6%C3%B6tukassa-4439969512,Plaatija-üldehitaja,,scraped,2026-07-15T18:56:33.548640,
1616fb67a1a74263,https://ee.linkedin.com/jobs/view/abi%C3%B5petaja-at-eesti-t%C3%B6%C3%B6tukassa-4439973430,Abiõpetaja,,scraped,2026-07-15T18:56:40.457008,
c875c1c33774b6eb,https://ee.linkedin.com/jobs/view/tootmist%C3%B6%C3%B6line-at-eesti-t%C3%B6%C3%B6tukassa-4439802551,Tootmistööline,,scraped,2026-07-15T18:56:47.754216,
a7e635c07d8ca97a,https://ee.linkedin.com/jobs/view/%C3%B5de-at-eesti-t%C3%B6%C3%B6tukassa-4439975164,Õde,,scraped,2026-07-15T18:56:54.871016,
97eafc9e390ebce8,https://ee.linkedin.com/jobs/view/plc-programmeerija-at-eesti-t%C3%B6%C3%B6tukassa-4439810176,PLC Programmeerija,,scraped,2026-07-15T18:57:01.912540,
b511d8e6c460a132,https://ee.linkedin.com/jobs/view/haridus-ja-kultuuriosakonna-juht-at-eesti-t%C3%B6%C3%B6tukassa-4439971461,Haridus- ja kultuuriosakonna juht,,scraped,2026-07-15T18:57:08.567901,
0c74a07cdb43f531,https://ee.linkedin.com/jobs/view/perevanem-at-eesti-t%C3%B6%C3%B6tukassa-4439961828,Perevanem,,scraped,2026-07-15T18:57:15.467898,
144d4dd1724aab12,https://ee.linkedin.com/jobs/view/%C3%BCldehitaja-at-eesti-t%C3%B6%C3%B6tukassa-4439971555,Üldehitaja,,scraped,2026-07-15T18:57:22.248027,
76c84617f0829592,https://ee.linkedin.com/jobs/view/senior-marketing-manager-at-wooxy-4440963553,Senior Marketing Manager,,scraped,2026-07-15T18:57:29.175910,
731a88be63928813,https://ee.linkedin.com/jobs/view/laot%C3%B6%C3%B6taja-at-eesti-t%C3%B6%C3%B6tukassa-4439808298,Laotöötaja,,scraped,2026-07-15T18:57:36.134550,
33632a6f65ab58da,https://ee.linkedin.com/jobs/view/tootmist%C3%B6%C3%B6line-at-eesti-t%C3%B6%C3%B6tukassa-4439969530,Tootmistööline,,scraped,2026-07-15T18:57:42.847639,
f7e274662b8c8bdd,https://ee.linkedin.com/jobs/view/puhastusteenindaja-at-eesti-t%C3%B6%C3%B6tukassa-4439957974,Puhastusteenindaja,,scraped,2026-07-15T18:57:49.455719,
5e0f0860124ee2c5,https://ee.linkedin.com/jobs/view/technical-training-specialist-at-swappie-4440978268,Technical Training Specialist,,scraped,2026-07-15T18:58:00.338637,
31f0993206deb179,https://ee.linkedin.com/jobs/view/warehouse-logistics-specialist-at-nebius-4437658667,Warehouse & Logistics Specialist,,scraped,2026-07-15T18:58:06.997403,
e9c96701e2bb19c2,https://ee.linkedin.com/jobs/view/regional-sourcing-manager-baltics-scandinavia-region-%F0%9F%93%8D-tartu-tallinn-at-fractory-4439129852,Regional Sourcing Manager (Baltics & Scandinavia region) 📍 Tartu/Tallinn,,scraped,2026-07-15T18:58:15.401311,
ddd5fe4b07aa7f41,https://ee.linkedin.com/jobs/view/credit-and-collections-specialist-at-orien-trade-group-4437681816,Credit and Collections Specialist,,scraped,2026-07-15T18:58:24.658465,
332a486943342316,https://ee.linkedin.com/jobs/view/rahvusvahelise-%C3%A4riarenduse-spetsialist-at-eis-enterprise-estonia-4438067423,Rahvusvahelise äriarenduse spetsialist,,scraped,2026-07-15T18:58:36.587037,
27d690b4e76eac4f,https://ee.linkedin.com/jobs/view/ing%C3%A9nieur-de-recherche-h-f-carburants-solaires-proc%C3%A9d%C3%A9s-thermochimiques-at-cnrs-centre-est-4440918376,Ingénieur de Recherche (H/F) Carburants solaires/procédés thermochimiques,,scraped,2026-07-15T18:58:44.080350,
e644ac53eccd349d,https://ee.linkedin.com/jobs/view/puhastusteenindaja-at-eesti-t%C3%B6%C3%B6tukassa-4439968649,Puhastusteenindaja,,scraped,2026-07-15T18:58:51.453724,
068bb9a9e6a5fec9,https://ee.linkedin.com/jobs/view/kokk-at-eesti-t%C3%B6%C3%B6tukassa-4439814124,Kokk,,scraped,2026-07-15T18:58:58.115721,
b609e8248d2f3955,https://ee.linkedin.com/jobs/view/traktorist-at-eesti-t%C3%B6%C3%B6tukassa-4439964699,Traktorist,,scraped,2026-07-15T18:59:05.023084,
24866c836a84d375,https://ee.linkedin.com/jobs/view/valve%C3%BCksuslane-at-eesti-t%C3%B6%C3%B6tukassa-4439495891,Valveüksuslane,,scraped,2026-07-15T18:59:11.984198,
c90231aa61f9c839,https://ee.linkedin.com/jobs/view/puhastusteenindaja-p%C3%A4rnus-ja-seljametsas-osalise-koormusega-at-eesti-t%C3%B6%C3%B6tukassa-4439804343,Puhastusteenindaja Pärnus ja Seljametsas (osalise koormusega),,scraped,2026-07-15T18:59:18.851638,
03bc3843a6680baf,https://ee.linkedin.com/jobs/view/m%C3%BC%C3%BCgiesindaja-at-eesti-t%C3%B6%C3%B6tukassa-4439956839,Müügiesindaja,,scraped,2026-07-15T18:59:25.684914,
dabbb053a2805194,https://ee.linkedin.com/jobs/view/legal-product-counsel-relocation-to-milan-luxembourg-at-satispay-4440228678,Legal Product Counsel (Relocation to Milan/Luxembourg),,scraped,2026-07-15T18:59:32.638064,
8f3e4872f4ef3632,https://ee.linkedin.com/jobs/view/m%C3%BC%C3%BCja-kassapidaja-at-eesti-t%C3%B6%C3%B6tukassa-4439967583,Müüja-kassapidaja,,scraped,2026-07-15T18:59:40.147312,
a5ec32c9519b8e97,https://ee.linkedin.com/jobs/view/k%C3%B6%C3%B6gi-abit%C3%B6%C3%B6line-at-eesti-t%C3%B6%C3%B6tukassa-4439977199,Köögi abitööline,,scraped,2026-07-15T18:59:48.905107,
2a523ea83b68567e,https://ee.linkedin.com/jobs/view/m%C3%BC%C3%BCja-klienditeenindaja-at-eesti-t%C3%B6%C3%B6tukassa-4439805362,Müüja-klienditeenindaja,,scraped,2026-07-15T18:59:57.689723,
143b19123d8155d1,https://ee.linkedin.com/jobs/view/eripedagoog-at-eesti-t%C3%B6%C3%B6tukassa-4439964697,Eripedagoog,,scraped,2026-07-15T19:00:04.501090,
40d6d9a0dc7434f9,https://ee.linkedin.com/jobs/view/puhastusteenindaja-at-eesti-t%C3%B6%C3%B6tukassa-4439959786,Puhastusteenindaja,,scraped,2026-07-15T19:00:11.489194,
c1b39845ceeccb5a,https://ee.linkedin.com/jobs/view/m%C3%BC%C3%BCgikonsultant-at-eesti-t%C3%B6%C3%B6tukassa-4439957957,Müügikonsultant,,scraped,2026-07-15T19:00:18.716818,
987d2bd69f857953,https://ee.linkedin.com/jobs/view/k%C3%B6%C3%B6gi-abit%C3%B6%C3%B6line-n%C3%B5udepesija-at-eesti-t%C3%B6%C3%B6tukassa-4439959831,Köögi abitööline-nõudepesija,,scraped,2026-07-15T19:00:25.406682,
29a3096345a821f3,https://ee.linkedin.com/jobs/view/product-analyst-at-tickmill-4426407033,Product Analyst,,scraped,2026-07-15T19:00:32.284005,
0b4977a6f580aa18,https://ee.linkedin.com/jobs/view/product-owner-at-sisu-group-4417975707,Product Owner,SISU GROUP,posted,2026-07-15T19:00:46.567516,36
550d69531a60c59d,https://ee.linkedin.com/jobs/view/application-security-engineer-at-wrike-4432828585,Application Security Engineer,Wrike,posted,2026-07-15T19:00:58.351433,541
9bd9e2a3655df0cc,https://ee.linkedin.com/jobs/view/corporate-sales-manager-at-park-inn-by-radisson-meriton-conference-spa-hotel-tallinn-4437256184,Corporate Sales Manager,Park Inn by Radisson Meriton Conference & Spa Hotel Tallinn,posted,2026-07-15T19:01:13.310712,543
1f9c4828f532759f,https://ee.linkedin.com/jobs/view/head-of-product-at-scoro-4429248142,Head of Product,,scraped,2026-07-15T19:01:22.022191,
e229e6c266d32ce0,https://ee.linkedin.com/jobs/view/fraud-countermeasure-team-lead-fraud-platform-at-veriff-4412790764,Fraud Countermeasure Team Lead (Fraud Platform),Veriff,posted,2026-07-15T19:01:37.823859,545
b53754c1d0044dd7,https://ee.linkedin.com/jobs/view/data-engineer-at-cymoro-4437669731,Data Engineer,,scraped,2026-07-15T19:01:40.467612,
5e1ac533d2a7c32e,https://ee.linkedin.com/jobs/view/k%C3%BClmatehnik-at-eesti-t%C3%B6%C3%B6tukassa-4439800636,Külmatehnik,,scraped,2026-07-15T19:01:46.890607,
e1ddfeb6837f02a8,https://ee.linkedin.com/jobs/view/laot%C3%B6%C3%B6taja-komplekteerija-at-eesti-t%C3%B6%C3%B6tukassa-4439963759,Laotöötaja-komplekteerija,,scraped,2026-07-15T19:01:53.834559,
aa280138531a35cb,https://ee.linkedin.com/jobs/view/autoremondilukksepp-at-eesti-t%C3%B6%C3%B6tukassa-4439819031,Autoremondilukksepp,,scraped,2026-07-15T19:02:00.621003,
a5241c76f30b24ad,https://ee.linkedin.com/jobs/view/maidla-kooli-direktor-at-eesti-t%C3%B6%C3%B6tukassa-4439813176,Maidla Kooli direktor,,scraped,2026-07-15T19:02:07.228934,
4b90b2da33aecc4c,https://ee.linkedin.com/jobs/view/alutaguse-huvikeskuse-noorsoot%C3%B6%C3%B6juht-at-eesti-t%C3%B6%C3%B6tukassa-4439812129,Alutaguse Huvikeskuse noorsootööjuht,,scraped,2026-07-15T19:02:13.811646,
de5ae1970e016760,https://ee.linkedin.com/jobs/view/tegevusjuhendaja-at-eesti-t%C3%B6%C3%B6tukassa-4439804309,Tegevusjuhendaja,,scraped,2026-07-15T19:02:20.674948,
3e43912c3a3b2dd7,https://ee.linkedin.com/jobs/view/%C3%B5ppealajuhataja-at-eesti-t%C3%B6%C3%B6tukassa-4439968626,Õppealajuhataja,,scraped,2026-07-15T19:02:27.410616,
b2fd48406713c952,https://ee.linkedin.com/jobs/view/peakokk-at-eesti-t%C3%B6%C3%B6tukassa-4439974246,Peakokk,,scraped,2026-07-15T19:02:34.471582,
10839af1d55e26b9,https://ee.linkedin.com/jobs/view/painutuspingi-operaator-at-eesti-t%C3%B6%C3%B6tukassa-4439979038,Painutuspingi operaator,,scraped,2026-07-15T19:02:41.528587,
64afb643f66a7acd,https://ee.linkedin.com/jobs/view/personalijuht-at-eesti-t%C3%B6%C3%B6tukassa-4439966693,Personalijuht,,scraped,2026-07-15T19:02:48.310085,
d6babe945d06032c,https://ee.linkedin.com/jobs/view/toitlustuse-klienditeenindaja-at-eesti-t%C3%B6%C3%B6tukassa-4439814167,Toitlustuse klienditeenindaja,,scraped,2026-07-15T19:02:54.990042,
af407cc455513a9a,https://ee.linkedin.com/jobs/view/painutuspresside-operaator-at-eesti-t%C3%B6%C3%B6tukassa-4439974309,Painutuspresside operaator,,scraped,2026-07-15T19:03:01.578794,
3b5b95186500c0bd,https://ee.linkedin.com/jobs/view/lahingumoona-t%C3%B6%C3%B6koja-vanemtehnik-at-eesti-t%C3%B6%C3%B6tukassa-4439809333,Lahingumoona töökoja vanemtehnik,,scraped,2026-07-15T19:03:08.395251,
eb714a4e70f299c0,https://ee.linkedin.com/jobs/view/m%C3%BC%C3%BCja-klienditeenindaja-at-eesti-t%C3%B6%C3%B6tukassa-4439973410,Müüja-klienditeenindaja,,scraped,2026-07-15T19:03:15.308136,
b549d3af5816cb31,https://ee.linkedin.com/jobs/view/v%C3%A4ikeklassi-%C3%B5petaja-at-eesti-t%C3%B6%C3%B6tukassa-4439809292,Väikeklassi õpetaja,,scraped,2026-07-15T19:03:22.026673,
c2df310168a759f9,https://ee.linkedin.com/jobs/view/m%C3%BC%C3%BCja-klienditeenindaja-at-eesti-t%C3%B6%C3%B6tukassa-4439973444,Müüja-klienditeenindaja,,scraped,2026-07-15T19:03:28.685521,
aa7ebf25256daecb,https://ee.linkedin.com/jobs/view/m%C3%BC%C3%BCja-klienditeenindaja-at-eesti-t%C3%B6%C3%B6tukassa-4439960789,Müüja-klienditeenindaja,,scraped,2026-07-15T19:03:35.662084,
c174649f03856211,https://ee.linkedin.com/jobs/view/veoautode-remondilukksepp-at-eesti-t%C3%B6%C3%B6tukassa-4439802542,Veoautode remondilukksepp,,scraped,2026-07-15T19:03:42.487201,
48ae2915e188bfb8,https://ee.linkedin.com/jobs/view/ehituselektrik-at-eesti-t%C3%B6%C3%B6tukassa-4439815052,Ehituselektrik,,scraped,2026-07-15T19:03:49.249666,
650f025e173fc4c8,https://ee.linkedin.com/jobs/view/m%C3%BC%C3%BCja-klienditeenindaja-at-eesti-t%C3%B6%C3%B6tukassa-4439956841,Müüja-klienditeenindaja,,scraped,2026-07-15T19:03:55.795289,
49a9438545d5c3f0,https://ee.linkedin.com/jobs/view/br%C3%A4ndijuht-at-eesti-t%C3%B6%C3%B6tukassa-4439810209,Brändijuht,,scraped,2026-07-15T19:04:02.715781,
3f70c6ba72a64e85,https://ee.linkedin.com/jobs/view/global-sourcing-lead-at-bolt-4439981912,Global Sourcing Lead,,scraped,2026-07-15T19:04:09.554837,
3a3ee8a562e15dd3,https://ee.linkedin.com/jobs/view/pagar-at-eesti-t%C3%B6%C3%B6tukassa-4439806267,Pagar,,scraped,2026-07-15T19:04:15.903667,
048ef3d75908bfbb,https://ee.linkedin.com/jobs/view/painutuspingi-operaator-at-eesti-t%C3%B6%C3%B6tukassa-4439495942,Painutuspingi operaator,,scraped,2026-07-15T19:04:22.628938,
40c274c060e5ab2f,https://ee.linkedin.com/jobs/view/tellimuste-vastuv%C3%B5tja-kaubak%C3%A4sitleja-toiduainet%C3%B6%C3%B6stusesse-at-eesti-t%C3%B6%C3%B6tukassa-4439969627,Tellimuste vastuvõtja - kaubakäsitleja toiduainetööstusesse,,scraped,2026-07-15T19:04:29.189258,
b77ca37a60aca9e7,https://ee.linkedin.com/jobs/view/%C3%B5petaja-at-eesti-t%C3%B6%C3%B6tukassa-4439817076,Õpetaja,,scraped,2026-07-15T19:04:35.987877,
6df68961b214a912,https://ee.linkedin.com/jobs/view/administraator-at-eesti-t%C3%B6%C3%B6tukassa-4439976147,Administraator,,scraped,2026-07-15T19:04:42.855289,
068ecd5d4e6ab226,https://ee.linkedin.com/jobs/view/laserl%C3%B5ikepingi-operaator-at-eesti-t%C3%B6%C3%B6tukassa-4439959835,Laserlõikepingi operaator,,scraped,2026-07-15T19:04:49.625145,
d90ee5df77a5d4b2,https://ee.linkedin.com/jobs/view/elektritehnik-at-eesti-t%C3%B6%C3%B6tukassa-4439800626,Elektritehnik,,scraped,2026-07-15T19:04:56.863859,
2a9e18802088bd27,https://ee.linkedin.com/jobs/view/puhastusteenindaja-at-eesti-t%C3%B6%C3%B6tukassa-4439962713,Puhastusteenindaja,,scraped,2026-07-15T19:05:03.463871,
3fa4622e6e719cb3,https://ee.linkedin.com/jobs/view/puhastusteenindaja-at-eesti-t%C3%B6%C3%B6tukassa-4439967557,Puhastusteenindaja,,scraped,2026-07-15T19:05:09.935272,
421d968ae452f84d,https://ee.linkedin.com/jobs/view/puhastusteenindaja-koristaja-at-eesti-t%C3%B6%C3%B6tukassa-4439967555,"Puhastusteenindaja, koristaja",,scraped,2026-07-15T19:05:18.654813,
f980db62ab869deb,https://ee.linkedin.com/jobs/view/product-manager-self-managed-service-at-jobgether-4439973943,"Product Manager, Self Managed Service",,scraped,2026-07-15T19:05:25.765529,
f789015e3ec40514,https://ee.linkedin.com/jobs/view/ehitaja-at-eesti-t%C3%B6%C3%B6tukassa-4439962710,Ehitaja,,scraped,2026-07-15T19:05:32.131552,
4372957785eef03a,https://ee.linkedin.com/jobs/view/kokk-at-eesti-t%C3%B6%C3%B6tukassa-4439959882,Kokk,,scraped,2026-07-15T19:05:38.990524,
6834c34b06e1a928,https://ee.linkedin.com/jobs/view/abikokk-at-eesti-t%C3%B6%C3%B6tukassa-4439957924,Abikokk,,scraped,2026-07-15T19:05:45.786674,
b69764f11063f0ea,https://ee.linkedin.com/jobs/view/kokk-at-eesti-t%C3%B6%C3%B6tukassa-4439979087,Kokk,,scraped,2026-07-15T19:05:52.526254,
310fe1c7df6ed865,https://ee.linkedin.com/jobs/view/senior-delivery-director-immunology-and-respiratory-expertise-at-fortrea-4433873829,Senior Delivery Director - Immunology and Respiratory Expertise,Fortrea,posted,2026-07-15T19:06:09.677567,547
5872b4f9cc633a9f,https://ee.linkedin.com/jobs/view/tarneahela-spetsialist-at-eesti-t%C3%B6%C3%B6tukassa-4439808294,Tarneahela spetsialist,,scraped,2026-07-15T19:06:12.256713,
6dbd6eb2929d86d6,https://ee.linkedin.com/jobs/view/betoneerija-armeerija-at-eesti-t%C3%B6%C3%B6tukassa-4439964620,Betoneerija-armeerija,,scraped,2026-07-15T19:06:19.157393,
c20a66703e74f99a,https://ee.linkedin.com/jobs/view/global-head-of-enterprise-at-bolt-4439877033,Global Head of Enterprise,,scraped,2026-07-15T19:06:32.040597,
8d568e904c0f41a6,https://ee.linkedin.com/jobs/view/senior-tax-accounting-and-compliance-associate-at-bolt-4439980964,Senior Tax Accounting and Compliance Associate,,scraped,2026-07-15T19:06:38.544137,
f9668469b5c7b257,https://ee.linkedin.com/jobs/view/v%C3%A4lielektrit%C3%B6%C3%B6de-objektijuht-at-eesti-t%C3%B6%C3%B6tukassa-4439801561,Välielektritööde objektijuht,,scraped,2026-07-15T19:06:45.107254,
23c0a8c70fe341a9,https://ee.linkedin.com/jobs/view/information-security-consultant-internal-specialist-role-seb-tallinn-at-seb-eesti-4440041714,"Information Security Consultant (internal specialist role) | SEB, Tallinn",,scraped,2026-07-15T19:06:56.150703,
ea21ca8abf4dde5d,https://ee.linkedin.com/jobs/view/ps%C3%BChholoog-at-eesti-t%C3%B6%C3%B6tukassa-4439960713,Psühholoog,,scraped,2026-07-15T19:07:03.489335,
c5b2c8a8e3c7a351,https://ee.linkedin.com/jobs/view/desktop-support-technician-at-sharp-brains-4437285092,Desktop Support Technician,,scraped,2026-07-15T19:07:14.380690,
1686db46d10ec66c,https://ee.linkedin.com/jobs/view/baasikaitse-eskadrilli-julgeolekuallohvitser-at-eesti-t%C3%B6%C3%B6tukassa-4439968532,Baasikaitse eskadrilli julgeolekuallohvitser,,scraped,2026-07-15T19:07:25.023041,
3c0dd43e0b435291,https://ee.linkedin.com/jobs/view/ce-kategooria-autojuht-at-eesti-t%C3%B6%C3%B6tukassa-4439976266,CE-kategooria autojuht,,scraped,2026-07-15T19:07:34.209432,
02086b8d88452f53,https://ee.linkedin.com/jobs/view/autojuht-varustaja-at-eesti-t%C3%B6%C3%B6tukassa-4439974196,Autojuht-varustaja,,scraped,2026-07-15T19:07:41.068262,
5fcda52c1b633040,https://ee.linkedin.com/jobs/view/full-stack-developer-at-hcltech-4437699830,Full Stack Developer,,scraped,2026-07-15T19:07:52.140984,
237d0ec2100cc15f,https://ee.linkedin.com/jobs/view/ce-kategooria-autojuht-at-eesti-t%C3%B6%C3%B6tukassa-4439974207,CE-kategooria autojuht,,scraped,2026-07-15T19:07:59.271059,
d3adcedea62f0bde,https://ee.linkedin.com/jobs/view/account-manager-emea-at-doit-4423233400,"Account Manager, EMEA",DoiT,posted,2026-07-15T19:08:16.752676,549
1da7bb1671076f57,https://ee.linkedin.com/jobs/view/kehalise-kasvatuse-%C3%B5petaja-at-eesti-t%C3%B6%C3%B6tukassa-4439958843,Kehalise kasvatuse õpetaja,,scraped,2026-07-15T19:08:21.147342,
0b9545caff79e4bd,https://ee.linkedin.com/jobs/view/juuksurid-norrasse-at-eutalents-4439946971,Juuksurid Norrasse,EUTALENTS,posted,2026-07-15T19:08:35.006068,533
84055ff933d0f12a,https://ee.linkedin.com/jobs/view/metallkonstruktsioonide-koostaja-at-eesti-t%C3%B6%C3%B6tukassa-4439967593,Metallkonstruktsioonide koostaja,,scraped,2026-07-15T19:08:37.620832,
69bd4c7416570a98,https://ee.linkedin.com/jobs/view/finnish-qa-lead-remote-at-yo-it-consulting-4439491750,Finnish QA Lead - Remote,,scraped,2026-07-15T19:08:44.587313,
377010ae489338a3,https://ee.linkedin.com/jobs/view/growth-manager-conversion-rate-optimization-at-ruby-labs-4440557804,Growth Manager (Conversion Rate Optimization),Ruby Labs,posted,2026-07-15T19:08:57.557372,551
0e48fc3120d11752,https://ee.linkedin.com/jobs/view/hooldustehnik-santehnik-at-eesti-t%C3%B6%C3%B6tukassa-4439965773,Hooldustehnik-santehnik,,scraped,2026-07-15T19:09:00.126896,
022e8de9e84417d7,https://ee.linkedin.com/jobs/view/international-affiliate-estonia-at-lyra-health-4439131198,International Affiliate - Estonia,Lyra Health,posted,2026-07-15T19:09:14.698322,553
3d710277f5a019a1,https://ee.linkedin.com/jobs/view/v%C3%A4rbamispartner-at-tamro-baltics-4441217186,Värbamispartner,,scraped,2026-07-15T19:09:19.354875,
1bbb45a9935ff755,https://ee.linkedin.com/jobs/view/applied-ai-engineer-at-doit-4438071798,Applied AI Engineer,DoiT,posted,2026-07-15T19:09:34.306201,555
34e00e53320a828f,https://ee.linkedin.com/jobs/view/product-owner-at-ridango-4440902627,Product Owner,,scraped,2026-07-15T19:09:37.005323,
09bfba7817520ca7,https://ee.linkedin.com/jobs/view/employment-lifecycle-management-lead-at-konecranes-4438404279,Employment Lifecycle Management Lead,Konecranes,posted,2026-07-15T19:09:54.234228,557
45e40b922d721412,https://ee.linkedin.com/jobs/view/client-success-manager-at-wallester-4437280482,Client Success Manager,,scraped,2026-07-15T19:09:56.828233,
248158b17e336cec,https://ee.linkedin.com/jobs/view/startup-investor-or-partner-4437697571,Startup Investor or Partner,Guidefriend.com,posted,2026-07-15T19:10:13.834339,559
03ee393f880d4c60,https://ee.linkedin.com/jobs/view/senior-data-center-it-technician-at-nebius-4437664463,Senior Data Center IT Technician,,scraped,2026-07-15T19:10:16.730177,
d0596db5a0cf5181,https://ee.linkedin.com/jobs/view/inventory-control-specialist-at-ericsson-4428736111,Inventory Control Specialist,,scraped,2026-07-15T19:10:33.054706,
cf1cf7b880f15fd5,https://ee.linkedin.com/jobs/view/veterinaar-loomaarst-at-eesti-t%C3%B6%C3%B6tukassa-4439971447,Veterinaar (loomaarst),,scraped,2026-07-15T19:10:41.456445,
3fd67f031da9dd80,https://ee.linkedin.com/jobs/view/optilise-v%C3%B5rgu-spetsialist-at-enefit-4440007426,Optilise võrgu spetsialist,,scraped,2026-07-15T19:10:56.674799,
e77c436cebd5e8ab,https://ee.linkedin.com/jobs/view/global-head-of-merchant-strategy-planning-at-bolt-4439856762,Global Head of Merchant Strategy & Planning,,scraped,2026-07-15T19:11:04.924659,
28dcb326ef869516,https://ee.linkedin.com/jobs/view/andmelao-arendaja-at-rmit-4437280013,Andmelao arendaja,,scraped,2026-07-15T19:11:15.172613,
3a498d445c560b91,https://ee.linkedin.com/jobs/view/plc-programmer-at-ericsson-4439991988,PLC Programmer,,scraped,2026-07-15T19:11:24.647089,
5d7877a41743caa5,https://ee.linkedin.com/jobs/view/data-center-it-manager-at-nebius-4437658673,Data Center IT Manager,,scraped,2026-07-15T19:11:35.030623,
8aa6932fa16b3f0b,https://ee.linkedin.com/jobs/view/information-technology-specialist-at-sharp-brains-4437659416,Information Technology Specialist,,scraped,2026-07-15T19:11:42.444889,
ad97eb3080cad3b1,https://ee.linkedin.com/jobs/view/f%C3%BCsioterapeut-at-eesti-t%C3%B6%C3%B6tukassa-4439961733,Füsioterapeut,,scraped,2026-07-15T19:11:51.165273,
7dbe676b83d86622,https://ee.linkedin.com/jobs/view/eesti-keele-%C3%B5petaja-at-eesti-t%C3%B6%C3%B6tukassa-4439498899,Eesti keele õpetaja,,scraped,2026-07-15T19:11:57.954539,
38251fddaa2bd2da,https://ee.linkedin.com/jobs/view/abit%C3%B6%C3%B6line-at-eesti-t%C3%B6%C3%B6tukassa-4439968517,Abitööline,,scraped,2026-07-15T19:12:04.721691,
0d52546d3e579ad7,https://ee.linkedin.com/jobs/view/puhastusteenindaja-at-eesti-t%C3%B6%C3%B6tukassa-4439960705,Puhastusteenindaja,,scraped,2026-07-15T19:12:11.715853,
5aa1e2deb777b10e,https://ee.linkedin.com/jobs/view/puhastusteenindaja-at-eesti-t%C3%B6%C3%B6tukassa-4439959793,Puhastusteenindaja,,scraped,2026-07-15T19:12:18.442896,
b1831e88851e7ff3,https://ee.linkedin.com/jobs/view/kokk-at-eesti-t%C3%B6%C3%B6tukassa-4439803484,Kokk,,scraped,2026-07-15T19:12:25.327117,
7a1e98ce89baaf06,https://ee.linkedin.com/jobs/view/kyc-operations-senior-analyst-sma-at-wise-4422895391,KYC Operations Senior Analyst - SMA,,scraped,2026-07-15T19:12:32.374476,
1082c8852336b30a,https://ee.linkedin.com/jobs/view/business-development-manager-nordics-at-eaton-4428543416,Business Development Manager - Nordics,Eaton,posted,2026-07-15T19:13:30.895342,561
1ce68ca2f51b01b0,https://ee.linkedin.com/jobs/view/principal-decision-scientist-marketing-at-pipedrive-4440957826,Principal Decision Scientist - Marketing,Pipedrive,posted,2026-07-15T19:13:45.301878,563
2733cf33cd40b8a1,https://ee.linkedin.com/jobs/view/senior-workday-hris-analyst-at-stoneridge-4432425986,Senior Workday HRIS Analyst,Stoneridge,posted,2026-07-15T19:13:57.131859,565
8e6be678ff4894f5,https://ee.linkedin.com/jobs/view/spend-operations-quality-control-specialist-at-wise-4440203157,Spend Operations Quality Control Specialist,,scraped,2026-07-15T19:14:01.808641,
f0c7f0f6685293b2,https://ee.linkedin.com/jobs/view/kyc-operations-senior-analyst-sma-night-shifts-at-wise-4423216231,KYC Operations Senior Analyst - SMA (Night shifts),,scraped,2026-07-15T19:14:09.787986,
851964084b2dc54f,https://ee.linkedin.com/jobs/view/software-engineer-generative-ai-platform-at-wise-4430552823,Software Engineer - Generative AI Platform,,scraped,2026-07-15T19:14:22.375297,
c015587448bee5e7,https://ee.linkedin.com/jobs/view/head-of-legal-at-bolt-4439142613,Head of Legal,,scraped,2026-07-15T19:14:32.532800,
6c37fd5e654bd9d7,https://ee.linkedin.com/jobs/view/staff-software-engineer-product-engineering-eu-at-ashby-4403621477,"Staff Software Engineer, Product Engineering - EU",Ashby,posted,2026-07-15T19:14:50.135487,567
21aba96f11db276b,https://ee.linkedin.com/jobs/view/technical-team-lead-at-chili-publish-4439793888,Technical Team Lead,,scraped,2026-07-15T19:14:54.761706,
4db15f439f647761,https://ee.linkedin.com/jobs/view/software-architect-at-stoneridge-4440306700,Software Architect,Stoneridge,posted,2026-07-15T19:15:13.090666,569
f6e477c09fca7e5e,https://ee.linkedin.com/jobs/view/puhastusteenindaja-tori-ja-selja-kauplustesse-at-eesti-t%C3%B6%C3%B6tukassa-4439974208,Puhastusteenindaja Tori ja Selja kauplustesse,,scraped,2026-07-15T19:15:17.628199,
53268a59b8a43d3a,https://ee.linkedin.com/jobs/view/arendaja-kaubam%C3%BC%C3%BCk-it-%C3%A4ri-ja-finantseerimine-at-telia-4440050159,"Arendaja (kaubamüük, IT äri ja finantseerimine)",,scraped,2026-07-15T19:15:26.758648,
69d5a7960f8ae0cb,https://ee.linkedin.com/jobs/view/senior-cloudops-engineer-at-wrike-4430893915,Senior CloudOps Engineer,Wrike,posted,2026-07-15T19:15:41.924907,571
44da6dd6d04a136b,https://ee.linkedin.com/jobs/view/senior-engineering-lead-treasury-at-wise-4439991720,Senior Engineering Lead - Treasury,,scraped,2026-07-15T19:15:48.643026,
70c6221ad2ab954a,https://ee.linkedin.com/jobs/view/senior-program-manager-driver-growth-new-driver-retention-at-bolt-4439992628,"Senior Program Manager, Driver Growth (New Driver Retention)",,scraped,2026-07-15T19:15:56.618598,
3709e88f4662f00b,https://ee.linkedin.com/jobs/view/mobile-application-developer-ios-at-tickmill-4400177562,Mobile Application Developer (iOS),,scraped,2026-07-15T19:16:07.635789,
9070ceec593f5649,https://ee.linkedin.com/jobs/view/flight-operations-manager-at-lendurai-4437661575,Flight Operations Manager,,scraped,2026-07-15T19:16:14.551098,
f4e606f7e81731d1,https://ee.linkedin.com/jobs/view/senior-statistical-programmer-sponsor-dedicated-at-fortrea-4292880799,Senior Statistical Programmer - Sponsor Dedicated,Fortrea,posted,2026-07-15T19:16:29.834576,573
cdd3d76d63981e19,https://ee.linkedin.com/jobs/view/fitbit-customer-support-specialist-with-danish-and-english-at-telus-digital-4440992146,Fitbit Customer Support Specialist with Danish and English,,scraped,2026-07-15T19:16:32.607791,
7372f55fe48c8793,https://ee.linkedin.com/jobs/view/senior-security-engineer-data-platform-at-luminor-group-4441206754,Senior Security Engineer (Data Platform),Luminor Group,posted,2026-07-15T19:16:54.294820,575
f7f695ae8a2b21c2,https://ee.linkedin.com/jobs/view/staff-lead-data-scientist-bangkok-based-relocation-provided-at-agoda-4411446601,"Staff/Lead Data Scientist (Bangkok based, Relocation provided)",Agoda,posted,2026-07-15T19:17:26.342184,577
85efabb2a3ec7253,https://ee.linkedin.com/jobs/view/tehnilise-toe-spetsialist-soome-keele-oskusega-at-fujitsu-4440017735,Tehnilise toe spetsialist (soome keele oskusega),,scraped,2026-07-15T19:17:29.082881,
b895907fca5bd3c2,https://ee.linkedin.com/jobs/view/solutions-consultant-with-danish-and-english-relocation-to-sofia-bulgaria-at-telus-digital-4428866237,"Solutions Consultant with Danish and English - Relocation to Sofia, Bulgaria",,scraped,2026-07-15T19:17:36.043833,
5136feb0672f1107,https://ee.linkedin.com/jobs/view/digital-trust-and-safety-specialist-with-danish-and-english-relocation-to-sofia-bulgaria-at-telus-digital-4428865346,"Digital Trust and Safety Specialist with Danish and English - Relocation to Sofia, Bulgaria",,scraped,2026-07-15T19:17:42.749169,
182e60bacda577c9,https://ee.linkedin.com/jobs/view/m%C3%BC%C3%BCgijuht-kliendihaldur-at-united-talents-4438057768,Müügijuht/kliendihaldur,,scraped,2026-07-15T19:17:49.640263,
ecf3568961321816,https://ee.linkedin.com/jobs/view/digital-trust-and-safety-specialist-with-danish-and-english-relocation-to-sofia-bulgaria-at-telus-digital-4428857818,"Digital Trust and Safety Specialist with Danish and English - Relocation to Sofia, Bulgaria",,scraped,2026-07-15T19:17:58.525260,
219467d6bd20cc17,https://ee.linkedin.com/jobs/view/aednik-at-eesti-t%C3%B6%C3%B6tukassa-4441156101,Aednik,,scraped,2026-07-17T18:40:44.439790,
d10f7099d4268ce1,https://ee.linkedin.com/jobs/view/kojamees-at-eesti-t%C3%B6%C3%B6tukassa-4441133932,Kojamees,,scraped,2026-07-17T18:40:51.128194,
a3708eda13464ced,https://ee.linkedin.com/jobs/view/careers-with-nato-%E2%80%94-join-wlg-s-talent-network-tallinn-at-wlg-4440794457,Careers with NATO — Join WLG's Talent Network (Tallinn),WLG,posted,2026-07-17T18:41:07.011535,579
bcc259390c9b157a,https://ee.linkedin.com/jobs/view/vehicles-specialist-at-bolt-4432956689,Vehicles Specialist,,scraped,2026-07-17T18:41:09.560052,
c7bc57218045a86c,https://ee.linkedin.com/jobs/view/mapping-vehicle-operator-at-bolt-4432954748,Mapping Vehicle Operator,,scraped,2026-07-17T18:41:21.906617,
56f0b626dbfc6ca0,https://ee.linkedin.com/jobs/view/kinnisvara-hindaja-at-eesti-t%C3%B6%C3%B6tukassa-4441153311,Kinnisvara hindaja,,scraped,2026-07-17T18:41:34.288722,
187c37ff3018d695,https://ee.linkedin.com/jobs/view/vanemteenindaja-at-eesti-t%C3%B6%C3%B6tukassa-4440630320,Vanemteenindaja,,scraped,2026-07-17T18:41:40.935819,
908088e4e39e0fa6,https://ee.linkedin.com/jobs/view/majandust%C3%B6%C3%B6taja-at-eesti-t%C3%B6%C3%B6tukassa-4440640141,Majandustöötaja,,scraped,2026-07-17T18:41:47.514149,
9f3584730c3647a5,https://ee.linkedin.com/jobs/view/hooldaja-at-eesti-t%C3%B6%C3%B6tukassa-4440625611,Hooldaja,,scraped,2026-07-17T18:41:54.268005,
6d352a736e7c87de,https://ee.linkedin.com/jobs/view/m%C3%B6%C3%B6blitisler-at-eesti-t%C3%B6%C3%B6tukassa-4441143665,Mööblitisler,,scraped,2026-07-17T18:42:00.706591,
39391b351082b408,https://ee.linkedin.com/jobs/view/m%C3%B6%C3%B6blitisler-at-eesti-t%C3%B6%C3%B6tukassa-4441136876,Mööblitisler,,scraped,2026-07-17T18:42:07.302008,
a555682b5ab5d30a,https://ee.linkedin.com/jobs/view/kokk-at-eesti-t%C3%B6%C3%B6tukassa-4440630379,Kokk,,scraped,2026-07-17T18:42:13.874380,
b0533e0983f39a94,https://ee.linkedin.com/jobs/view/kokk-abikokk-at-eesti-t%C3%B6%C3%B6tukassa-4440628383,Kokk/abikokk,,scraped,2026-07-17T18:42:20.607801,
e86a5054a4182d9d,https://ee.linkedin.com/jobs/view/pesumaja-triikija-at-eesti-t%C3%B6%C3%B6tukassa-4439960814,Pesumaja triikija,,scraped,2026-07-17T18:42:27.006912,
0d8150c3a42afcfc,https://ee.linkedin.com/jobs/view/teenindaja-at-eesti-t%C3%B6%C3%B6tukassa-4440635239,Teenindaja,,scraped,2026-07-17T18:42:33.601402,
d90adba8c7ac25c4,https://ee.linkedin.com/jobs/view/f%C3%BC%C3%BCsika%C3%B5petaja-at-eesti-t%C3%B6%C3%B6tukassa-4440630243,Füüsikaõpetaja,,scraped,2026-07-17T18:42:40.193478,
c38b62a26b69ab2e,https://ee.linkedin.com/jobs/view/teenindaja-at-eesti-t%C3%B6%C3%B6tukassa-4439812139,Teenindaja,,scraped,2026-07-17T18:42:48.902196,
e811665ecf7e4f9e,https://ee.linkedin.com/jobs/view/teenindaja-at-eesti-t%C3%B6%C3%B6tukassa-4440620879,Teenindaja,,scraped,2026-07-17T18:42:55.487489,
082c7f9590144112,https://ee.linkedin.com/jobs/view/brigadir-at-eesti-t%C3%B6%C3%B6tukassa-4439818064,Brigadir,,scraped,2026-07-17T18:43:06.161420,
bc771c39cf046b7c,https://ee.linkedin.com/jobs/view/teenindaja-at-eesti-t%C3%B6%C3%B6tukassa-4439963650,Teenindaja,,scraped,2026-07-17T18:43:14.831310,
3420f6f1640eb595,https://ee.linkedin.com/jobs/view/keevitaja-at-eesti-t%C3%B6%C3%B6tukassa-4440631360,Keevitaja,,scraped,2026-07-17T18:43:25.303228,
ea95f2ca13ece5e6,https://ee.linkedin.com/jobs/view/toormelaohoidja-at-eesti-t%C3%B6%C3%B6tukassa-4439969628,Toormelaohoidja,,scraped,2026-07-17T18:43:33.882126,
bfb858fcbf3214cd,https://ee.linkedin.com/jobs/view/veoautojuht-at-eesti-t%C3%B6%C3%B6tukassa-4441151191,Veoautojuht,,scraped,2026-07-17T18:43:40.395656,
abe339f8765f4cbf,https://ee.linkedin.com/jobs/view/raamatupidaja-at-eesti-t%C3%B6%C3%B6tukassa-4440630252,Raamatupidaja,,scraped,2026-07-17T18:43:47.262663,
2cbe74268e543a1c,https://ee.linkedin.com/jobs/view/kokk-at-eesti-t%C3%B6%C3%B6tukassa-4440640136,Kokk,,scraped,2026-07-17T18:43:56.029900,
f38f317c98f7c7b9,https://ee.linkedin.com/jobs/view/hooldust%C3%B6%C3%B6taja-at-eesti-t%C3%B6%C3%B6tukassa-4440624631,Hooldustöötaja,,scraped,2026-07-17T18:44:02.641780,
841a003d43d90844,https://ee.linkedin.com/jobs/view/klienditeenindaja-at-eesti-t%C3%B6%C3%B6tukassa-4440619969,Klienditeenindaja,,scraped,2026-07-17T18:44:13.124296,
e747fe9ba817f41e,https://ee.linkedin.com/jobs/view/abi%C3%B5petaja-at-eesti-t%C3%B6%C3%B6tukassa-4440623659,Abiõpetaja,,scraped,2026-07-17T18:44:19.765036,
6209322d3471aae1,https://ee.linkedin.com/jobs/view/saeraami-operaator-at-eesti-t%C3%B6%C3%B6tukassa-4439818017,Saeraami operaator,,scraped,2026-07-17T18:44:26.437344,
b1a86799acb896f2,https://ee.linkedin.com/jobs/view/technical-recruiter-talent-acquisition-partner-at-jobgether-4440764366,Technical Recruiter / Talent Acquisition Partner,,scraped,2026-07-17T18:44:37.184058,
3c3ffa2c288e53ad,https://ee.linkedin.com/jobs/view/individuaal%C3%B5petaja-at-eesti-t%C3%B6%C3%B6tukassa-4440622689,Individuaalõpetaja,,scraped,2026-07-17T18:44:43.491480,
c06f28efafbd3af7,https://ee.linkedin.com/jobs/view/valve%C3%BCksuslane-at-eesti-t%C3%B6%C3%B6tukassa-4439803514,Valveüksuslane,,scraped,2026-07-17T18:44:50.165951,
1528c7468280fe21,https://ee.linkedin.com/jobs/view/puhastusteenindaja-at-eesti-t%C3%B6%C3%B6tukassa-4440629342,Puhastusteenindaja,,scraped,2026-07-17T18:44:56.872012,
4348be0d79ff8627,https://ee.linkedin.com/jobs/view/ekskavaatorijuht-at-eesti-t%C3%B6%C3%B6tukassa-4439973432,Ekskavaatorijuht,,scraped,2026-07-17T18:45:05.836069,
0106887013bbabb6,https://ee.linkedin.com/jobs/view/roomikekskavaatorijuht-at-eesti-t%C3%B6%C3%B6tukassa-4440624635,Roomikekskavaatorijuht,,scraped,2026-07-17T18:45:12.562781,
bdcaaf11f1bec8df,https://ee.linkedin.com/jobs/view/pesukorraldaja-at-eesti-t%C3%B6%C3%B6tukassa-4439966602,Pesukorraldaja,,scraped,2026-07-17T18:45:19.181336,
62046b4bae752d1d,https://ee.linkedin.com/jobs/view/autojuht-at-eesti-t%C3%B6%C3%B6tukassa-4441138867,Autojuht,,scraped,2026-07-17T18:45:25.744968,
09f25ac0bb1653c8,https://ee.linkedin.com/jobs/view/armeerija-at-eesti-t%C3%B6%C3%B6tukassa-4439811143,Armeerija,,scraped,2026-07-17T18:45:32.546239,
ad0cbde5c6432ac3,https://ee.linkedin.com/jobs/view/tootmist%C3%B6%C3%B6line-at-eesti-t%C3%B6%C3%B6tukassa-4440628493,Tootmistööline,,scraped,2026-07-17T18:45:40.941067,
b3a86a3963471eb7,https://ee.linkedin.com/jobs/view/%C3%BCldehitaja-at-eesti-t%C3%B6%C3%B6tukassa-4441142727,Üldehitaja,,scraped,2026-07-17T18:45:47.476798,
ef68255c093ae5ee,https://ee.linkedin.com/jobs/view/toitlustusteenindaja-at-eesti-t%C3%B6%C3%B6tukassa-4439804332,Toitlustusteenindaja,,scraped,2026-07-17T18:45:54.061001,
862b3264ded28f88,https://ee.linkedin.com/jobs/view/n%C3%B5unik-at-eesti-t%C3%B6%C3%B6tukassa-4440633357,Nõunik,,scraped,2026-07-17T18:46:02.539520,
6b739cd450181a23,https://ee.linkedin.com/jobs/view/tootmist%C3%B6%C3%B6line-toiduainet%C3%B6%C3%B6stuses-at-eesti-t%C3%B6%C3%B6tukassa-4439801530,Tootmistööline toiduainetööstuses,,scraped,2026-07-17T18:46:09.135340,
a14176a91fe69752,https://ee.linkedin.com/jobs/view/abit%C3%B6%C3%B6line-at-eesti-t%C3%B6%C3%B6tukassa-4441153318,Abitööline,,scraped,2026-07-17T18:46:17.472933,
6dc612ce8ee45aa4,https://ee.linkedin.com/jobs/view/abihooldust%C3%B6%C3%B6taja-at-eesti-t%C3%B6%C3%B6tukassa-4439499678,Abihooldustöötaja,,scraped,2026-07-17T18:46:24.214280,
3b3863c6dd0ae51b,https://ee.linkedin.com/jobs/view/puhastusteenindaja-at-eesti-t%C3%B6%C3%B6tukassa-4440625679,Puhastusteenindaja,,scraped,2026-07-17T18:46:32.719456,
5ef48ca5880402b2,https://ee.linkedin.com/jobs/view/farmit%C3%B6%C3%B6line-at-eesti-t%C3%B6%C3%B6tukassa-4440643002,Farmitööline,,scraped,2026-07-17T18:46:39.225670,
710eb21fe257a56f,https://ee.linkedin.com/jobs/view/kaubavastuv%C3%B5tja-at-eesti-t%C3%B6%C3%B6tukassa-4439960795,Kaubavastuvõtja,,scraped,2026-07-17T18:46:48.072269,
940b73cc0e398200,https://ee.linkedin.com/jobs/view/tootmist%C3%B6%C3%B6line-at-eesti-t%C3%B6%C3%B6tukassa-4441145662,Tootmistööline,,scraped,2026-07-17T18:46:54.879451,
351ba93ae962ab64,https://ee.linkedin.com/jobs/view/pakendaja-at-eesti-t%C3%B6%C3%B6tukassa-4439815118,Pakendaja,,scraped,2026-07-17T18:47:01.561078,
b3a56e39729550e1,https://ee.linkedin.com/jobs/view/puhastusteenindaja-at-eesti-t%C3%B6%C3%B6tukassa-4441140796,Puhastusteenindaja,,scraped,2026-07-17T18:47:08.126406,
7f7256f74d0a6d49,https://ee.linkedin.com/jobs/view/uste-akende-paigaldaja-at-eesti-t%C3%B6%C3%B6tukassa-4441143699,"Uste, akende paigaldaja",,scraped,2026-07-17T18:47:14.744066,
dea19bb4474003ac,https://ee.linkedin.com/jobs/view/kaablikomplektide-koostaja-at-eesti-t%C3%B6%C3%B6tukassa-4439819032,Kaablikomplektide koostaja,,scraped,2026-07-17T18:47:21.371861,
dc53996152c5a0dd,https://ee.linkedin.com/jobs/view/vee-ja-kanalisatsioonitrasside-ehitaja-at-eesti-t%C3%B6%C3%B6tukassa-4441133915,Vee- ja kanalisatsioonitrasside ehitaja,,scraped,2026-07-17T18:47:30.094820,
8abe99cdeef0c6c4,https://ee.linkedin.com/jobs/view/keevitaja-koostaja-at-eesti-t%C3%B6%C3%B6tukassa-4440620875,Keevitaja-koostaja,,scraped,2026-07-17T18:47:36.656907,
022a55eb1a941df2,https://ee.linkedin.com/jobs/view/autojuht-klienditeenindaja-at-eesti-t%C3%B6%C3%B6tukassa-4441134929,Autojuht-klienditeenindaja,,scraped,2026-07-17T18:47:43.124697,
c9baf78c4e88261f,https://ee.linkedin.com/jobs/view/teet%C3%B6%C3%B6line-at-eesti-t%C3%B6%C3%B6tukassa-4441137813,Teetööline,,scraped,2026-07-17T18:47:49.881683,
7326d72643d5f8cf,https://ee.linkedin.com/jobs/view/baaridaam-ettekandja-at-eesti-t%C3%B6%C3%B6tukassa-4439969630,Baaridaam-ettekandja,,scraped,2026-07-17T18:47:56.548789,
69067b2aefbd1587,https://ee.linkedin.com/jobs/view/p%C3%A4evane-puhastusteenindaja-kontoris-at-eesti-t%C3%B6%C3%B6tukassa-4439809289,Päevane puhastusteenindaja kontoris,,scraped,2026-07-17T18:48:03.292991,
c3e12cc7bc71e28a,https://ee.linkedin.com/jobs/view/l%C3%BCpsja-farmit%C3%B6%C3%B6line-at-eesti-t%C3%B6%C3%B6tukassa-4439958943,Lüpsja-farmitööline,,scraped,2026-07-17T18:48:09.965050,
3c815b49aa4e6fdf,https://ee.linkedin.com/jobs/view/laot%C3%B6%C3%B6taja-autolammutuses-at-eesti-t%C3%B6%C3%B6tukassa-4439804297,Laotöötaja autolammutuses,,scraped,2026-07-17T18:48:16.583841,
affb7463ae875256,https://ee.linkedin.com/jobs/view/autojuht-at-eesti-t%C3%B6%C3%B6tukassa-4440622702,Autojuht,,scraped,2026-07-17T18:48:23.213040,
ca15429e3a017f9e,https://ee.linkedin.com/jobs/view/koristaja-abi-hooldaja-at-eesti-t%C3%B6%C3%B6tukassa-4441159088,Koristaja / abi hooldaja,,scraped,2026-07-17T18:48:29.816018,
ab5403080539d655,https://ee.linkedin.com/jobs/view/raamatukoguhoidja-at-eesti-t%C3%B6%C3%B6tukassa-4440621778,Raamatukoguhoidja,,scraped,2026-07-17T18:48:36.565575,
abca543d9e806299,https://ee.linkedin.com/jobs/view/%C3%A4rikliendihaldur-at-eesti-t%C3%B6%C3%B6tukassa-4439975194,Ärikliendihaldur,,scraped,2026-07-17T18:48:43.333189,
9e7605e4820c766a,https://ee.linkedin.com/jobs/view/laevakoostaja-at-eesti-t%C3%B6%C3%B6tukassa-4441137887,Laevakoostaja,,scraped,2026-07-17T18:48:49.881808,
a709e07b0a572d27,https://ee.linkedin.com/jobs/view/kalat%C3%B6%C3%B6tleja-at-eesti-t%C3%B6%C3%B6tukassa-4440625689,Kalatöötleja,,scraped,2026-07-17T18:48:58.354027,
e2bfa41f79aac3d7,https://ee.linkedin.com/jobs/view/kalat%C3%B6%C3%B6tleja-at-eesti-t%C3%B6%C3%B6tukassa-4440624785,Kalatöötleja,,scraped,2026-07-17T18:49:04.914158,
f60ce13d1b5e183b,https://ee.linkedin.com/jobs/view/koolips%C3%BChholoog-at-eesti-t%C3%B6%C3%B6tukassa-4440637035,Koolipsühholoog,,scraped,2026-07-17T18:49:11.504152,
6c4e0f80d2bf1213,https://ee.linkedin.com/jobs/view/raamatupidaja-at-eesti-t%C3%B6%C3%B6tukassa-4441155196,Raamatupidaja,,scraped,2026-07-17T18:49:18.004780,
88348d9de829b3cc,https://ee.linkedin.com/jobs/view/tootmist%C3%B6%C3%B6taja-at-eesti-t%C3%B6%C3%B6tukassa-4439964604,Tootmistöötaja,,scraped,2026-07-17T18:49:24.591195,
e828b5580667acb6,https://ee.linkedin.com/jobs/view/personalit%C3%B6%C3%B6taja-at-eesti-t%C3%B6%C3%B6tukassa-4439965676,Personalitöötaja,,scraped,2026-07-17T18:49:31.263518,
2903c597a4597d0f,https://ee.linkedin.com/jobs/view/koduhooldust%C3%B6%C3%B6taja-at-eesti-t%C3%B6%C3%B6tukassa-4439974201,Koduhooldustöötaja,,scraped,2026-07-17T18:49:37.668216,
387547aa73ce5ca7,https://ee.linkedin.com/jobs/view/product-manager-at-bigbank-4441210422,Product Manager,,scraped,2026-07-17T18:49:45.029949,
ca672765cafbb65e,https://ee.linkedin.com/jobs/view/logopeed-at-eesti-t%C3%B6%C3%B6tukassa-4440638036,Logopeed,,scraped,2026-07-17T18:49:53.434605,
fe2336ea3233a511,https://ee.linkedin.com/jobs/view/puusepp-at-eesti-t%C3%B6%C3%B6tukassa-4440636233,Puusepp,,scraped,2026-07-17T18:49:59.975441,
8b41fa08831f030e,https://ee.linkedin.com/jobs/view/logopeed-at-eesti-t%C3%B6%C3%B6tukassa-4440620826,Logopeed,,scraped,2026-07-17T18:50:06.617662,
8e439149cf0eda43,https://ee.linkedin.com/jobs/view/betoneerija-at-eesti-t%C3%B6%C3%B6tukassa-4439495946,Betoneerija,,scraped,2026-07-17T18:50:13.246473,
03a852cfc9769de2,https://ee.linkedin.com/jobs/view/events-manager-at-psi-cro-4438722278,Events Manager,,scraped,2026-07-17T18:50:19.952045,
41d72b8d5193b175,https://ee.linkedin.com/jobs/view/klienditeenindaja-at-eesti-t%C3%B6%C3%B6tukassa-4441141806,Klienditeenindaja,,scraped,2026-07-17T18:50:30.057625,
8f2218fd1645229d,https://ee.linkedin.com/jobs/view/tehase-abit%C3%B6%C3%B6line-at-eesti-t%C3%B6%C3%B6tukassa-4439973348,Tehase abitööline,,scraped,2026-07-17T18:50:36.437249,
148b207cac25f56c,https://ee.linkedin.com/jobs/view/noorte-n%C3%B5ustaja-at-eesti-t%C3%B6%C3%B6tukassa-4439974311,Noorte nõustaja,,scraped,2026-07-17T18:50:42.997944,
5428163373c910bd,https://ee.linkedin.com/jobs/view/f%C3%BCsioterapeut-at-eesti-t%C3%B6%C3%B6tukassa-4439814158,Füsioterapeut,,scraped,2026-07-17T18:50:49.514753,
4e80a625b2dd086e,https://ee.linkedin.com/jobs/view/h%C3%B6%C3%B6velmasina-operaator-at-eesti-t%C3%B6%C3%B6tukassa-4440618957,Höövelmasina operaator,,scraped,2026-07-17T18:50:56.154107,
ed52d85cf1e29da4,https://ee.linkedin.com/jobs/view/lapsehoidja-at-eesti-t%C3%B6%C3%B6tukassa-4440633214,Lapsehoidja,,scraped,2026-07-17T18:51:04.918039,
2549f10e0b8b2cdf,https://ee.linkedin.com/jobs/view/raamatupidaja-at-eesti-t%C3%B6%C3%B6tukassa-4440624774,Raamatupidaja,,scraped,2026-07-17T18:51:12.470701,
35152e7a5b020b33,https://ee.linkedin.com/jobs/view/tootmist%C3%B6%C3%B6line-at-eesti-t%C3%B6%C3%B6tukassa-4441156129,Tootmistööline,,scraped,2026-07-17T18:51:18.925797,
88f56f86206eb379,https://ee.linkedin.com/jobs/view/m%C3%BC%C3%BCja-ekspediitor-at-eesti-t%C3%B6%C3%B6tukassa-4440621898,Müüja-ekspediitor,,scraped,2026-07-17T18:51:27.469372,
5c7f2c8f5d0bf3c1,https://ee.linkedin.com/jobs/view/juhataja-at-eesti-t%C3%B6%C3%B6tukassa-4441156246,Juhataja,,scraped,2026-07-17T18:51:33.866954,
ed247a2a0b4c228e,https://ee.linkedin.com/jobs/view/v%C3%B5rguadministraator-at-eesti-t%C3%B6%C3%B6tukassa-4440631371,Võrguadministraator,,scraped,2026-07-17T18:51:40.571595,
713e517faf7b3baa,https://ee.linkedin.com/jobs/view/lihatoodete-valmistaja-at-eesti-t%C3%B6%C3%B6tukassa-4439812154,Lihatoodete valmistaja,,scraped,2026-07-17T18:51:47.103364,
b52c1fc48f39b95b,https://ee.linkedin.com/jobs/view/asendustalunik-at-eesti-t%C3%B6%C3%B6tukassa-4439818005,Asendustalunik,,scraped,2026-07-17T18:51:53.661412,
22ca96dd9a6c4e2c,https://ee.linkedin.com/jobs/view/loodusainete-%C3%B5petaja-at-eesti-t%C3%B6%C3%B6tukassa-4440630382,Loodusainete õpetaja,,scraped,2026-07-17T18:52:00.201996,
3ac53d1d2efd2249,https://ee.linkedin.com/jobs/view/m%C3%BC%C3%BCgi-ja-turundusspetsialist-at-eesti-t%C3%B6%C3%B6tukassa-4439971581,Müügi- ja turundusspetsialist,,scraped,2026-07-17T18:52:06.854321,
f58f7c70223e291f,https://ee.linkedin.com/jobs/view/roomikekskavaatorijuht-at-eesti-t%C3%B6%C3%B6tukassa-4439956847,Roomikekskavaatorijuht,,scraped,2026-07-17T18:52:13.452063,
6cc74e894af70550,https://ee.linkedin.com/jobs/view/kondiiter-at-eesti-t%C3%B6%C3%B6tukassa-4439969611,Kondiiter,,scraped,2026-07-17T18:52:20.252693,
20cc39d18e9409f3,https://ee.linkedin.com/jobs/view/torustikupaigaldaja-at-eesti-t%C3%B6%C3%B6tukassa-4439496927,Torustikupaigaldaja,,scraped,2026-07-17T18:52:26.945680,
82a36c94f5e751a6,https://ee.linkedin.com/jobs/view/valve%C3%BCksuslane-at-eesti-t%C3%B6%C3%B6tukassa-4439130359,Valveüksuslane,,scraped,2026-07-17T18:52:33.359466,
6380c8a9cd891a46,https://ee.linkedin.com/jobs/view/ehituse-j%C3%A4relevalve-insener-at-eesti-t%C3%B6%C3%B6tukassa-4439972516,Ehituse järelevalve insener,,scraped,2026-07-17T18:52:39.924664,
bb8bfcbe912fc423,https://ee.linkedin.com/jobs/view/kassapidaja-at-eesti-t%C3%B6%C3%B6tukassa-4441138824,Kassapidaja,,scraped,2026-07-17T18:52:46.590289,
ed3f6a934104574f,https://ee.linkedin.com/jobs/view/noorsoot%C3%B6%C3%B6taja-at-eesti-t%C3%B6%C3%B6tukassa-4439977220,Noorsootöötaja,,scraped,2026-07-17T18:52:53.221273,
281cf35b815cdc45,https://ee.linkedin.com/jobs/view/maaler-at-eesti-t%C3%B6%C3%B6tukassa-4440637052,Maaler,,scraped,2026-07-17T18:52:59.969941,
85383b8dfc5a57b5,https://ee.linkedin.com/jobs/view/robootika-huviringi-juhendaja-at-eesti-t%C3%B6%C3%B6tukassa-4439802590,Robootika huviringi juhendaja,,scraped,2026-07-17T18:53:06.642247,
2865fa066e83a0bd,https://ee.linkedin.com/jobs/view/matemaatika%C3%B5petaja-at-eesti-t%C3%B6%C3%B6tukassa-4441133947,Matemaatikaõpetaja,,scraped,2026-07-17T18:53:13.146733,
55c3bc8ff4db732b,https://ee.linkedin.com/jobs/view/tootmist%C3%B6%C3%B6line-at-eesti-t%C3%B6%C3%B6tukassa-4441152249,Tootmistööline,,scraped,2026-07-17T18:53:19.924974,
995523fa41f9a35f,https://ee.linkedin.com/jobs/view/user-acquisition-manager-remote-at-pragmatike-4439359135,User Acquisition Manager (Remote),,scraped,2026-07-17T18:53:26.625864,
7053da2cf6b63a5a,https://ee.linkedin.com/jobs/view/puhastusteenindaja-at-eesti-t%C3%B6%C3%B6tukassa-4439970566,Puhastusteenindaja,,scraped,2026-07-17T18:53:33.067315,
87439d00d171ca66,https://ee.linkedin.com/jobs/view/kvaliteedijuht-at-eesti-t%C3%B6%C3%B6tukassa-4441148490,Kvaliteedijuht,,scraped,2026-07-17T18:53:43.621905,
39970207da047551,https://ee.linkedin.com/jobs/view/laot%C3%B6%C3%B6taja-at-eesti-t%C3%B6%C3%B6tukassa-4439803527,Laotöötaja,,scraped,2026-07-17T18:53:50.191614,
b64f5745e1ca3aae,https://ee.linkedin.com/jobs/view/creative-copywriter-at-bolt-4439991599,Creative Copywriter,,scraped,2026-07-17T18:53:56.910918,
f4c4ee08574ac92e,https://ee.linkedin.com/jobs/view/haldusjuht-at-eesti-t%C3%B6%C3%B6tukassa-4439814131,Haldusjuht,,scraped,2026-07-17T18:54:05.397842,
d35466d065b91121,https://ee.linkedin.com/jobs/view/projektijuht-at-eesti-t%C3%B6%C3%B6tukassa-4440631278,Projektijuht,,scraped,2026-07-17T18:54:12.195695,
0b08f70079d15e1d,https://ee.linkedin.com/jobs/view/padjaliini-t%C3%B6%C3%B6taja-at-eesti-t%C3%B6%C3%B6tukassa-4439974182,Padjaliini töötaja,,scraped,2026-07-17T18:54:18.889178,
2835146810a92a8e,https://ee.linkedin.com/jobs/view/raudbetoontoodete-koostaja-at-eesti-t%C3%B6%C3%B6tukassa-4440642090,Raudbetoontoodete koostaja,,scraped,2026-07-17T18:54:27.645172,
fedd1dd99af25c6f,https://ee.linkedin.com/jobs/view/puidupingi-operaator-at-eesti-t%C3%B6%C3%B6tukassa-4439807271,Puidupingi operaator,,scraped,2026-07-17T18:54:34.147164,
f00cc4638f45777e,https://ee.linkedin.com/jobs/view/operaator-seadistaja-at-eesti-t%C3%B6%C3%B6tukassa-4441151230,Operaator-seadistaja,,scraped,2026-07-17T18:54:40.819927,
1a886a533d22093a,https://ee.linkedin.com/jobs/view/instruktor-at-eesti-t%C3%B6%C3%B6tukassa-4439803526,Instruktor,,scraped,2026-07-17T18:54:47.404029,
23c9fffc9e02c214,https://ee.linkedin.com/jobs/view/abit%C3%B6%C3%B6line-tartu-lasteaed-ristikhein-daily-toitlustusse%21-at-eesti-t%C3%B6%C3%B6tukassa-4440633348,ABITÖÖLINE Tartu Lasteaed Ristikhein Daily toitlustusse!,,scraped,2026-07-17T18:54:53.934557,
1b243c6242fbb659,https://ee.linkedin.com/jobs/view/paberimasina-operaator-at-eesti-t%C3%B6%C3%B6tukassa-4441133933,Paberimasina operaator,,scraped,2026-07-17T18:55:00.549317,
6e399ce1901fe735,https://ee.linkedin.com/jobs/view/arst-at-eesti-t%C3%B6%C3%B6tukassa-4441146665,Arst,,scraped,2026-07-17T18:55:07.171687,
acbe8a0c8d443a31,https://ee.linkedin.com/jobs/view/pakkija-komplekteerija-at-eesti-t%C3%B6%C3%B6tukassa-4441146691,Pakkija-komplekteerija,,scraped,2026-07-17T18:55:17.754632,
04a59972d168ba54,https://ee.linkedin.com/jobs/view/tootmist%C3%B6%C3%B6line-at-eesti-t%C3%B6%C3%B6tukassa-4441156154,Tootmistööline,,scraped,2026-07-17T18:55:24.360118,
2bc19122751edb78,https://ee.linkedin.com/jobs/view/m%C3%BC%C3%BCja-klienditeenindaja-at-eesti-t%C3%B6%C3%B6tukassa-4441144699,Müüja-klienditeenindaja,,scraped,2026-07-17T18:55:31.048437,
9718ac987bbfe97a,https://ee.linkedin.com/jobs/view/masinaelementide-koostaja-at-eesti-t%C3%B6%C3%B6tukassa-4441136882,Masinaelementide koostaja,,scraped,2026-07-17T18:55:39.503426,
6a7b97be27f76a2e,https://ee.linkedin.com/jobs/view/kokk-tartu-lasteaed-ristikhein-daily-toitlustusse%21-at-eesti-t%C3%B6%C3%B6tukassa-4440643000,KOKK Tartu Lasteaed Ristikhein Daily toitlustusse!,,scraped,2026-07-17T18:55:46.152800,
19515d04af3a5b94,https://ee.linkedin.com/jobs/view/tootmisseadmete-operaator-at-eesti-t%C3%B6%C3%B6tukassa-4440628390,Tootmisseadmete operaator,,scraped,2026-07-17T18:55:52.935824,
785be414b612b440,https://ee.linkedin.com/jobs/view/vahetusevanem-at-eesti-t%C3%B6%C3%B6tukassa-4441141702,Vahetusevanem,,scraped,2026-07-17T18:56:00.167836,
25b1f41bb24dc9f1,https://ee.linkedin.com/jobs/view/operatiivplaneerimise-n%C3%B5unik-at-eesti-t%C3%B6%C3%B6tukassa-4439495932,Operatiivplaneerimise nõunik,,scraped,2026-07-17T18:56:06.938846,
12910c48301e4161,https://ee.linkedin.com/jobs/view/luure-ja-julgeoleku-sektsiooni-staabiallohvitser-at-eesti-t%C3%B6%C3%B6tukassa-4439804307,Luure ja julgeoleku sektsiooni staabiallohvitser,,scraped,2026-07-17T18:56:13.494394,
48a3e04e764b73fe,https://ee.linkedin.com/jobs/view/logopeed-at-eesti-t%C3%B6%C3%B6tukassa-4439495921,Logopeed,,scraped,2026-07-17T18:56:22.173581,
b933c8260eb7faae,https://ee.linkedin.com/jobs/view/ettekandja-kelner-at-eesti-t%C3%B6%C3%B6tukassa-4441132997,Ettekandja/kelner,,scraped,2026-07-17T18:56:28.834186,
2701887c849be48e,https://ee.linkedin.com/jobs/view/vahetuse-vanem-at-eesti-t%C3%B6%C3%B6tukassa-4441145605,Vahetuse vanem,,scraped,2026-07-17T18:56:35.222019,
745e8f0f5969f002,https://ee.linkedin.com/jobs/view/n%C3%B5rkvoolutehnik-at-eesti-t%C3%B6%C3%B6tukassa-4441154121,Nõrkvoolutehnik,,scraped,2026-07-17T18:56:42.055935,
147e23286b08221a,https://ee.linkedin.com/jobs/view/traktorist-at-eesti-t%C3%B6%C3%B6tukassa-4440642099,Traktorist,,scraped,2026-07-17T18:56:48.793310,
e6dd9ff94fe3d52a,https://ee.linkedin.com/jobs/view/tugiisik-abi%C3%B5petaja-at-eesti-t%C3%B6%C3%B6tukassa-4439967594,Tugiisik-abiõpetaja,,scraped,2026-07-17T18:56:55.333898,
0a89ae25130c2455,https://ee.linkedin.com/jobs/view/kraanajuht-troppija-at-eesti-t%C3%B6%C3%B6tukassa-4439965645,Kraanajuht-troppija,,scraped,2026-07-17T18:57:02.188561,
b19e319cdc1198b0,https://ee.linkedin.com/jobs/view/riide-ja-erivarustuse-planeerimise-sektsiooni-spetsialist-at-eesti-t%C3%B6%C3%B6tukassa-4439800646,Riide- ja erivarustuse planeerimise sektsiooni spetsialist,,scraped,2026-07-17T18:57:08.933214,
4a9032311b0e139d,https://ee.linkedin.com/jobs/view/saekaatri-operaator-at-eesti-t%C3%B6%C3%B6tukassa-4439813179,Saekaatri operaator,,scraped,2026-07-17T18:57:15.472714,
baf80a1ccf836ff3,https://ee.linkedin.com/jobs/view/operatsioonide-ja-v%C3%A4lja%C3%B5ppe-sektsiooni-staabiallohvitser-at-eesti-t%C3%B6%C3%B6tukassa-4440629226,Operatsioonide ja väljaõppe sektsiooni staabiallohvitser,,scraped,2026-07-17T18:57:22.088565,
e761e4779e7aacc1,https://ee.linkedin.com/jobs/view/lintsae-operator-at-eesti-t%C3%B6%C3%B6tukassa-4441154192,Lintsae operator,,scraped,2026-07-17T18:57:30.831002,
74f79156cfaee418,https://ee.linkedin.com/jobs/view/kaupluse-t%C3%B6%C3%B6taja-at-eesti-t%C3%B6%C3%B6tukassa-4441137807,Kaupluse töötaja,,scraped,2026-07-17T18:57:37.624990,
cb5f78377f8bac2f,https://ee.linkedin.com/jobs/view/kaupluse-t%C3%B6%C3%B6taja-at-eesti-t%C3%B6%C3%B6tukassa-4441150240,Kaupluse töötaja,,scraped,2026-07-17T18:57:44.021724,
6ed1c9df39d293ae,https://ee.linkedin.com/jobs/view/puidut%C3%B6%C3%B6tlemispingi-operaator-at-eesti-t%C3%B6%C3%B6tukassa-4441139958,Puidutöötlemispingi operaator,,scraped,2026-07-17T18:57:52.705148,
389b9ad46932e34f,https://ee.linkedin.com/jobs/view/kaupluse-t%C3%B6%C3%B6taja-at-eesti-t%C3%B6%C3%B6tukassa-4441140665,Kaupluse töötaja,,scraped,2026-07-17T18:57:59.486962,
dac3e2c189da789c,https://ee.linkedin.com/jobs/view/operations-specialist-at-bolt-4432973899,Operations Specialist,,scraped,2026-07-17T18:58:06.081662,
aee8d746e3961f86,https://ee.linkedin.com/jobs/view/veoautojuht-at-eesti-t%C3%B6%C3%B6tukassa-4440635176,Veoautojuht,,scraped,2026-07-17T18:58:12.424454,
ebe71b28cf23f4a6,https://ee.linkedin.com/jobs/view/aml-compliance-specialist-at-plus500%E2%84%A2-4426830037,AML Compliance Specialist,,scraped,2026-07-17T18:58:18.905653,
eb0be4ad32923c4a,https://ee.linkedin.com/jobs/view/logopeed-at-eesti-t%C3%B6%C3%B6tukassa-4441138800,Logopeed,,scraped,2026-07-17T18:58:25.945241,
8bea8c07d3eabb70,https://ee.linkedin.com/jobs/view/autolukksepp-at-eesti-t%C3%B6%C3%B6tukassa-4439973389,Autolukksepp,,scraped,2026-07-17T18:58:32.540481,
036a1b130f62941a,https://ee.linkedin.com/jobs/view/seadmete-montaa%C5%BEimeister-at-eesti-t%C3%B6%C3%B6tukassa-4440634145,Seadmete montaažimeister,,scraped,2026-07-17T18:58:39.038378,
cef761884c2d04b0,https://ee.linkedin.com/jobs/view/keevitaja-koostelukksepp-at-eesti-t%C3%B6%C3%B6tukassa-4440638043,Keevitaja-koostelukksepp,,scraped,2026-07-17T18:58:45.719676,
54dcd9cbd0769054,https://ee.linkedin.com/jobs/view/farmi-hooldustehnik-at-eesti-t%C3%B6%C3%B6tukassa-4439495915,Farmi hooldustehnik,,scraped,2026-07-17T18:58:52.648202,
e70a175b8f7e4db9,https://ee.linkedin.com/jobs/view/lasteaia%C3%B5petaja-at-eesti-t%C3%B6%C3%B6tukassa-4441138861,Lasteaiaõpetaja,,scraped,2026-07-17T18:58:59.231922,
18ba825ba81f91ff,https://ee.linkedin.com/jobs/view/haridus-ja-kultuuriosakonna-juht-at-eesti-t%C3%B6%C3%B6tukassa-4441135991,Haridus- ja kultuuriosakonna juht,,scraped,2026-07-17T18:59:05.841865,
655cfbb563faa3cf,https://ee.linkedin.com/jobs/view/veoautojuht-at-eesti-t%C3%B6%C3%B6tukassa-4440634160,Veoautojuht,,scraped,2026-07-17T18:59:12.377580,
4f37efd276c7290e,https://ee.linkedin.com/jobs/view/saemees-at-eesti-t%C3%B6%C3%B6tukassa-4441133921,Saemees,,scraped,2026-07-17T18:59:18.997148,
3d06f4ee7628d89c,https://ee.linkedin.com/jobs/view/software-engineer-i-at-checkout-com-4429875589,Software Engineer I,,scraped,2026-07-17T18:59:25.662788,
ba9944c605a5ab6c,https://ee.linkedin.com/jobs/view/freelance-recruiter-global-recruitment-partner-at-jobgether-4440664451,Freelance Recruiter (Global Recruitment Partner),,scraped,2026-07-17T18:59:32.039839,
e01a9ce99eced5cf,https://ee.linkedin.com/jobs/view/vahetusevanem-at-eesti-t%C3%B6%C3%B6tukassa-4441142792,Vahetusevanem,,scraped,2026-07-17T18:59:38.362867,
db0760b53957c992,https://ee.linkedin.com/jobs/view/treener-at-eesti-t%C3%B6%C3%B6tukassa-4440639113,Treener,,scraped,2026-07-17T18:59:44.770211,
a5cd631b450af58b,https://ee.linkedin.com/jobs/view/laojuhataja-at-eesti-t%C3%B6%C3%B6tukassa-4441154109,Laojuhataja,,scraped,2026-07-17T18:59:51.434199,
da10de0a2aad5695,https://ee.linkedin.com/jobs/view/third-party-risk-lead-at-wise-4439994718,Third Party Risk Lead,,scraped,2026-07-17T18:59:58.055779,
b0551d671fc7c170,https://ee.linkedin.com/jobs/view/devops-engineer-at-coolbet-4439212208,DevOps Engineer,Coolbet,posted,2026-07-17T19:00:13.732026,156
d73efcde4581b8f9,https://ee.linkedin.com/jobs/view/technical-account-manager-at-modash-4439249314,Technical Account Manager,,scraped,2026-07-17T19:00:16.437184,
c1dcf6301189b896,https://ee.linkedin.com/jobs/view/technical-service-trainer-claim-validator-specialist-at-electrolux-group-4409022337,Technical Service Trainer & Claim Validator Specialist,Electrolux Group,posted,2026-07-17T19:01:11.573065,581
b8857f796a10072e,https://ee.linkedin.com/jobs/view/m%C3%BC%C3%BCgiesindaja-sales-representative-at-berner-produkten-4441966041,Müügiesindaja (Sales Representative),Berner Produkten b.v.,posted,2026-07-17T19:01:27.441403,583
d4b4527f7a64cfa9,https://ee.linkedin.com/jobs/view/senior-industry-advisor-due-diligence-equity-at-bletchley-int-4438079317,Senior Industry Advisor - Due Diligence (Equity),Bletchley Int,posted,2026-07-17T19:01:36.938799,585
4a6d482083d34aca,https://ee.linkedin.com/jobs/view/sportsbook-campaign-manager-at-coolbet-4438792540,Sportsbook Campaign Manager,Coolbet,posted,2026-07-17T19:01:48.766392,587
9438d872c469d937,https://ee.linkedin.com/jobs/view/head-accountant-at-carlsberg-group-4440728973,Head Accountant,,scraped,2026-07-17T19:01:51.503306,
30507fe784ef5670,https://ee.linkedin.com/jobs/view/m%C3%BC%C3%BCgijuht-at-eesti-t%C3%B6%C3%B6tukassa-4440636116,Müügijuht,,scraped,2026-07-17T19:02:00.247712,
f1d0bbac93cb526c,https://ee.linkedin.com/jobs/view/puhastusteenindaja-koristaja-at-eesti-t%C3%B6%C3%B6tukassa-4439969632,"Puhastusteenindaja, koristaja",,scraped,2026-07-17T19:02:07.158713,
740f53c502153d1c,https://ee.linkedin.com/jobs/view/%C3%B5de-at-eesti-t%C3%B6%C3%B6tukassa-4441137876,Õde,,scraped,2026-07-17T19:02:14.004082,
26b20da4166aa18a,https://ee.linkedin.com/jobs/view/n%C3%B5rkvoolu-tehnik-at-eesti-t%C3%B6%C3%B6tukassa-4441134930,Nõrkvoolu tehnik,,scraped,2026-07-17T19:02:20.779893,
7a132b4669908d92,https://ee.linkedin.com/jobs/view/software-engineer-at-clar-4441971402,Software Engineer,,scraped,2026-07-17T19:02:27.475303,
f10184632655858a,https://ee.linkedin.com/jobs/view/pinnaset%C3%B6%C3%B6de-tegija-at-eesti-t%C3%B6%C3%B6tukassa-4441141709,Pinnasetööde tegija,,scraped,2026-07-17T19:02:35.267506,
885b621d16d17db5,https://ee.linkedin.com/jobs/view/vahetusevanem-at-eesti-t%C3%B6%C3%B6tukassa-4441154111,Vahetusevanem,,scraped,2026-07-17T19:02:41.625588,
b681d12b5417e4d0,https://ee.linkedin.com/jobs/view/metallit%C3%B6%C3%B6line-at-eesti-t%C3%B6%C3%B6tukassa-4439977125,Metallitööline,,scraped,2026-07-17T19:02:48.391661,
af1f40b960fac42f,https://ee.linkedin.com/jobs/view/kaupluse-juhataja-at-eesti-t%C3%B6%C3%B6tukassa-4440640107,Kaupluse juhataja,,scraped,2026-07-17T19:02:55.032934,
c7d365b8a72ad385,https://ee.linkedin.com/jobs/view/oskust%C3%B6%C3%B6line-at-eesti-t%C3%B6%C3%B6tukassa-4440641005,Oskustööline,,scraped,2026-07-17T19:03:01.440873,
4c4060515a09c2e9,https://ee.linkedin.com/jobs/view/workplace-experience-team-lead-at-bolt-4432956692,Workplace Experience Team Lead,,scraped,2026-07-17T19:03:08.289083,
84b9872c3487c61e,https://ee.linkedin.com/jobs/view/tootmisjuht-at-eesti-t%C3%B6%C3%B6tukassa-4439814169,Tootmisjuht,,scraped,2026-07-17T19:03:18.622568,
b0236578b38cc3f3,https://ee.linkedin.com/jobs/view/%C3%B5petaja-abi-at-eesti-t%C3%B6%C3%B6tukassa-4440630376,Õpetaja abi,,scraped,2026-07-17T19:03:27.230184,
2a35fd999e406e21,https://ee.linkedin.com/jobs/view/kaupluse-t%C3%B6%C3%B6taja-at-eesti-t%C3%B6%C3%B6tukassa-4441140650,Kaupluse töötaja,,scraped,2026-07-17T19:03:34.015938,
e94d0a77d5b49567,https://ee.linkedin.com/jobs/view/muruniitja-at-eesti-t%C3%B6%C3%B6tukassa-4439957850,Muruniitja,,scraped,2026-07-17T19:03:40.401164,
c63041b9afcf06d9,https://ee.linkedin.com/jobs/view/elektrik-at-eesti-t%C3%B6%C3%B6tukassa-4439980014,Elektrik,,scraped,2026-07-17T19:03:47.009000,
7529caca25789c5b,https://ee.linkedin.com/jobs/view/omaalgatuste-programmi-koordinaator-at-eesti-t%C3%B6%C3%B6tukassa-4439809323,Omaalgatuste programmi koordinaator,,scraped,2026-07-17T19:03:53.564577,
cecc07e8a9d6ea33,https://ee.linkedin.com/jobs/view/kasutajatoe-nooremspetsialist-at-eesti-t%C3%B6%C3%B6tukassa-4439809332,Kasutajatoe nooremspetsialist,,scraped,2026-07-17T19:04:00.401355,
712964ad08e4e7e2,https://ee.linkedin.com/jobs/view/koolidirektor-at-eesti-t%C3%B6%C3%B6tukassa-4441134908,koolidirektor,,scraped,2026-07-17T19:04:07.348974,
8a272821c6807920,https://ee.linkedin.com/jobs/view/product-manager-micromobility-growth-and-pricing-at-bolt-4432963265,"Product Manager, Micromobility Growth and Pricing",,scraped,2026-07-17T19:04:14.271592,
a3b44a30f83a4453,https://ee.linkedin.com/jobs/view/disainer-at-eesti-t%C3%B6%C3%B6tukassa-4441158020,Disainer,,scraped,2026-07-17T19:04:20.659844,
432100bb7c856033,https://ee.linkedin.com/jobs/view/matemaatika%C3%B5petaja-at-eesti-t%C3%B6%C3%B6tukassa-4441134913,Matemaatikaõpetaja,,scraped,2026-07-17T19:04:27.564865,
4f2291e002c26e09,https://ee.linkedin.com/jobs/view/m%C3%BC%C3%BCja-klienditeenindaja-at-eesti-t%C3%B6%C3%B6tukassa-4441144650,Müüja-klienditeenindaja,,scraped,2026-07-17T19:04:34.145181,
97988cf00ade7d08,https://ee.linkedin.com/jobs/view/projekteerimise-projektijuht-at-eesti-t%C3%B6%C3%B6tukassa-4441138734,Projekteerimise projektijuht,,scraped,2026-07-17T19:04:40.808229,
0efb46bea21408f4,https://ee.linkedin.com/jobs/view/eripedagoog-at-eesti-t%C3%B6%C3%B6tukassa-4441140730,Eripedagoog,,scraped,2026-07-17T19:04:47.216219,
86735e6506131e14,https://ee.linkedin.com/jobs/view/abikokk-at-eesti-t%C3%B6%C3%B6tukassa-4441157002,Abikokk,,scraped,2026-07-17T19:04:53.857604,
63748934ab10ff53,https://ee.linkedin.com/jobs/view/senior-data-engineer-at-mwdn-4440767272,Senior Data Engineer,MWDN,posted,2026-07-17T19:05:06.511585,72
d53e8a61fd7e9cc0,https://ee.linkedin.com/jobs/view/ps%C3%BChholoog-at-eesti-t%C3%B6%C3%B6tukassa-4441150394,Psühholoog,,scraped,2026-07-17T19:05:09.219512,
75aac6a7f18ef9c2,https://ee.linkedin.com/jobs/view/ce-kategooria-autojuht-at-eesti-t%C3%B6%C3%B6tukassa-4439807277,CE-kategooria autojuht,,scraped,2026-07-17T19:05:16.474890,
0021fcbe387f4446,https://ee.linkedin.com/jobs/view/poegimislauda-t%C3%B6%C3%B6taja-vasikatalitaja-at-eesti-t%C3%B6%C3%B6tukassa-4439499730,Poegimislauda töötaja- vasikatalitaja,,scraped,2026-07-17T19:05:23.488233,
0eb9d78613cc7d85,https://ee.linkedin.com/jobs/view/autojuht-at-eesti-t%C3%B6%C3%B6tukassa-4441143669,Autojuht,,scraped,2026-07-17T19:05:30.181155,
c7007eecc4e38038,https://ee.linkedin.com/jobs/view/puhastusteenindaja-at-eesti-t%C3%B6%C3%B6tukassa-4441136975,Puhastusteenindaja,,scraped,2026-07-17T19:05:37.211734,
e4e1f92cd8b9f068,https://ee.linkedin.com/jobs/view/hooldaja-at-eesti-t%C3%B6%C3%B6tukassa-4441141814,Hooldaja,,scraped,2026-07-17T19:05:43.821991,
29f70615147a0aa5,https://ee.linkedin.com/jobs/view/kaupluse-t%C3%B6%C3%B6taja-at-eesti-t%C3%B6%C3%B6tukassa-4441152191,Kaupluse töötaja,,scraped,2026-07-17T19:05:50.494566,
ee67b926777d03f0,https://ee.linkedin.com/jobs/view/puhastusteenindaja-at-eesti-t%C3%B6%C3%B6tukassa-4440619965,Puhastusteenindaja,,scraped,2026-07-17T19:05:57.088158,
86de991d6887c81a,https://ee.linkedin.com/jobs/view/puhastusteenindaja-koristaja-at-eesti-t%C3%B6%C3%B6tukassa-4441149436,"Puhastusteenindaja, koristaja",,scraped,2026-07-17T19:06:03.676435,
5a9d250082b6691a,https://ee.linkedin.com/jobs/view/ce-kategooria-autojuht-at-eesti-t%C3%B6%C3%B6tukassa-4439804341,CE-kategooria autojuht,,scraped,2026-07-17T19:06:12.224999,
8071a3a46c1d0149,https://ee.linkedin.com/jobs/view/hooldusn%C3%B5unik-at-eesti-t%C3%B6%C3%B6tukassa-4441134954,Hooldusnõunik,,scraped,2026-07-17T19:06:18.878400,
74d54ffcde2afe31,https://ee.linkedin.com/jobs/view/growth-analyst-at-bolt-4432959496,Growth Analyst,,scraped,2026-07-17T19:06:25.521238,
c2dfbd7b46285fc6,https://ee.linkedin.com/jobs/view/creative-producer-female-oriented-product-at-jobgether-4439816256,Creative Producer (Female-Oriented Product),,scraped,2026-07-17T19:06:32.004096,
0be254c79ddf95f0,https://ee.linkedin.com/jobs/view/koristaja-at-eesti-t%C3%B6%C3%B6tukassa-4441151303,Koristaja,,scraped,2026-07-17T19:06:38.432424,
dc1e40f17006b408,https://ee.linkedin.com/jobs/view/inspitsient-at-eesti-t%C3%B6%C3%B6tukassa-4441145764,inspitsient,,scraped,2026-07-17T19:06:45.129295,
ea0e4599e37af3fc,https://ee.linkedin.com/jobs/view/t%C3%B5stuki-ja-laadurijuht-at-eesti-t%C3%B6%C3%B6tukassa-4440625545,Tõstuki- ja laadurijuht,,scraped,2026-07-17T19:06:51.854107,
fd79a3726202b88a,https://ee.linkedin.com/jobs/view/puhastusteenindaja-at-eesti-t%C3%B6%C3%B6tukassa-4440625556,Puhastusteenindaja,,scraped,2026-07-17T19:07:00.366778,
52393919dacd43f3,https://ee.linkedin.com/jobs/view/growth-strategy-analyst-at-bolt-4432972097,Growth Strategy Analyst,,scraped,2026-07-17T19:07:07.121997,
8beec531653af43f,https://ee.linkedin.com/jobs/view/laserl%C3%B5ikepingi-operaator-at-eesti-t%C3%B6%C3%B6tukassa-4441160004,Laserlõikepingi operaator,,scraped,2026-07-17T19:07:13.414043,
42ea6109bcdc4478,https://ee.linkedin.com/jobs/view/metallit%C3%B6%C3%B6line-at-eesti-t%C3%B6%C3%B6tukassa-4440619967,Metallitööline,,scraped,2026-07-17T19:07:20.001670,
17c561a91e909f6e,https://ee.linkedin.com/jobs/view/eritellimusm%C3%B6%C3%B6bli-tehnoloog-at-eesti-t%C3%B6%C3%B6tukassa-4439967677,Eritellimusmööbli tehnoloog,,scraped,2026-07-17T19:07:26.711694,
65e48500b74a1427,https://ee.linkedin.com/jobs/view/specialist-accounts-receivable-at-ovation-healthcare-4441612948,"Specialist, Accounts Receivable",Ovation Healthcare,posted,2026-07-17T19:07:39.551256,589
eeac8177e1642c62,https://ee.linkedin.com/jobs/view/juuksur-at-eesti-t%C3%B6%C3%B6tukassa-4441152283,Juuksur,,scraped,2026-07-17T19:07:42.068914,
27457c60f49ed551,https://ee.linkedin.com/jobs/view/strategic-defence-engagement-manager-at-praesidium-defence-ou-4440636036,Strategic Defence Engagement Manager,,scraped,2026-07-17T19:07:49.031957,
26bf7fdfe210fcb0,https://ee.linkedin.com/jobs/view/autojuht-lukksepp-at-eesti-t%C3%B6%C3%B6tukassa-4439974306,Autojuht- lukksepp,,scraped,2026-07-17T19:07:57.504216,
4cca559a9c1d0664,https://ee.linkedin.com/jobs/view/front-end-developer-react-at-tickmill-4385008024,Front-End Developer (React),,scraped,2026-07-17T19:08:04.196891,
e7f5f15da45ceb1c,https://ee.linkedin.com/jobs/view/m%C3%BC%C3%BCja-klienditeenindaja-at-eesti-t%C3%B6%C3%B6tukassa-4441133914,Müüja-klienditeenindaja,,scraped,2026-07-17T19:08:11.455000,
1bff6c96a9fe8424,https://ee.linkedin.com/jobs/view/m%C3%BC%C3%BCgiesindaja-m%C3%BC%C3%BCgikonsultant-at-eesti-t%C3%B6%C3%B6tukassa-4441147560,"Müügiesindaja, müügikonsultant",,scraped,2026-07-17T19:08:24.127505,
2db82611f19d684e,https://ee.linkedin.com/jobs/view/information-security-officer-at-sunly-4440779861,Information Security Officer,,scraped,2026-07-17T19:08:30.769293,
f8548f7a8b4488a8,https://ee.linkedin.com/jobs/view/information-technology-support-specialist-at-tech-zone-llc-4437255190,Information Technology Support Specialist,Tech Zone LLC,posted,2026-07-17T19:08:47.947288,591
e11f0eed9e77c5b8,https://ee.linkedin.com/jobs/view/metallitreial-at-eesti-t%C3%B6%C3%B6tukassa-4440630260,Metallitreial,,scraped,2026-07-17T19:08:50.498992,
623f4ff48ce15462,https://ee.linkedin.com/jobs/view/kaupluse-t%C3%B6%C3%B6taja-at-eesti-t%C3%B6%C3%B6tukassa-4441144634,Kaupluse töötaja,,scraped,2026-07-17T19:08:57.275894,
d9257bb332c8505a,https://ee.linkedin.com/jobs/view/metalldeitalide-v%C3%A4rvija-at-eesti-t%C3%B6%C3%B6tukassa-4441136834,Metalldeitalide värvija,,scraped,2026-07-17T19:09:03.666946,
d9266d23696b4a84,https://ee.linkedin.com/jobs/view/puhastusteenindaja-koristaja-at-eesti-t%C3%B6%C3%B6tukassa-4441136845,"Puhastusteenindaja, koristaja",,scraped,2026-07-17T19:09:12.623331,
3d359f5c4d7c9c49,https://ee.linkedin.com/jobs/view/hse-specialist-at-enery-4441965825,HSE Specialist,,scraped,2026-07-17T19:09:19.292051,
723d04eae4f69ce7,https://ee.linkedin.com/jobs/view/information-technology-support-technician-at-sharp-brains-4439205436,Information Technology Support Technician,,scraped,2026-07-17T19:09:27.198862,
9486e5953ffcb1ba,https://ee.linkedin.com/jobs/view/digiturunduse-ja-sisuloome-spetsialist-at-eesti-t%C3%B6%C3%B6tukassa-4439800662,Digiturunduse ja sisuloome spetsialist,,scraped,2026-07-17T19:09:35.477199,
7dcec70ca999bae1,https://ee.linkedin.com/jobs/view/kalafileerija-at-eesti-t%C3%B6%C3%B6tukassa-4440618871,Kalafileerija,,scraped,2026-07-17T19:09:42.053719,
de1733eedff33a22,https://ee.linkedin.com/jobs/view/maaler-tapeetija-siseviimistleja-at-eesti-t%C3%B6%C3%B6tukassa-4440640015,"Maaler, tapeetija, siseviimistleja",,scraped,2026-07-17T19:09:48.606069,
5f7f0246e365749d,https://ee.linkedin.com/jobs/view/puhastusteenindaja-k%C3%B6%C3%B6ki-at-eesti-t%C3%B6%C3%B6tukassa-4441142715,Puhastusteenindaja kööki,,scraped,2026-07-17T19:09:55.489041,
fa7984fc4a2a42a0,https://ee.linkedin.com/jobs/view/hooldusjuht-n%C3%B5mme-s%C3%BCdamekodusse-at-eesti-t%C3%B6%C3%B6tukassa-4439816116,Hooldusjuht Nõmme Südamekodusse,,scraped,2026-07-17T19:10:02.100381,
abe528655e487514,https://ee.linkedin.com/jobs/view/mitmek%C3%BClgne-t%C3%B6%C3%B6line-at-eesti-t%C3%B6%C3%B6tukassa-4440617981,Mitmekülgne tööline,,scraped,2026-07-17T19:10:08.851048,
85f59b0133671557,https://ee.linkedin.com/jobs/view/production-quality-engineer-at-ericsson-4440772353,Production Quality Engineer,,scraped,2026-07-17T19:10:15.863583,
58d696973c333ea0,https://ee.linkedin.com/jobs/view/sisu-ja-sotsiaalmeedia-juht-at-eesti-energia-4441968157,Sisu- ja sotsiaalmeedia juht,,scraped,2026-07-17T19:10:22.496884,
84c08b977f564216,https://ee.linkedin.com/jobs/view/ai-sales-operator-at-matagi-4438486759,AI Sales Operator,,scraped,2026-07-17T19:10:33.260928,
4bbbf91d16484203,https://ee.linkedin.com/jobs/view/statistical-programmer-ii-sponsor-dedicated-at-fortrea-4431606406,Statistical Programmer II - Sponsor Dedicated,Fortrea,posted,2026-07-17T19:10:51.960537,593
140c7cd22f4ab4c9,https://ee.linkedin.com/jobs/view/kokk-at-eesti-t%C3%B6%C3%B6tukassa-4441154243,Kokk,,scraped,2026-07-17T19:10:56.338285,
b25aaad0e630da18,https://ee.linkedin.com/jobs/view/l%C3%BCpsja-farmit%C3%B6%C3%B6line-kiili-vallas-nabala-farmis-at-eesti-t%C3%B6%C3%B6tukassa-4440622827,Lüpsja / Farmitööline Kiili vallas Nabala farmis,,scraped,2026-07-17T19:11:02.821622,
2674d1a4a9063fc7,https://ee.linkedin.com/jobs/view/team-lead-follow-up-at-ovation-healthcare-4441627407,"Team Lead, Follow Up",Ovation Healthcare,posted,2026-07-17T19:11:15.147723,595
e6ac0f87c4aef76a,https://ee.linkedin.com/jobs/view/kokk-abikokk-at-eesti-t%C3%B6%C3%B6tukassa-4439811156,Kokk/abikokk,,scraped,2026-07-17T19:11:17.504103,
1cfa629d03d82077,https://ee.linkedin.com/jobs/view/it-systems-administrator-at-stoneridge-4423394632,IT Systems Administrator,Stoneridge,posted,2026-07-17T19:11:31.257490,597
9c97e42bfbcf2d7a,https://ee.linkedin.com/jobs/view/%F0%9F%87%AB%F0%9F%87%B7-account-manager-france-market-expansion-at-fractory-4440753195,🇫🇷 Account Manager (France Market Expansion),,scraped,2026-07-17T19:11:33.972160,
43c6798366515dc0,https://ee.linkedin.com/jobs/view/puhastusteenindaja-at-eesti-t%C3%B6%C3%B6tukassa-4440630378,Puhastusteenindaja,,scraped,2026-07-17T19:11:40.889056,
e9f38cff0fc09e01,https://ee.linkedin.com/jobs/view/marketing-specialist-at-bisly-4439204917,Marketing Specialist,,scraped,2026-07-17T19:11:47.681041,
177c6127065b4159,https://ee.linkedin.com/jobs/view/product-marketing-executive-at-xm-4437654382,Product Marketing Executive,XM,posted,2026-07-17T19:12:04.541756,599
e4689fceb3facd14,https://ee.linkedin.com/jobs/view/senior-it-engineer-device-management-at-wolt-4431435337,Senior IT Engineer - Device Management,,scraped,2026-07-17T19:12:07.269305,
5e2a83df5f7b7d57,https://ee.linkedin.com/jobs/view/finantsosakonna-juhataja-at-eesti-t%C3%B6%C3%B6tukassa-4440636106,Finantsosakonna juhataja,,scraped,2026-07-17T19:12:14.386287,
baaf093e9d1466ee,https://ee.linkedin.com/jobs/view/hotelli-toateenija-at-eesti-t%C3%B6%C3%B6tukassa-4439960756,Hotelli toateenija,,scraped,2026-07-17T19:12:20.986498,
ecf5933bf2db6eb6,https://ee.linkedin.com/jobs/view/planeerimis-ja-keskkonnaameti-juhataja-at-eesti-t%C3%B6%C3%B6tukassa-4441138781,Planeerimis- ja keskkonnaameti juhataja,,scraped,2026-07-17T19:12:27.663416,
d72eda988d8d965c,https://ee.linkedin.com/jobs/view/kehalise-kasvatuse-%C3%B5petaja-at-eesti-t%C3%B6%C3%B6tukassa-4440641054,Kehalise kasvatuse õpetaja,,scraped,2026-07-17T19:12:34.194100,
73962815c25c1d6f,https://ee.linkedin.com/jobs/view/senior-product-manager-delivery-pricing-at-bolt-4432973064,"Senior Product Manager, Delivery Pricing",,scraped,2026-07-17T19:12:41.237332,
559d71669635681f,https://ee.linkedin.com/jobs/view/technical-support-engineer-at-bolt-4441314128,Technical Support Engineer,,scraped,2026-07-17T19:12:47.832275,
9441e651ce8c79df,https://ee.linkedin.com/jobs/view/puhastusteenindaja-at-eesti-t%C3%B6%C3%B6tukassa-4441152357,Puhastusteenindaja,,scraped,2026-07-17T19:12:54.241531,
9f6c736caa05ca4b,https://ee.linkedin.com/jobs/view/senior-data-analyst-marketing-at-bolt-4432955770,"Senior Data Analyst, Marketing",,scraped,2026-07-17T19:13:00.959520,
3660746323f251b4,https://ee.linkedin.com/jobs/view/lahinguv%C3%A4lja-juhtimise-infos%C3%BCsteemide-projektijuht-at-eesti-t%C3%B6%C3%B6tukassa-4439965756,Lahinguvälja juhtimise infosüsteemide projektijuht,,scraped,2026-07-17T19:13:07.312359,
3c3605433b78e8fe,https://ee.linkedin.com/jobs/view/masinahoolduse-mehaanik-at-eesti-t%C3%B6%C3%B6tukassa-4441149440,Masinahoolduse mehaanik,,scraped,2026-07-17T19:13:13.859085,
168f36d6f7f2db2c,https://ee.linkedin.com/jobs/view/security-solutions-engineer-sales-engineer-%E2%80%94-red-team-continuous-offensive-testing-at-jobgether-4439853044,Security Solutions Engineer (Sales Engineer) — Red Team & Continuous Offensive Testing,,scraped,2026-07-17T19:13:20.635915,
47bd1671e3035d45,https://ee.linkedin.com/jobs/view/veoautode-remondilukksepp-at-eesti-t%C3%B6%C3%B6tukassa-4441152268,Veoautode remondilukksepp,,scraped,2026-07-17T19:13:29.230384,
e73318e0dbb376dc,https://ee.linkedin.com/jobs/view/kauba-vastuv%C3%B5tja-virnastaja-juht-at-eesti-t%C3%B6%C3%B6tukassa-4441153348,Kauba vastuvõtja - virnastaja juht,,scraped,2026-07-17T19:13:35.781917,
61c98007d715efaa,https://ee.linkedin.com/jobs/view/v%C3%A4lit%C3%B6%C3%B6de-puhastusteenindaja-at-eesti-t%C3%B6%C3%B6tukassa-4441138733,Välitööde puhastusteenindaja,,scraped,2026-07-17T19:13:42.574170,
9f45243669e56658,https://ee.linkedin.com/jobs/view/keeviskonstruktsioonide-kvaliteedikontrol%C3%B6r-at-eesti-t%C3%B6%C3%B6tukassa-4441138836,Keeviskonstruktsioonide kvaliteedikontrolör,,scraped,2026-07-17T19:13:49.170691,
cc865108a67b4894,https://ee.linkedin.com/jobs/view/senior-strategic-partnerships-manager-at-bolt-4432970101,Senior Strategic Partnerships Manager,,scraped,2026-07-17T19:13:55.726892,
ec5cb819a40b07cb,https://ee.linkedin.com/jobs/view/heaolustuudio-protseduuride-spetsialist-at-eesti-t%C3%B6%C3%B6tukassa-4441152202,Heaolustuudio protseduuride spetsialist,,scraped,2026-07-17T19:14:04.031958,
0d1c03faeaa6316b,https://ee.linkedin.com/jobs/view/v%C3%A4lit%C3%B6%C3%B6de-puhastusteenindaja-at-eesti-t%C3%B6%C3%B6tukassa-4441147501,Välitööde puhastusteenindaja,,scraped,2026-07-17T19:14:10.887006,
d77a84cc77be8f95,https://ee.linkedin.com/jobs/view/v%C3%A4lit%C3%B6%C3%B6de-puhastusteenindaja-at-eesti-t%C3%B6%C3%B6tukassa-4441137820,Välitööde puhastusteenindaja,,scraped,2026-07-17T19:14:21.405892,
22349c5bde998343,https://ee.linkedin.com/jobs/view/payroll-professional-hr-finance-accounting-at-prolific-4439407324,Payroll Professional (HR / Finance / Accounting),,scraped,2026-07-17T19:14:28.220911,
ef083836b0042e84,https://ee.linkedin.com/jobs/view/senior-product-analyst-at-bolt-4432976009,Senior Product Analyst,,scraped,2026-07-17T19:14:34.652620,
48326fdea27cb10d,https://ee.linkedin.com/jobs/view/kojamees-at-eesti-t%C3%B6%C3%B6tukassa-4441135985,Kojamees,,scraped,2026-07-17T19:14:43.084457,
ca6cf55174d56f37,https://ee.linkedin.com/jobs/view/v%C3%A4lit%C3%B6%C3%B6de-puhastusteenindaja-at-eesti-t%C3%B6%C3%B6tukassa-4441146544,Välitööde puhastusteenindaja,,scraped,2026-07-17T19:14:51.659669,
5b39d76a863687c9,https://ee.linkedin.com/jobs/view/head-of-finance-bolt-business-at-bolt-4432965266,"Head of Finance , Bolt Business",,scraped,2026-07-17T19:15:06.436020,
4e9013b614e3117a,https://ee.linkedin.com/jobs/view/jurist-at-eesti-t%C3%B6%C3%B6tukassa-4441143668,Jurist,,scraped,2026-07-17T19:15:13.076983,
195924f2149ad235,https://ee.linkedin.com/jobs/view/v%C3%A4lit%C3%B6%C3%B6de-puhastusteenindaja-at-eesti-t%C3%B6%C3%B6tukassa-4441135938,Välitööde puhastusteenindaja,,scraped,2026-07-17T19:15:21.606829,
357b0b44c9460920,https://ee.linkedin.com/jobs/view/senior-content-designer-platform-at-bolt-4432957595,"Senior Content Designer, Platform",,scraped,2026-07-17T19:15:28.777255,
fa9af9db6512d7f4,https://ee.linkedin.com/jobs/view/cs-operations-agent-french-speaking-at-bolt-4432959493,CS Operations Agent - French Speaking,,scraped,2026-07-17T19:15:37.136456,
9392efae384c8c74,https://ee.linkedin.com/jobs/view/n%C3%B5udepesija-at-eesti-t%C3%B6%C3%B6tukassa-4441135971,Nõudepesija,,scraped,2026-07-17T19:15:43.904703,
b13525d1453da378,https://ee.linkedin.com/jobs/view/klienditeenindaja-tartu-hugo-treffneri-g%C3%BCmnaasiumi-daily-toitlustusse%21-at-eesti-t%C3%B6%C3%B6tukassa-4440629341,Klienditeenindaja Tartu Hugo Treffneri Gümnaasiumi Daily toitlustusse!,,scraped,2026-07-17T19:15:50.479531,
6cec76732bb01364,https://ee.linkedin.com/jobs/view/pagar-k%C3%BCpsetaja-at-eesti-t%C3%B6%C3%B6tukassa-4439971562,Pagar-küpsetaja,,scraped,2026-07-17T19:16:01.047629,
8356f9f8ab403ab0,https://ee.linkedin.com/jobs/view/senior-program-manager-driver-marketplace-operations-at-bolt-4439989691,"Senior Program Manager, Driver & Marketplace Operations",,scraped,2026-07-17T19:16:07.888105,
f2c7dd3182da6407,https://ee.linkedin.com/jobs/view/senior-product-financial-controller-at-bolt-4439998282,Senior Product Financial Controller,,scraped,2026-07-17T19:16:14.549480,
8ef0a65da40d89b6,https://ee.linkedin.com/jobs/view/puhastusteenindaja-koristaja-at-eesti-t%C3%B6%C3%B6tukassa-4439957848,"Puhastusteenindaja, koristaja",,scraped,2026-07-17T19:16:21.134163,
7924170bfe99ccef,https://ee.linkedin.com/jobs/view/puhastusteenindaja-at-eesti-t%C3%B6%C3%B6tukassa-4441155174,Puhastusteenindaja,,scraped,2026-07-17T19:16:27.923792,
8bf84b38b97fcdc0,https://ee.linkedin.com/jobs/view/%C3%BCldehitaja-at-eesti-t%C3%B6%C3%B6tukassa-4441394622,Üldehitaja,,scraped,2026-07-19T18:07:57.659709,
0824d5361551943b,https://ee.linkedin.com/jobs/view/elektrik-at-eesti-t%C3%B6%C3%B6tukassa-4441394599,Elektrik,,scraped,2026-07-19T18:08:22.563432,
02bd4410cab5a7d9,https://ee.linkedin.com/jobs/view/vahetusevanem-at-eesti-t%C3%B6%C3%B6tukassa-4441707039,Vahetusevanem,,scraped,2026-07-19T18:08:29.008548,
af16d47b762fc59c,https://ee.linkedin.com/jobs/view/tehnoloogia%C3%B5petuse-%C3%B5petaja-0-1-at-eesti-t%C3%B6%C3%B6tukassa-4441154107,"Tehnoloogiaõpetuse õpetaja (0,1)",,scraped,2026-07-19T18:08:35.545184,
e6efccf1042ebf5b,https://ee.linkedin.com/jobs/view/farmijuht-at-eesti-t%C3%B6%C3%B6tukassa-4441708005,Farmijuht,,scraped,2026-07-19T18:08:42.335420,
92536bf2fa14fabd,https://ee.linkedin.com/jobs/view/autojuht-at-eesti-t%C3%B6%C3%B6tukassa-4441388930,Autojuht,,scraped,2026-07-19T18:08:48.614730,
940f0350bc75685b,https://ee.linkedin.com/jobs/view/laohoidja-at-eesti-t%C3%B6%C3%B6tukassa-4441710016,Laohoidja,,scraped,2026-07-19T18:08:55.183127,
09de8630b588a9fa,https://ee.linkedin.com/jobs/view/abihooldust%C3%B6%C3%B6taja-at-eesti-t%C3%B6%C3%B6tukassa-4441393644,Abihooldustöötaja,,scraped,2026-07-19T18:09:03.595676,
fee4961611089607,https://ee.linkedin.com/jobs/view/p%C3%B5llumajandus-abit%C3%B6%C3%B6line-at-eesti-t%C3%B6%C3%B6tukassa-4441390697,Põllumajandus abitööline,,scraped,2026-07-19T18:09:09.906754,
e5e1840c8d0b5264,https://ee.linkedin.com/jobs/view/pagar-at-eesti-t%C3%B6%C3%B6tukassa-4441141835,Pagar,,scraped,2026-07-21T19:01:10.636589,
73fd2797a73cfe28,https://ee.linkedin.com/jobs/view/inglise-keele-%C3%B5petaja-at-eesti-t%C3%B6%C3%B6tukassa-4440618865,Inglise keele õpetaja,,scraped,2026-07-21T19:01:17.720677,
67b2bdb58425897f,https://ee.linkedin.com/jobs/view/inglise-keele-%C3%B5petaja-t%C3%A4iskasvanute-koolitus-at-eesti-t%C3%B6%C3%B6tukassa-4441145724,Inglise keele õpetaja (täiskasvanute koolitus),,scraped,2026-07-21T19:01:24.605636,
a2104c6db9485872,https://ee.linkedin.com/jobs/view/inglise-keele-%C3%B5petaja-at-eesti-t%C3%B6%C3%B6tukassa-4440624693,Inglise keele õpetaja,,scraped,2026-07-21T19:01:31.864660,
a98ea71a680c3d27,https://ee.linkedin.com/jobs/view/inglise-keele-%C3%B5petaja-at-eesti-t%C3%B6%C3%B6tukassa-4441387911,Inglise keele õpetaja,,scraped,2026-07-21T19:01:38.745076,
603cd95fba9a1b26,https://ee.linkedin.com/jobs/view/vene-keele-%C3%B5petaja-at-eesti-t%C3%B6%C3%B6tukassa-4441702256,Vene keele õpetaja,,scraped,2026-07-21T19:01:45.580781,
a2b0441646c96913,https://ee.linkedin.com/jobs/view/eesti-keele-ja-kirjanduse-%C3%B5petaja-at-eesti-t%C3%B6%C3%B6tukassa-4440635160,Eesti keele ja kirjanduse õpetaja,,scraped,2026-07-21T19:01:52.782805,
6e8e14ffa61d4847,https://ee.linkedin.com/jobs/view/pagar-at-eesti-t%C3%B6%C3%B6tukassa-4442662238,Pagar,,scraped,2026-07-21T19:01:59.843839,
0c29a2f061d18525,https://ee.linkedin.com/jobs/view/inglise-keele-%C3%B5petaja-at-eesti-t%C3%B6%C3%B6tukassa-4440639118,Inglise keele õpetaja,,scraped,2026-07-21T19:02:06.961864,
6f32533a180cb199,https://ee.linkedin.com/jobs/view/pagar-at-eesti-t%C3%B6%C3%B6tukassa-4442201211,Pagar,,scraped,2026-07-21T19:02:13.875268,
9fb65bff448b2999,https://ee.linkedin.com/jobs/view/pagar-kondiiter-at-eesti-t%C3%B6%C3%B6tukassa-4442098345,Pagar-kondiiter,,scraped,2026-07-21T19:02:20.960767,
57b27755d907f71b,https://ee.linkedin.com/jobs/view/eesti-keele-%C3%B5petaja-t%C3%A4iskasvanute-koolitus-at-eesti-t%C3%B6%C3%B6tukassa-4441154242,Eesti keele õpetaja (täiskasvanute koolitus),,scraped,2026-07-21T19:02:27.991534,
a749cf4dc4be7db9,https://ee.linkedin.com/jobs/view/head-of-operations-at-jobscroller-4440218327,Head of Operations,JobScroller,posted,2026-07-21T19:02:43.124274,601
96674b72dc7dae87,https://ee.linkedin.com/jobs/view/teenindaja-at-eesti-t%C3%B6%C3%B6tukassa-4441707045,Teenindaja,,scraped,2026-07-21T19:02:46.844675,
a6b170270fc937f3,https://ee.linkedin.com/jobs/view/mig-mag-keevitaja-koostelukksepp-at-eesti-t%C3%B6%C3%B6tukassa-4442093170,MIG/MAG keevitaja - koostelukksepp,,scraped,2026-07-21T19:02:53.684714,
32eb257d2b308edb,https://ee.linkedin.com/jobs/view/senior-product-manager-remote-contract-at-infuse-4441621293,"Senior Product Manager (Remote, Contract)",INFUSE,posted,2026-07-21T19:03:06.861649,603
bf275105060fc68a,https://ee.linkedin.com/jobs/view/pagar-k%C3%BCpsetaja-at-eesti-t%C3%B6%C3%B6tukassa-4440621773,Pagar-küpsetaja,,scraped,2026-07-21T19:03:09.596709,
0f8d428c472bde6f,https://ee.linkedin.com/jobs/view/office-operations-specialist-at-marabu-airlines-4440911448,Office Operations Specialist,Marabu Airlines,posted,2026-07-21T19:03:23.030768,605
e23e761ee774201c,https://ee.linkedin.com/jobs/view/mig-mag-keevitusroboti-operaator-at-eesti-t%C3%B6%C3%B6tukassa-4442077799,MIG/MAG keevitusroboti operaator,,scraped,2026-07-21T19:03:25.465161,
41b7235305d3513b,https://ee.linkedin.com/jobs/view/klassi%C3%B5petaja-0-4-at-eesti-t%C3%B6%C3%B6tukassa-4441136836,"Klassiõpetaja (0,4)",,scraped,2026-07-21T19:03:34.330554,
8efbd5ee41325f2b,https://ee.linkedin.com/jobs/view/abi-ja-asendus%C3%B5petaja-at-eesti-t%C3%B6%C3%B6tukassa-4441707044,Abi- ja asendusõpetaja,,scraped,2026-07-21T19:03:41.421678,
2c6fd50ec6208f77,https://ee.linkedin.com/jobs/view/muusika%C3%B5petaja-at-eesti-t%C3%B6%C3%B6tukassa-4441787345,Muusikaõpetaja,,scraped,2026-07-21T19:03:48.160488,
223a528f265af5fd,https://ee.linkedin.com/jobs/view/junior-digital-marketing-specialist-at-shuttle99-4438093323,Junior Digital Marketing Specialist,,scraped,2026-07-21T19:04:01.163293,
a16b4ec5571d8f3d,https://ee.linkedin.com/jobs/view/klienditeenindaja-at-eesti-t%C3%B6%C3%B6tukassa-4440637176,Klienditeenindaja,,scraped,2026-07-21T19:04:07.662292,
21ef510279db5c18,https://ee.linkedin.com/jobs/view/teenindaja-at-eesti-t%C3%B6%C3%B6tukassa-4441704188,Teenindaja,,scraped,2026-07-21T19:04:15.482292,
7cfcc2dd94924494,https://ee.linkedin.com/jobs/view/elektrik-at-eesti-t%C3%B6%C3%B6tukassa-4440623673,Elektrik,,scraped,2026-07-21T19:04:22.361171,
552b27d5078b22c5,https://ee.linkedin.com/jobs/view/senior-growth-manager-at-cello-4441666182,Senior Growth Manager,Cello,posted,2026-07-21T19:04:35.354149,607
0b8ae0933adc9367,https://ee.linkedin.com/jobs/view/maasikakorjaja-at-eesti-t%C3%B6%C3%B6tukassa-4441132946,Maasikakorjaja,,scraped,2026-07-21T19:04:41.948382,
1bce86d9d55f1d87,https://ee.linkedin.com/jobs/view/bioloogia-%C3%B5petaja-0-15-at-eesti-t%C3%B6%C3%B6tukassa-4441156075,"Bioloogia õpetaja (0,15)",,scraped,2026-07-21T19:04:48.901505,
916557fec2a343cd,https://ee.linkedin.com/jobs/view/senior-product-designer-at-plain-4442799138,Senior Product Designer,,scraped,2026-07-21T19:04:55.791030,
00592d2c14810d0f,https://ee.linkedin.com/jobs/view/%C3%B5mbleja-at-eesti-t%C3%B6%C3%B6tukassa-4440622821,Õmbleja,,scraped,2026-07-21T19:05:02.141952,
d8c7df1db23d11b0,https://ee.linkedin.com/jobs/view/abi%C3%B5petaja-at-eesti-t%C3%B6%C3%B6tukassa-4441701315,Abiõpetaja,,scraped,2026-07-21T19:05:13.504862,
b1f4d728c265b115,https://ee.linkedin.com/jobs/view/haridusteenistuse-juht-at-eesti-t%C3%B6%C3%B6tukassa-4441701272,haridusteenistuse juht,,scraped,2026-07-21T19:05:20.415410,
df1b9ae5203bf0d8,https://ee.linkedin.com/jobs/view/media-assistant-intern-at-comms8-4442723881,Media Assistant - Intern,,scraped,2026-07-21T19:05:27.503609,
d09c5f0f0c56cb29,https://ee.linkedin.com/jobs/view/geograafia%C3%B5petaja-at-eesti-t%C3%B6%C3%B6tukassa-4441395653,Geograafiaõpetaja,,scraped,2026-07-21T19:05:36.107573,
bedced2b46ab0ecc,https://ee.linkedin.com/jobs/view/looduskeskuse-koordinaator-at-eesti-t%C3%B6%C3%B6tukassa-4441704292,Looduskeskuse koordinaator,,scraped,2026-07-21T19:05:42.917378,
5c7b2eb40606a028,https://ee.linkedin.com/jobs/view/%C3%BCldehitaja-at-eesti-t%C3%B6%C3%B6tukassa-4440639037,Üldehitaja,,scraped,2026-07-21T19:05:49.746231,
11fca552b28888f6,https://ee.linkedin.com/jobs/view/abit%C3%B6%C3%B6line-at-eesti-t%C3%B6%C3%B6tukassa-4441383962,Abitööline,,scraped,2026-07-21T19:05:56.799127,
311538cd83c4f8bf,https://ee.linkedin.com/jobs/view/koristaja-at-eesti-t%C3%B6%C3%B6tukassa-4441710007,Koristaja,,scraped,2026-07-21T19:06:05.450395,
1753f1fb79d8a157,https://ee.linkedin.com/jobs/view/pearaamatupidaja-at-eesti-t%C3%B6%C3%B6tukassa-4441146669,Pearaamatupidaja,,scraped,2026-07-21T19:06:12.381252,
6d5f92e3e81b2c8a,https://ee.linkedin.com/jobs/view/sara-kutz-at-the-rocky-mountain-agency-4440624068,SARA KUTZ,The Rocky Mountain Agency,posted,2026-07-21T19:06:38.932068,609
163c0335bfdabe5e,https://ee.linkedin.com/jobs/view/m%C3%BC%C3%BCrsepp-at-eesti-t%C3%B6%C3%B6tukassa-4441704192,Müürsepp,,scraped,2026-07-21T19:06:43.523404,
d38bb6e6911d3206,https://ee.linkedin.com/jobs/view/tegevusjuhendaja-at-eesti-t%C3%B6%C3%B6tukassa-4441391725,Tegevusjuhendaja,,scraped,2026-07-21T19:06:50.195999,
2e595897a10f0927,https://ee.linkedin.com/jobs/view/letimeister-at-eesti-t%C3%B6%C3%B6tukassa-4440637030,Letimeister,,scraped,2026-07-21T19:06:57.280167,
7aea09bc7e772e97,https://ee.linkedin.com/jobs/view/lasteaia%C3%B5petaja-at-eesti-t%C3%B6%C3%B6tukassa-4441399543,Lasteaiaõpetaja,,scraped,2026-07-21T19:07:05.932311,
ba60b9cb0c3fbc78,https://ee.linkedin.com/jobs/view/letiteenindaja-at-eesti-t%C3%B6%C3%B6tukassa-4442076909,Letiteenindaja,,scraped,2026-07-21T19:07:14.655072,
f2394af99032b36b,https://ee.linkedin.com/jobs/view/administraator-at-eesti-t%C3%B6%C3%B6tukassa-4441701274,Administraator,,scraped,2026-07-21T19:07:27.361312,
048564f9bc7b19e5,https://ee.linkedin.com/jobs/view/ajaloo%C3%B5petaja-at-eesti-t%C3%B6%C3%B6tukassa-4441714009,Ajalooõpetaja,,scraped,2026-07-21T19:07:36.167211,
8ab6b8565346a893,https://ee.linkedin.com/jobs/view/ekskavaatorijuht-at-eesti-t%C3%B6%C3%B6tukassa-4441160076,Ekskavaatorijuht,,scraped,2026-07-21T19:07:42.854031,
b2c0fa18900cfaca,https://ee.linkedin.com/jobs/view/noorsoot%C3%B6%C3%B6taja-at-eesti-t%C3%B6%C3%B6tukassa-4441388983,Noorsootöötaja,,scraped,2026-07-21T19:07:51.617277,
04a1245366b60129,https://ee.linkedin.com/jobs/view/eelarvestaja-at-eesti-t%C3%B6%C3%B6tukassa-4441709083,Eelarvestaja,,scraped,2026-07-21T19:07:58.384840,
a3159063367ebf99,https://ee.linkedin.com/jobs/view/laot%C3%B6%C3%B6taja-at-eesti-t%C3%B6%C3%B6tukassa-4441134988,Laotöötaja,,scraped,2026-07-21T19:08:06.261224,
63aa656caca44348,https://ee.linkedin.com/jobs/view/klienditeenindaja-at-eesti-t%C3%B6%C3%B6tukassa-4439979069,Klienditeenindaja,,scraped,2026-07-21T19:08:19.312678,
67481f76c3f0428c,https://ee.linkedin.com/jobs/view/h%C3%B6%C3%B6velliini-operaator-at-eesti-t%C3%B6%C3%B6tukassa-4442083611,Höövelliini operaator,,scraped,2026-07-21T19:08:28.242039,
2b38e88e56dd06c6,https://ee.linkedin.com/jobs/view/koristaja-at-eesti-t%C3%B6%C3%B6tukassa-4441151180,Koristaja,,scraped,2026-07-21T19:08:35.217773,
ecf273ac58482d57,https://ee.linkedin.com/jobs/view/tootmist%C3%B6%C3%B6taja-at-eesti-t%C3%B6%C3%B6tukassa-4442202101,Tootmistöötaja,,scraped,2026-07-21T19:08:41.967860,
ae3ced4ce0130371,https://ee.linkedin.com/jobs/view/abi%C3%B5petaja-at-eesti-t%C3%B6%C3%B6tukassa-4441711027,Abiõpetaja,,scraped,2026-07-21T19:08:48.817996,
6772c9207edf0f05,https://ee.linkedin.com/jobs/view/geograafia%C3%B5petaja-at-eesti-t%C3%B6%C3%B6tukassa-4440618992,Geograafiaõpetaja,,scraped,2026-07-21T19:08:57.766194,
b8b7f5f1fc7d72d7,https://ee.linkedin.com/jobs/view/%C3%B5de-at-eesti-t%C3%B6%C3%B6tukassa-4441708072,Õde,,scraped,2026-07-21T19:09:06.595102,
f8ac9ed178b15a2d,https://ee.linkedin.com/jobs/view/taristuspetsialist-at-eesti-t%C3%B6%C3%B6tukassa-4440641024,Taristuspetsialist,,scraped,2026-07-21T19:09:13.605035,
3d0748edbc420f17,https://ee.linkedin.com/jobs/view/lillem%C3%BC%C3%BCja-florist-at-eesti-t%C3%B6%C3%B6tukassa-4442655579,"Lillemüüja, florist",,scraped,2026-07-21T19:09:20.429663,
e79146d4a44d7360,https://ee.linkedin.com/jobs/view/klienditeenindaja-at-eesti-t%C3%B6%C3%B6tukassa-4442093179,Klienditeenindaja,,scraped,2026-07-21T19:09:27.798659,
20cd64739f339e9c,https://ee.linkedin.com/jobs/view/m%C3%BC%C3%BCja-asendaja-at-eesti-t%C3%B6%C3%B6tukassa-4442088704,Müüja asendaja,,scraped,2026-07-21T19:09:36.768269,
14595fb921445e53,https://ee.linkedin.com/jobs/view/liikumis%C3%B5petaja-at-eesti-t%C3%B6%C3%B6tukassa-4441706215,Liikumisõpetaja,,scraped,2026-07-21T19:09:43.825238,
c224bf1eda0a744d,https://ee.linkedin.com/jobs/view/klienditeenindaja-at-eesti-t%C3%B6%C3%B6tukassa-4441392671,Klienditeenindaja,,scraped,2026-07-21T19:09:50.665116,
61ead51be2c97fb6,https://ee.linkedin.com/jobs/view/abi%C3%B5petaja-at-eesti-t%C3%B6%C3%B6tukassa-4441149536,Abiõpetaja,,scraped,2026-07-21T19:10:03.505624,
035e57499af0c3b8,https://ee.linkedin.com/jobs/view/tootmist%C3%B6%C3%B6line-at-eesti-t%C3%B6%C3%B6tukassa-4441713006,Tootmistööline,,scraped,2026-07-21T19:10:10.590077,
72c8716aa24ceddd,https://ee.linkedin.com/jobs/view/n%C3%B5rkvoolus%C3%BCsteemide-paigaldaja-at-eesti-t%C3%B6%C3%B6tukassa-4441714007,Nõrkvoolusüsteemide paigaldaja,,scraped,2026-07-21T19:10:19.379260,
775c886806e82ffd,https://ee.linkedin.com/jobs/view/muusika%C3%B5petaja-at-eesti-t%C3%B6%C3%B6tukassa-4441139961,Muusikaõpetaja,,scraped,2026-07-21T19:10:28.203802,
74b05468bc634540,https://ee.linkedin.com/jobs/view/pakendaja-at-eesti-t%C3%B6%C3%B6tukassa-4441145683,Pakendaja,,scraped,2026-07-21T19:10:36.871259,
ffc0d3167f075e6f,https://ee.linkedin.com/jobs/view/business-analyst-at-omniva-4443509521,Business Analyst,,scraped,2026-07-21T19:10:43.941270,
b0b351d73d44da42,https://ee.linkedin.com/jobs/view/geograafia-ja-looduse%C3%B5petuse-%C3%B5petaja-at-eesti-t%C3%B6%C3%B6tukassa-4439962833,Geograafia ja looduseõpetuse õpetaja,,scraped,2026-07-21T19:10:51.334100,
001a40391816d6eb,https://ee.linkedin.com/jobs/view/operaator-at-eesti-t%C3%B6%C3%B6tukassa-4442087705,Operaator,,scraped,2026-07-21T19:10:57.974919,
3e77cb2a85c4e0d6,https://ee.linkedin.com/jobs/view/tootmist%C3%B6%C3%B6taja-at-eesti-t%C3%B6%C3%B6tukassa-4441134992,Tootmistöötaja,,scraped,2026-07-21T19:11:06.713325,
259c746c454482b9,https://ee.linkedin.com/jobs/view/abit%C3%B6%C3%B6line-at-eesti-t%C3%B6%C3%B6tukassa-4442075950,Abitööline,,scraped,2026-07-21T19:11:13.661060,
ac149e22660f9f52,https://ee.linkedin.com/jobs/view/cnc-operaator-at-eesti-t%C3%B6%C3%B6tukassa-4439971456,CNC operaator,,scraped,2026-07-21T19:11:20.486336,
d5635b3c8b15f778,https://ee.linkedin.com/jobs/view/haldusspetsialist-at-eesti-t%C3%B6%C3%B6tukassa-4441710112,Haldusspetsialist,,scraped,2026-07-21T19:11:27.152864,
eef052edb5809e1c,https://ee.linkedin.com/jobs/view/fassaadit%C3%B6%C3%B6line-at-eesti-t%C3%B6%C3%B6tukassa-4440638054,Fassaaditööline,,scraped,2026-07-21T19:11:33.927604,
e2836e22a58f22a5,https://ee.linkedin.com/jobs/view/teller-kliendin%C3%B5ustaja-narva-kontor-at-eesti-t%C3%B6%C3%B6tukassa-4439956935,Teller-kliendinõustaja (Narva kontor),,scraped,2026-07-21T19:11:44.637230,
c4662d5af31127f2,https://ee.linkedin.com/jobs/view/veoautojuht-at-eesti-t%C3%B6%C3%B6tukassa-4440624789,Veoautojuht,,scraped,2026-07-21T19:11:51.557188,
d03791f5b8bf1365,https://ee.linkedin.com/jobs/view/koolips%C3%BChholoog-at-eesti-t%C3%B6%C3%B6tukassa-4441383959,Koolipsühholoog,,scraped,2026-07-21T19:11:58.446266,
74248a87e3dc59d8,https://ee.linkedin.com/jobs/view/materjalik%C3%A4itleja-at-eesti-t%C3%B6%C3%B6tukassa-4442090284,Materjalikäitleja,,scraped,2026-07-21T19:12:05.411857,
1ded6f0ab07453a4,https://ee.linkedin.com/jobs/view/abi%C3%B5petaja-lasteaias-at-eesti-t%C3%B6%C3%B6tukassa-4440624787,Abiõpetaja lasteaias,,scraped,2026-07-21T19:12:12.307262,
c9af90df0be1ef20,https://ee.linkedin.com/jobs/view/m%C3%BC%C3%BCja-kassapidaja-at-eesti-t%C3%B6%C3%B6tukassa-4442080721,Müüja-kassapidaja,,scraped,2026-07-21T19:12:19.093278,
025450ceaf067a4d,https://ee.linkedin.com/jobs/view/kojamees-at-eesti-t%C3%B6%C3%B6tukassa-4441147495,Kojamees,,scraped,2026-07-21T19:12:25.922242,
b503e491c80b7b20,https://ee.linkedin.com/jobs/view/juhiabi-at-eesti-t%C3%B6%C3%B6tukassa-4440621843,Juhiabi,,scraped,2026-07-21T19:12:32.833810,
ac15a22b4bf28f8e,https://ee.linkedin.com/jobs/view/keevitaja-at-eesti-t%C3%B6%C3%B6tukassa-4441157093,Keevitaja,,scraped,2026-07-21T19:12:39.735073,
4af066c5f64715a4,https://ee.linkedin.com/jobs/view/autoremondilukksepp-at-eesti-t%C3%B6%C3%B6tukassa-4441138756,Autoremondilukksepp,,scraped,2026-07-21T19:12:48.549959,
b1c958d72a17c2e8,https://ee.linkedin.com/jobs/view/%C3%B5de-at-eesti-t%C3%B6%C3%B6tukassa-4439966700,Õde,,scraped,2026-07-21T19:12:55.115751,
1737504a904d5c13,https://ee.linkedin.com/jobs/view/autoremondilukksepp-at-eesti-t%C3%B6%C3%B6tukassa-4441151256,Autoremondilukksepp,,scraped,2026-07-21T19:13:02.200337,
ce39e7fff6cff871,https://ee.linkedin.com/jobs/view/sideallohvitser-at-eesti-t%C3%B6%C3%B6tukassa-4440619873,Sideallohvitser,,scraped,2026-07-21T19:13:08.929292,
c99294192c617ea0,https://ee.linkedin.com/jobs/view/transportt%C3%B6%C3%B6line-at-eesti-t%C3%B6%C3%B6tukassa-4441386968,Transporttööline,,scraped,2026-07-21T19:13:15.667312,
94b4958708863608,https://ee.linkedin.com/jobs/view/kosmeetik-at-eesti-t%C3%B6%C3%B6tukassa-4442098329,Kosmeetik,,scraped,2026-07-21T19:13:22.671639,
8591178866708266,https://ee.linkedin.com/jobs/view/abit%C3%B6%C3%B6line-at-eesti-t%C3%B6%C3%B6tukassa-4442091314,Abitööline,,scraped,2026-07-21T19:13:29.242393,
b809e3e37ec9bada,https://ee.linkedin.com/jobs/view/kaupluse-t%C3%B6%C3%B6taja-at-eesti-t%C3%B6%C3%B6tukassa-4441702282,Kaupluse töötaja,,scraped,2026-07-21T19:13:40.032294,
18b82af860eb36c8,https://ee.linkedin.com/jobs/view/v%C3%A4ikeklassi-%C3%B5petaja-at-eesti-t%C3%B6%C3%B6tukassa-4441151273,Väikeklassi õpetaja,,scraped,2026-07-21T19:13:48.823710,
938c58d1eb3e62f3,https://ee.linkedin.com/jobs/view/tugiisik-at-eesti-t%C3%B6%C3%B6tukassa-4441387913,Tugiisik,,scraped,2026-07-21T19:13:55.549746,
cbebb71a1f4da5a2,https://ee.linkedin.com/jobs/view/puhastusteenindaja-at-eesti-t%C3%B6%C3%B6tukassa-4440625603,Puhastusteenindaja,,scraped,2026-07-21T19:14:02.170484,
7120a0673f0fc992,https://ee.linkedin.com/jobs/view/eripedagoog-at-eesti-t%C3%B6%C3%B6tukassa-4442098041,Eripedagoog,,scraped,2026-07-21T19:14:08.894105,
8a8b209308777aa1,https://ee.linkedin.com/jobs/view/puhastusteenindaja-at-eesti-t%C3%B6%C3%B6tukassa-4441143701,Puhastusteenindaja,,scraped,2026-07-21T19:14:15.708518,
44b59a494342457e,https://ee.linkedin.com/jobs/view/assistant-financial-controller-at-finnair-4440020750,Assistant Financial Controller,Finnair,posted,2026-07-21T19:14:34.718861,611
f952b2c7b75c1051,https://ee.linkedin.com/jobs/view/%C3%B5ppejuht-at-eesti-t%C3%B6%C3%B6tukassa-4442081942,Õppejuht,,scraped,2026-07-21T19:14:37.476305,
7bd69c473b0f5e48,https://ee.linkedin.com/jobs/view/puhastusteenindaja-at-eesti-t%C3%B6%C3%B6tukassa-4441399486,Puhastusteenindaja,,scraped,2026-07-21T19:14:44.297643,
51e1da820e21f8fd,https://ee.linkedin.com/jobs/view/betoneerija-vormija-at-eesti-t%C3%B6%C3%B6tukassa-4441142766,Betoneerija-vormija,,scraped,2026-07-21T19:14:51.371164,
d204cdd79250a120,https://ee.linkedin.com/jobs/view/katusepaigaldaja-at-eesti-t%C3%B6%C3%B6tukassa-4440632350,Katusepaigaldaja,,scraped,2026-07-21T19:14:58.148818,
43b7fd3d2ed6ff17,https://ee.linkedin.com/jobs/view/logopeed-at-eesti-t%C3%B6%C3%B6tukassa-4439963747,Logopeed,,scraped,2026-07-21T19:15:04.714761,
9d2d663e3d5e2163,https://ee.linkedin.com/jobs/view/hoolduselektrik-at-eesti-t%C3%B6%C3%B6tukassa-4440622717,Hoolduselektrik,,scraped,2026-07-21T19:15:11.532004,
8e72914412733dd9,https://ee.linkedin.com/jobs/view/loodusainete-%C3%B5petaja-at-eesti-t%C3%B6%C3%B6tukassa-4441701312,Loodusainete õpetaja,,scraped,2026-07-21T19:15:18.633009,
6c607cb806fbd510,https://ee.linkedin.com/jobs/view/informaatika%C3%B5petaja-at-eesti-t%C3%B6%C3%B6tukassa-4440639114,Informaatikaõpetaja,,scraped,2026-07-21T19:15:25.499962,
eb2481b87a23d3fe,https://ee.linkedin.com/jobs/view/kokk-at-eesti-t%C3%B6%C3%B6tukassa-4441706135,Kokk,,scraped,2026-07-21T19:15:32.179776,
6b3987b5d8a0e329,https://ee.linkedin.com/jobs/view/roomikekskavaatorijuht-at-eesti-t%C3%B6%C3%B6tukassa-4442647878,Roomikekskavaatorijuht,,scraped,2026-07-21T19:15:38.765231,
f539f98f620e7089,https://ee.linkedin.com/jobs/view/laadija-at-eesti-t%C3%B6%C3%B6tukassa-4442075961,Laadija,,scraped,2026-07-21T19:15:45.628243,
1f9300600a5f3ce1,https://ee.linkedin.com/jobs/view/social-media-manager-at-spotminders-4438090087,Social Media Manager,Spotminders.,posted,2026-07-21T19:15:58.830450,613
5022435e4ac26d80,https://ee.linkedin.com/jobs/view/liikumis%C3%B5petaja-at-eesti-t%C3%B6%C3%B6tukassa-4439970466,Liikumisõpetaja,,scraped,2026-07-21T19:16:01.441028,
ee1a68ce4a5f82a1,https://ee.linkedin.com/jobs/view/marketing-manager-at-jobscroller-4442253547,Marketing Manager,JobScroller,posted,2026-07-21T19:16:16.186040,615
378c2ecff3d6afc2,https://ee.linkedin.com/jobs/view/ettev%C3%B5tte-tegevjuht-at-eesti-t%C3%B6%C3%B6tukassa-4440638170,Ettevõtte tegevjuht,,scraped,2026-07-21T19:16:20.618008,
f700d13bd4b54f00,https://ee.linkedin.com/jobs/view/pinglagede-ja-valgustuss%C3%BCsteemide-paigaldaja-at-eesti-t%C3%B6%C3%B6tukassa-4440635307,Pinglagede ja valgustussüsteemide paigaldaja,,scraped,2026-07-21T19:16:27.489435,
070b60aa13741a2e,https://ee.linkedin.com/jobs/view/vahetusevanem-at-eesti-t%C3%B6%C3%B6tukassa-4441707051,Vahetusevanem,,scraped,2026-07-21T19:16:34.495184,
0b2cde4932f40156,https://ee.linkedin.com/jobs/view/hooldust%C3%B6%C3%B6taja-at-eesti-t%C3%B6%C3%B6tukassa-4441708007,Hooldustöötaja,,scraped,2026-07-21T19:16:41.581521,
8172de9e6a94d2a9,https://ee.linkedin.com/jobs/view/ps%C3%BChholoog-at-eesti-t%C3%B6%C3%B6tukassa-4442088396,Psühholoog,,scraped,2026-07-21T19:16:50.527847,
9f376c0f1579b792,https://ee.linkedin.com/jobs/view/puhastusteenindaja-at-eesti-t%C3%B6%C3%B6tukassa-4441391780,Puhastusteenindaja,,scraped,2026-07-21T19:16:59.467473,
6531a133b2840dfa,https://ee.linkedin.com/jobs/view/kokk-at-eesti-t%C3%B6%C3%B6tukassa-4441138776,Kokk,,scraped,2026-07-21T19:17:06.591244,
2b5b655d036efe79,https://ee.linkedin.com/jobs/view/kaabli-ja-videovalves%C3%BCsteemide-paigaldaja-at-eesti-t%C3%B6%C3%B6tukassa-4441136842,Kaabli- ja videovalvesüsteemide paigaldaja,,scraped,2026-07-21T19:17:17.463038,
7b1ebd7db465cf75,https://ee.linkedin.com/jobs/view/veoautojuht-at-eesti-t%C3%B6%C3%B6tukassa-4442203049,Veoautojuht,,scraped,2026-07-21T19:17:24.217268,
6c5b177299a5323c,https://ee.linkedin.com/jobs/view/kuller-at-eesti-t%C3%B6%C3%B6tukassa-4441388982,Kuller,,scraped,2026-07-21T19:17:31.168801,
9c1e15ca03939e74,https://ee.linkedin.com/jobs/view/lihal%C3%B5ikaja-at-eesti-t%C3%B6%C3%B6tukassa-4442658485,Lihalõikaja,,scraped,2026-07-21T19:17:38.091135,
d64e01c7b5c3da35,https://ee.linkedin.com/jobs/view/v%C3%A4rvija-at-eesti-t%C3%B6%C3%B6tukassa-4439957917,Värvija,,scraped,2026-07-21T19:17:45.467307,
6fbedff0fb50a482,https://ee.linkedin.com/jobs/view/m%C3%BC%C3%BCja-klienditeenindaja-at-eesti-t%C3%B6%C3%B6tukassa-4441156227,Müüja-klienditeenindaja,,scraped,2026-07-21T19:17:52.128050,
8000bf7cfbb9c80b,https://ee.linkedin.com/jobs/view/m%C3%BC%C3%BCgijuht-at-eesti-t%C3%B6%C3%B6tukassa-4441702379,Müügijuht,,scraped,2026-07-21T19:17:59.133033,
fa32817bea0f5121,https://ee.linkedin.com/jobs/view/autoteeninduse-teenindusn%C3%B5unik-at-eesti-t%C3%B6%C3%B6tukassa-4441144734,Autoteeninduse teenindusnõunik,,scraped,2026-07-21T19:18:09.964716,
83d54dbfc4967bb8,https://ee.linkedin.com/jobs/view/abikokk-at-eesti-t%C3%B6%C3%B6tukassa-4441709118,Abikokk,,scraped,2026-07-21T19:18:16.716686,
3a9a7c7ffd375142,https://ee.linkedin.com/jobs/view/m%C3%BC%C3%BCgiesindaja-at-eesti-t%C3%B6%C3%B6tukassa-4441142669,Müügiesindaja,,scraped,2026-07-21T19:18:23.650599,
75da896f7e5d57b8,https://ee.linkedin.com/jobs/view/puhastusteenindaja-koristaja-at-eesti-t%C3%B6%C3%B6tukassa-4441139803,"Puhastusteenindaja, koristaja",,scraped,2026-07-21T19:18:32.655927,
aacb6ef8bed5b68f,https://ee.linkedin.com/jobs/view/haljastust%C3%B6%C3%B6line-at-eesti-t%C3%B6%C3%B6tukassa-4440634151,Haljastustööline,,scraped,2026-07-21T19:18:39.376668,
3a60bb06d4c25361,https://ee.linkedin.com/jobs/view/matemaatika%C3%B5petaja-at-eesti-t%C3%B6%C3%B6tukassa-4442083913,Matemaatikaõpetaja,,scraped,2026-07-21T19:18:46.145400,
cf93d387a75c676e,https://ee.linkedin.com/jobs/view/kinnisvaramaakler-at-eesti-t%C3%B6%C3%B6tukassa-4442098354,Kinnisvaramaakler,,scraped,2026-07-21T19:18:52.935304,
4ea43beb7d3c42c7,https://ee.linkedin.com/jobs/view/ps%C3%BChholoog-at-eesti-t%C3%B6%C3%B6tukassa-4442099280,Psühholoog,,scraped,2026-07-21T19:18:59.810321,
ff3c8b2d7b52f6cf,https://ee.linkedin.com/jobs/view/kodumasinate-remonditehnik-at-eesti-t%C3%B6%C3%B6tukassa-4441395656,Kodumasinate remonditehnik,,scraped,2026-07-21T19:19:06.663254,
1d044c97a9cfe1bc,https://ee.linkedin.com/jobs/view/ketassaeraami-operaator-at-eesti-t%C3%B6%C3%B6tukassa-4442650786,Ketassaeraami operaator,,scraped,2026-07-21T19:19:13.460784,
2a5d1e8b3cfda960,https://ee.linkedin.com/jobs/view/teavituse-ja-tsiviil-militaar-koost%C3%B6%C3%B6-cimic-ohvitser-at-eesti-t%C3%B6%C3%B6tukassa-4440621899,Teavituse ja tsiviil-militaar koostöö (CIMIC) ohvitser,,scraped,2026-07-21T19:19:20.268245,
0cab343bd1f061c1,https://ee.linkedin.com/jobs/view/hooldust%C3%B6%C3%B6taja-at-eesti-t%C3%B6%C3%B6tukassa-4441396748,Hooldustöötaja,,scraped,2026-07-21T19:19:27.031954,
731888093d1538d0,https://ee.linkedin.com/jobs/view/autoremondilukksepp-at-eesti-t%C3%B6%C3%B6tukassa-4441152198,Autoremondilukksepp,,scraped,2026-07-21T19:19:33.820408,
fc2160d17c859ac5,https://ee.linkedin.com/jobs/view/kaubakategooriajuht-at-eesti-t%C3%B6%C3%B6tukassa-4441383998,Kaubakategooriajuht,,scraped,2026-07-21T19:19:40.612980,
b2719b39ed9c5d8b,https://ee.linkedin.com/jobs/view/kraanakomponentide-valmistaja-at-eesti-t%C3%B6%C3%B6tukassa-4441398665,Kraanakomponentide valmistaja,,scraped,2026-07-21T19:19:47.375980,
b94fe4a751eb0dbf,https://ee.linkedin.com/jobs/view/puhastusteenindaja-at-eesti-t%C3%B6%C3%B6tukassa-4441706144,Puhastusteenindaja,,scraped,2026-07-21T19:19:54.180823,
3c860ad151d47255,https://ee.linkedin.com/jobs/view/operaator-at-eesti-t%C3%B6%C3%B6tukassa-4442659468,Operaator,,scraped,2026-07-21T19:20:00.997355,
bf1e88f1a7f093ad,https://ee.linkedin.com/jobs/view/tegevusterapeut-at-eesti-t%C3%B6%C3%B6tukassa-4442083618,Tegevusterapeut,,scraped,2026-07-21T19:20:07.799989,
aee8d4657ca6371a,https://ee.linkedin.com/jobs/view/tootmisliini-tootmisseadme-operaator-at-eesti-t%C3%B6%C3%B6tukassa-4441160000,"Tootmisliini, tootmisseadme operaator",,scraped,2026-07-21T19:20:14.455991,
1db67b59a6bc3368,https://ee.linkedin.com/jobs/view/global-delivery-partnerships-lead-at-penta-global-limited-4442729697,Global Delivery & Partnerships Lead,,scraped,2026-07-21T19:20:23.348904,
950971ca2b73b6cc,https://ee.linkedin.com/jobs/view/crypto-payments-specialist-at-fyst-4441484579,Crypto Payments Specialist,,scraped,2026-07-21T19:20:30.176481,
74a9ad8687360a0f,https://ee.linkedin.com/jobs/view/rahvusvaheliste-vedude-autojuht-at-eesti-t%C3%B6%C3%B6tukassa-4439977213,Rahvusvaheliste vedude autojuht,,scraped,2026-07-21T19:20:37.427287,
f0ebaef62d94a3f1,https://ee.linkedin.com/jobs/view/kokk-at-eesti-t%C3%B6%C3%B6tukassa-4440625657,Kokk,,scraped,2026-07-21T19:20:44.074316,
03d428ccdde4a76c,https://ee.linkedin.com/jobs/view/masin%C3%B5mbleja-at-eesti-t%C3%B6%C3%B6tukassa-4442657515,Masinõmbleja,,scraped,2026-07-21T19:20:50.851104,
555ad5e1231be69c,https://ee.linkedin.com/jobs/view/kondiiter-at-eesti-t%C3%B6%C3%B6tukassa-4441140802,Kondiiter,,scraped,2026-07-21T19:20:57.633344,
21a4a7c35c4d2b63,https://ee.linkedin.com/jobs/view/farmide-hooldustehnik-at-eesti-t%C3%B6%C3%B6tukassa-4442080996,Farmide hooldustehnik,,scraped,2026-07-21T19:21:04.427559,
57aeffdb908ef1e3,https://ee.linkedin.com/jobs/view/isiklik-abistaja-at-eesti-t%C3%B6%C3%B6tukassa-4440627490,Isiklik abistaja,,scraped,2026-07-21T19:21:11.794225,
70e09675e45f76c5,https://ee.linkedin.com/jobs/view/vahetuse-vanem-at-eesti-t%C3%B6%C3%B6tukassa-4441387916,Vahetuse vanem,,scraped,2026-07-21T19:21:20.542647,
569dba8cfcd27368,https://ee.linkedin.com/jobs/view/kaupluse-t%C3%B6%C3%B6taja-at-eesti-t%C3%B6%C3%B6tukassa-4441395663,Kaupluse töötaja,,scraped,2026-07-21T19:21:29.464383,
c8a711bd7a640f58,https://ee.linkedin.com/jobs/view/sanction-aml-specialist-at-bigbank-4441614188,Sanction/AML specialist,,scraped,2026-07-21T19:21:38.403054,
7d97c5947eab816d,https://ee.linkedin.com/jobs/view/abihooldaja-at-eesti-t%C3%B6%C3%B6tukassa-4442668075,Abihooldaja,,scraped,2026-07-21T19:21:46.284996,
000a1e94add7f428,https://ee.linkedin.com/jobs/view/vanemteenindaja-at-eesti-t%C3%B6%C3%B6tukassa-4442080718,Vanemteenindaja,,scraped,2026-07-21T19:21:53.282007,
2c69f990729c1e0a,https://ee.linkedin.com/jobs/view/veoautojuht-at-eesti-t%C3%B6%C3%B6tukassa-4441144652,Veoautojuht,,scraped,2026-07-21T19:22:02.147969,
ae11bd663a79c14f,https://ee.linkedin.com/jobs/view/tootmist%C3%B6%C3%B6taja-at-eesti-t%C3%B6%C3%B6tukassa-4442661353,Tootmistöötaja,,scraped,2026-07-21T19:22:08.934120,
a585332314c9bce7,https://ee.linkedin.com/jobs/view/sotsiaalteenuste-koordinaator-at-eesti-t%C3%B6%C3%B6tukassa-4442656552,Sotsiaalteenuste koordinaator,,scraped,2026-07-21T19:22:18.269976,
320df1eaf7e6cd71,https://ee.linkedin.com/jobs/view/senior-product-manager-enterprise-at-n8n-4442158615,Senior Product Manager (Enterprise),,scraped,2026-07-21T19:22:25.238696,
f9dd4ca3f4b640a4,https://ee.linkedin.com/jobs/view/m%C3%BC%C3%BCja-konsultant-at-eesti-t%C3%B6%C3%B6tukassa-4442093184,Müüja-konsultant,,scraped,2026-07-21T19:22:31.558547,
e6ad4e7a6a343924,https://ee.linkedin.com/jobs/view/tootmiskokk-at-eesti-t%C3%B6%C3%B6tukassa-4442652776,Tootmiskokk,,scraped,2026-07-21T19:22:38.482231,
9193e53968b52c84,https://ee.linkedin.com/jobs/view/majanduse-ja-ettev%C3%B5tlikkuse-%C3%B5ppesuuna-%C3%B5ppeainete-%C3%B5petaja-at-eesti-t%C3%B6%C3%B6tukassa-4441391866,Majanduse ja ettevõtlikkuse õppesuuna õppeainete õpetaja,,scraped,2026-07-21T19:22:45.235170,
5dc7e46766ebb692,https://ee.linkedin.com/jobs/view/ettekandja-at-eesti-t%C3%B6%C3%B6tukassa-4442096071,Ettekandja,,scraped,2026-07-21T19:22:52.092950,
83f1f6f8feebf5e9,https://ee.linkedin.com/jobs/view/puhastusteenindaja-at-eesti-t%C3%B6%C3%B6tukassa-4441390701,Puhastusteenindaja,,scraped,2026-07-21T19:22:58.851242,
1bb6f6fd044e81ac,https://ee.linkedin.com/jobs/view/abi%C3%B5petaja-at-eesti-t%C3%B6%C3%B6tukassa-4442654612,Abiõpetaja,,scraped,2026-07-21T19:23:09.492329,
93d44c0673a74b36,https://ee.linkedin.com/jobs/view/juuksur-administraator-at-eesti-t%C3%B6%C3%B6tukassa-4442666157,Juuksur-administraator,,scraped,2026-07-21T19:23:16.445477,
d11ce3e7b6603c6e,https://ee.linkedin.com/jobs/view/lapsehoidja-at-eesti-t%C3%B6%C3%B6tukassa-4442645965,Lapsehoidja,,scraped,2026-07-21T19:23:23.202867,
a022cbc1927650d4,https://ee.linkedin.com/jobs/view/m%C3%BC%C3%BCgisekret%C3%A4r-at-eesti-t%C3%B6%C3%B6tukassa-4440629230,Müügisekretär,,scraped,2026-07-21T19:23:31.969514,
4aee19155a0b301e,https://ee.linkedin.com/jobs/view/maaler-viimistleja-at-eesti-t%C3%B6%C3%B6tukassa-4442095116,Maaler-viimistleja,,scraped,2026-07-21T19:23:40.615263,
cfd4b169ab8df5c2,https://ee.linkedin.com/jobs/view/%C3%BCldehitaja-at-eesti-t%C3%B6%C3%B6tukassa-4442652784,Üldehitaja,,scraped,2026-07-21T19:23:47.307870,
cae164a7e9fdb3c5,https://ee.linkedin.com/jobs/view/puhastusteenindaja-at-eesti-t%C3%B6%C3%B6tukassa-4441386973,Puhastusteenindaja,,scraped,2026-07-21T19:23:54.048617,
b9aef17a49589060,https://ee.linkedin.com/jobs/view/kaupluse-t%C3%B6%C3%B6taja-at-eesti-t%C3%B6%C3%B6tukassa-4441151168,Kaupluse töötaja,,scraped,2026-07-21T19:24:00.843268,
4a5441027a9020d3,https://ee.linkedin.com/jobs/view/mootorim%C3%A4hkija-at-eesti-t%C3%B6%C3%B6tukassa-4441136958,Mootorimähkija,,scraped,2026-07-21T19:24:07.607105,
ace72d10b0bef238,https://ee.linkedin.com/jobs/view/klienditeenindaja-toitlustuses-at-eesti-t%C3%B6%C3%B6tukassa-4442650778,Klienditeenindaja toitlustuses,,scraped,2026-07-21T19:24:14.378729,
8c58600849f62051,https://ee.linkedin.com/jobs/view/toateenija-at-eesti-t%C3%B6%C3%B6tukassa-4442666156,Toateenija,,scraped,2026-07-21T19:24:20.936366,
ca6c63a2418e1cc0,https://ee.linkedin.com/jobs/view/business-analyst-in-digital-channels-tribe-seb-tallinn-at-seb-eesti-4435116215,"Business Analyst in Digital channels Tribe | SEB, Tallinn",,scraped,2026-07-21T19:24:27.796315,
5ed40f6423fc891f,https://ee.linkedin.com/jobs/view/veoautojuht-at-eesti-t%C3%B6%C3%B6tukassa-4442653745,Veoautojuht,,scraped,2026-07-21T19:24:34.887126,
d93298fa09a1a70c,https://ee.linkedin.com/jobs/view/puhastusteenindaja-koristaja-at-eesti-t%C3%B6%C3%B6tukassa-4441387917,"Puhastusteenindaja, koristaja",,scraped,2026-07-21T19:24:41.941891,
9b626ca15f72427d,https://ee.linkedin.com/jobs/view/ventilatsioonilukksepp-at-eesti-t%C3%B6%C3%B6tukassa-4441392621,Ventilatsioonilukksepp,,scraped,2026-07-21T19:24:48.815503,
35b3997700ecf278,https://ee.linkedin.com/jobs/view/s%C3%B5iduauto-ja-kaubikujuht-at-eesti-t%C3%B6%C3%B6tukassa-4442089372,Sõiduauto- ja kaubikujuht,,scraped,2026-07-21T19:24:55.703915,
2c6974ef3ff40370,https://ee.linkedin.com/jobs/view/t%C3%B6%C3%B6dejuhataja-at-eesti-t%C3%B6%C3%B6tukassa-4442656535,Töödejuhataja,,scraped,2026-07-21T19:25:04.430457,
96e7ab357b34d82b,https://ee.linkedin.com/jobs/view/pakkija-at-eesti-t%C3%B6%C3%B6tukassa-4442651787,Pakkija,,scraped,2026-07-21T19:25:10.951230,
151c6ca0bd95a0ed,https://ee.linkedin.com/jobs/view/puhastusteenindaja-koristaja-at-eesti-t%C3%B6%C3%B6tukassa-4441398560,"Puhastusteenindaja, koristaja",,scraped,2026-07-21T19:25:17.844031,
4bca8c2bb6271996,https://ee.linkedin.com/jobs/view/ehituspuusepp-at-eesti-t%C3%B6%C3%B6tukassa-4442092268,Ehituspuusepp,,scraped,2026-07-21T19:25:24.821400,
2284ca3ff9825328,https://ee.linkedin.com/jobs/view/l%C3%BCpsja-at-eesti-t%C3%B6%C3%B6tukassa-4442096077,Lüpsja,,scraped,2026-07-21T19:25:33.538869,
fc298a67b640b41d,https://ee.linkedin.com/jobs/view/tantsu%C3%B5petaja-lastele-ning-noortele-at-eesti-t%C3%B6%C3%B6tukassa-4441386976,Tantsuõpetaja lastele ning noortele,,scraped,2026-07-21T19:25:40.074715,
9056489bdba26b1d,https://ee.linkedin.com/jobs/view/lasteaia-%C3%B5petaja-at-eesti-t%C3%B6%C3%B6tukassa-4442664185,Lasteaia õpetaja,,scraped,2026-07-21T19:25:48.915294,
2c8f6d28059ca615,https://ee.linkedin.com/jobs/view/kokk-at-eesti-t%C3%B6%C3%B6tukassa-4439971503,Kokk,,scraped,2026-07-21T19:25:55.879329,
0858e4c274f26ae5,https://ee.linkedin.com/jobs/view/academic-tutor-ai-trainer-at-dataannotation-4304441257,Academic Tutor - AI Trainer,DataAnnotation,posted,2026-07-21T19:26:12.013351,617
777a5cef3a90b83e,https://ee.linkedin.com/jobs/view/koostemehaanik-at-eesti-t%C3%B6%C3%B6tukassa-4442092563,Koostemehaanik,,scraped,2026-07-21T19:26:14.556700,
4228dc8067e50afb,https://ee.linkedin.com/jobs/view/kokk-at-eesti-t%C3%B6%C3%B6tukassa-4441147557,Kokk,,scraped,2026-07-21T19:26:21.495366,
9383595cc9193165,https://ee.linkedin.com/jobs/view/m%C3%BC%C3%BCja-klienditeenindaja-at-eesti-t%C3%B6%C3%B6tukassa-4441141870,Müüja-klienditeenindaja,,scraped,2026-07-21T19:26:28.390591,
ad596d9bd1009e71,https://ee.linkedin.com/jobs/view/kokk-at-eesti-t%C3%B6%C3%B6tukassa-4441139818,Kokk,,scraped,2026-07-21T19:26:35.008657,
f4e92e512d76acb6,https://ee.linkedin.com/jobs/view/eesti-keel-teise-keelena-%C3%B5petaja-at-eesti-t%C3%B6%C3%B6tukassa-4439973427,Eesti keel teise keelena õpetaja,,scraped,2026-07-21T19:26:41.744445,
8244f96543ef3f15,https://ee.linkedin.com/jobs/view/operatsioonide-juht-at-eesti-t%C3%B6%C3%B6tukassa-4442087704,Operatsioonide juht,,scraped,2026-07-21T19:26:48.509029,
9a3170243c3a02ca,https://ee.linkedin.com/jobs/view/isiklik-abistaja-at-eesti-t%C3%B6%C3%B6tukassa-4441152347,Isiklik abistaja,,scraped,2026-07-21T19:26:57.453329,
1dc7b23556028ac3,https://ee.linkedin.com/jobs/view/kokk-at-eesti-t%C3%B6%C3%B6tukassa-4441134909,Kokk,,scraped,2026-07-21T19:27:04.702839,
c8c489cb96377c7c,https://ee.linkedin.com/jobs/view/customer-success-manager-vip-account-manager-at-ultahost-4442639177,Customer Success Manager & VIP Account Manager,UltaHost,posted,2026-07-21T19:27:19.756144,619
69b6b9b5becae980,https://ee.linkedin.com/jobs/view/maaler-siseviimistleja-at-eesti-t%C3%B6%C3%B6tukassa-4442099020,Maaler-siseviimistleja,,scraped,2026-07-21T19:27:22.374270,
52464c5a9102b03c,https://ee.linkedin.com/jobs/view/pubi-ja-hosteli-t%C3%B6%C3%B6taja-at-eesti-t%C3%B6%C3%B6tukassa-4442657511,Pubi ja hosteli töötaja,,scraped,2026-07-21T19:27:28.900617,
2591d700a00e9883,https://ee.linkedin.com/jobs/view/puhastusteenindaja-at-eesti-t%C3%B6%C3%B6tukassa-4441146579,Puhastusteenindaja,,scraped,2026-07-21T19:27:35.633993,
8dd9b538532bafc5,https://ee.linkedin.com/jobs/view/kokk-at-eesti-t%C3%B6%C3%B6tukassa-4442202094,Kokk,,scraped,2026-07-21T19:27:44.464089,
89f73e345de20c60,https://ee.linkedin.com/jobs/view/library-facilities-assistant-internal-only-at-bristol-city-council-4443068014,Library Facilities Assistant - Internal only,,scraped,2026-07-21T19:27:51.384032,
a66063749824eb57,https://ee.linkedin.com/jobs/view/saksa-keele-%C3%B5petaja-at-eesti-t%C3%B6%C3%B6tukassa-4442080713,Saksa keele õpetaja,,scraped,2026-07-23T18:52:46.851579,
18657038076011a8,https://ee.linkedin.com/jobs/view/pagar-at-eesti-t%C3%B6%C3%B6tukassa-4442665188,Pagar,,scraped,2026-07-23T18:53:03.405810,
04f0dd014ad22e7a,https://ee.linkedin.com/jobs/view/inglise-keele-%C3%B5petaja-at-eesti-t%C3%B6%C3%B6tukassa-4442979705,Inglise keele õpetaja,,scraped,2026-07-23T18:53:12.103887,
eeed2f324f794b3c,https://ee.linkedin.com/jobs/view/pagar-at-eesti-t%C3%B6%C3%B6tukassa-4443484682,Pagar,,scraped,2026-07-23T18:53:18.716207,
d0958a30093e545a,https://ee.linkedin.com/jobs/view/j%C3%B5gevamaa-g%C3%BCmnaasiumi-direktor-at-eesti-t%C3%B6%C3%B6tukassa-4441160058,Jõgevamaa Gümnaasiumi direktor,,scraped,2026-07-23T18:53:25.093272,
26fe4029c226c685,https://ee.linkedin.com/jobs/view/eesti-keele-ja-kirjanduse-%C3%B5petaja-at-eesti-t%C3%B6%C3%B6tukassa-4443484679,Eesti keele ja kirjanduse õpetaja,,scraped,2026-07-23T18:53:41.576367,
bdf7b8f45056ebfc,https://ee.linkedin.com/jobs/view/muusika%C3%B5petaja-ja-koorijuht-0-75-koormus-at-eesti-t%C3%B6%C3%B6tukassa-4442974439,"Muusikaõpetaja ja koorijuht (0,75 koormus)",,scraped,2026-07-23T18:53:48.198776,
43910b90dedd5ffb,https://ee.linkedin.com/jobs/view/katusemeister-at-eesti-t%C3%B6%C3%B6tukassa-4442092281,Katusemeister,,scraped,2026-07-23T18:53:54.798835,
232e22cce4f00d2b,https://ee.linkedin.com/jobs/view/crew-control-officer-at-marabu-airlines-4444449556,Crew Control Officer,Marabu Airlines,failed|wp_post_failed,2026-07-23T18:54:07.311198,
a2625fa0e00d8132,https://ee.linkedin.com/jobs/view/hooldaja-at-eesti-t%C3%B6%C3%B6tukassa-4442662275,Hooldaja,,scraped,2026-07-23T18:54:09.793383,
fbba06031be433d5,https://ee.linkedin.com/jobs/view/maaler-at-eesti-t%C3%B6%C3%B6tukassa-4442650771,Maaler,,scraped,2026-07-23T18:54:16.308528,
66aa344072455dfa,https://ee.linkedin.com/jobs/view/kokk-at-eesti-t%C3%B6%C3%B6tukassa-4442648836,Kokk,,scraped,2026-07-23T18:54:22.813739,
7d24e132dd4826d3,https://ee.linkedin.com/jobs/view/raamatukoguhoidja-at-eesti-t%C3%B6%C3%B6tukassa-4442097411,Raamatukoguhoidja,,scraped,2026-07-23T18:54:29.331949,
b2f50da9bb5d031a,https://ee.linkedin.com/jobs/view/teenindaja-at-eesti-t%C3%B6%C3%B6tukassa-4441707042,Teenindaja,,scraped,2026-07-23T18:54:35.713311,
72a44e249c2b364e,https://ee.linkedin.com/jobs/view/pagar-kondiiter-at-eesti-t%C3%B6%C3%B6tukassa-4443476663,Pagar-kondiiter,,scraped,2026-07-23T18:54:42.170110,
d4df4c5260549b76,https://ee.linkedin.com/jobs/view/software-tester-in-customer-overview-and-digital-enablers-tribe-seb-tallinn-at-seb-eesti-4443302981,Software Tester in Customer Overview and Digital Enablers Tribe | SEB Tallinn,,scraped,2026-07-23T18:54:50.793667,
63e73f23d995160b,https://ee.linkedin.com/jobs/view/%C3%B5petaja-abi-at-eesti-t%C3%B6%C3%B6tukassa-4441705187,Õpetaja abi,,scraped,2026-07-23T18:54:57.642573,
fffe4a2ea2fa4e9c,https://ee.linkedin.com/jobs/view/teenindaja-at-eesti-t%C3%B6%C3%B6tukassa-4441395647,Teenindaja,,scraped,2026-07-23T18:55:06.358905,
a11cb0389d80046c,https://ee.linkedin.com/jobs/view/marketing-manager-at-jobgether-4442032031,Marketing Manager,,scraped,2026-07-23T18:55:13.087248,
7a1c8be0af8c4714,https://ee.linkedin.com/jobs/view/senior-project-manager-remote-contract-at-infuse-4441641265,"Senior Project Manager (Remote, Contract)",INFUSE,failed|wp_post_failed,2026-07-23T18:55:35.813293,
9c9a48cfeea7fe39,https://ee.linkedin.com/jobs/view/pakkemasina-operaator-at-eesti-t%C3%B6%C3%B6tukassa-4442080985,Pakkemasina operaator,,scraped,2026-07-23T18:55:38.326610,
685fa175641a2888,https://ee.linkedin.com/jobs/view/pakendaja-at-eesti-t%C3%B6%C3%B6tukassa-4442964942,Pakendaja,,scraped,2026-07-23T18:55:46.912123,
4d1282cb84f881de,https://ee.linkedin.com/jobs/view/raamatupidaja-assistent-at-eesti-t%C3%B6%C3%B6tukassa-4442971944,Raamatupidaja assistent,,scraped,2026-07-23T18:55:59.517962,
be9e8706bb00d291,https://ee.linkedin.com/jobs/view/technical-support-engineer-at-shen-ai-4442113101,Technical Support Engineer,,scraped,2026-07-23T18:56:08.266733,
c65523f8e283783b,https://ee.linkedin.com/jobs/view/klienditeenindaja-at-eesti-t%C3%B6%C3%B6tukassa-4441704265,Klienditeenindaja,,scraped,2026-07-23T18:56:14.888789,
085cd1e6cff31f6d,https://ee.linkedin.com/jobs/view/administraator-at-eesti-t%C3%B6%C3%B6tukassa-4442972830,Administraator,,scraped,2026-07-23T18:56:21.500919,
9eca8fa8befa8979,https://ee.linkedin.com/jobs/view/m%C3%BC%C3%BCja-at-eesti-t%C3%B6%C3%B6tukassa-4441395651,Müüja,,scraped,2026-07-23T18:56:28.191414,
10e34985387ddf42,https://ee.linkedin.com/jobs/view/%C3%B5ppekoordinaator-at-eesti-t%C3%B6%C3%B6tukassa-4441394594,Õppekoordinaator,,scraped,2026-07-23T18:56:34.755767,
a6175b09f3b66f75,https://ee.linkedin.com/jobs/view/teenindaja-at-eesti-t%C3%B6%C3%B6tukassa-4441148557,Teenindaja,,scraped,2026-07-23T18:56:41.353941,
10a3e43386e5d358,https://ee.linkedin.com/jobs/view/teenindaja-at-eesti-t%C3%B6%C3%B6tukassa-4441395728,Teenindaja,,scraped,2026-07-23T18:56:49.915540,
9f213365acae4311,https://ee.linkedin.com/jobs/view/muusika%C3%B5petaja-at-eesti-t%C3%B6%C3%B6tukassa-4442971859,Muusikaõpetaja,,scraped,2026-07-23T18:56:56.457209,
db0d15decad26cc2,https://ee.linkedin.com/jobs/view/l%C3%BCpsja-at-eesti-t%C3%B6%C3%B6tukassa-4442099019,Lüpsja,,scraped,2026-07-23T18:57:03.168929,
15b6a90918a3c5db,https://ee.linkedin.com/jobs/view/vanemteenindaja-at-eesti-t%C3%B6%C3%B6tukassa-4441706134,Vanemteenindaja,,scraped,2026-07-23T18:57:13.904096,
022b6a1767f95806,https://ee.linkedin.com/jobs/view/koristaja-at-eesti-t%C3%B6%C3%B6tukassa-4441389876,Koristaja,,scraped,2026-07-23T18:57:20.634473,
7c38cdbe8701ced4,https://ee.linkedin.com/jobs/view/%C3%BCldehitaja-at-eesti-t%C3%B6%C3%B6tukassa-4443466673,Üldehitaja,,scraped,2026-07-23T18:57:29.242384,
8ff3d0c869138c59,https://ee.linkedin.com/jobs/view/pudivere-at-o%C3%BC-konna-tee-4444429802,Pudivere,OÜ Konna Tee,failed|wp_post_failed,2026-07-23T18:57:46.100290,
1207f8c403c62418,https://ee.linkedin.com/jobs/view/sutlema-at-o%C3%BC-konna-tee-4444440448,Sutlema,OÜ Konna Tee,failed|wp_post_failed,2026-07-23T18:57:56.561917,
67a1a2d61735fcc8,https://ee.linkedin.com/jobs/view/echoglobal-at-selectedfirms-4442972345,EchoGlobal,SelectedFirms,failed|wp_post_failed,2026-07-23T18:58:07.073909,
6dd83ab2113893ff,https://ee.linkedin.com/jobs/view/payroll-administrator-at-sd-worx-4441519854,Payroll Administrator,,scraped,2026-07-23T18:58:09.699169,
e6f9e6b3df53caf0,https://ee.linkedin.com/jobs/view/elektrik-at-eesti-t%C3%B6%C3%B6tukassa-4442972568,Elektrik,,scraped,2026-07-23T18:58:16.321355,
e9020f97880d2bca,https://ee.linkedin.com/jobs/view/laot%C3%B6%C3%B6taja-at-eesti-t%C3%B6%C3%B6tukassa-4442663208,Laotöötaja,,scraped,2026-07-23T18:58:23.219870,
e1c8d6323cd8f9c2,https://ee.linkedin.com/jobs/view/m%C3%BC%C3%BCja-klienditeenindaja-at-eesti-t%C3%B6%C3%B6tukassa-4442663201,Müüja-klienditeenindaja,,scraped,2026-07-23T18:58:29.608379,
914b7ddae5ac368f,https://ee.linkedin.com/jobs/view/tallit%C3%B6%C3%B6taja-at-eesti-t%C3%B6%C3%B6tukassa-4442078740,Tallitöötaja,,scraped,2026-07-23T18:58:38.172457,
468ef231ecc7fe45,https://ee.linkedin.com/jobs/view/klienditeenindaja-at-eesti-t%C3%B6%C3%B6tukassa-4442649792,Klienditeenindaja,,scraped,2026-07-23T18:58:44.598010,
15ddd200bcc4712d,https://ee.linkedin.com/jobs/view/abi%C3%B5petaja-at-eesti-t%C3%B6%C3%B6tukassa-4441399500,Abiõpetaja,,scraped,2026-07-23T18:58:55.134536,
8c085a146a087497,https://ee.linkedin.com/jobs/view/payroll-specialist-at-sd-worx-4441516940,Payroll Specialist,,scraped,2026-07-23T18:59:03.746669,
c754ba024593e2bc,https://ee.linkedin.com/jobs/view/masinkuduja-at-eesti-t%C3%B6%C3%B6tukassa-4442665208,Masinkuduja,,scraped,2026-07-23T18:59:12.679050,
f74104d67cd78d87,https://ee.linkedin.com/jobs/view/toateenindaja-at-eesti-t%C3%B6%C3%B6tukassa-4442991023,Toateenindaja,,scraped,2026-07-23T18:59:19.432091,
3b0eb4b0573a31f8,https://ee.linkedin.com/jobs/view/elektrik-at-eesti-t%C3%B6%C3%B6tukassa-4442976774,Elektrik,,scraped,2026-07-23T18:59:25.946129,
9ddb8c3f5d8b2453,https://ee.linkedin.com/jobs/view/learning-skills-lead-at-fyul-4442710190,Learning & Skills Lead,FYUL,failed|wp_post_failed,2026-07-23T18:59:38.186764,
8a0a15017247544b,https://ee.linkedin.com/jobs/view/learning-skills-lead-at-print-on-demand-4443351021,Learning & Skills Lead,Print On Demand,failed|wp_post_failed,2026-07-23T18:59:45.577406,
0a396a8b0c5000be,https://ee.linkedin.com/jobs/view/m%C3%BC%C3%BCja-at-eesti-t%C3%B6%C3%B6tukassa-4441156090,Müüja,,scraped,2026-07-23T18:59:50.102509,
d1c17e2950b30017,https://ee.linkedin.com/jobs/view/tugiisik-at-eesti-t%C3%B6%C3%B6tukassa-4442663245,Tugiisik,,scraped,2026-07-23T18:59:56.720783,
cfd41d9e89483ecb,https://ee.linkedin.com/jobs/view/k%C3%BCpsiste-valmistaja-at-eesti-t%C3%B6%C3%B6tukassa-4442968929,Küpsiste valmistaja,,scraped,2026-07-23T19:00:03.407620,
2355ea747253a658,https://ee.linkedin.com/jobs/view/teenindusjuht-at-eesti-t%C3%B6%C3%B6tukassa-4442654614,Teenindusjuht,,scraped,2026-07-23T19:00:10.092510,
73e305a51de5e834,https://ee.linkedin.com/jobs/view/k%C3%BC%C3%BCnetehnik-at-eesti-t%C3%B6%C3%B6tukassa-4442098328,Küünetehnik,,scraped,2026-07-23T19:00:16.530488,
c2f1f6386f601fe7,https://ee.linkedin.com/jobs/view/klienditeenindaja-at-eesti-t%C3%B6%C3%B6tukassa-4442651793,Klienditeenindaja,,scraped,2026-07-23T19:00:23.220675,
4ba98f811e7c2a1d,https://ee.linkedin.com/jobs/view/lasteaia-abi%C3%B5petaja-at-eesti-t%C3%B6%C3%B6tukassa-4442981651,Lasteaia abiõpetaja,,scraped,2026-07-23T19:00:29.590358,
95714de75f762922,https://ee.linkedin.com/jobs/view/logistikasektsiooni-staabiallohvitser-at-eesti-t%C3%B6%C3%B6tukassa-4441705151,Logistikasektsiooni staabiallohvitser,,scraped,2026-07-23T19:00:36.181661,
185158e67072adb0,https://ee.linkedin.com/jobs/view/l%C3%BCpsja-at-eesti-t%C3%B6%C3%B6tukassa-4442079775,Lüpsja,,scraped,2026-07-23T19:00:44.656878,
e001ae158ce239ff,https://ee.linkedin.com/jobs/view/keevitaja-at-eesti-t%C3%B6%C3%B6tukassa-4442650799,Keevitaja,,scraped,2026-07-23T19:00:51.135927,
52906248f75ab9db,https://ee.linkedin.com/jobs/view/tootmist%C3%B6%C3%B6line-at-eesti-t%C3%B6%C3%B6tukassa-4441708023,Tootmistööline,,scraped,2026-07-23T19:00:57.734165,
c6d08e5240133ef6,https://ee.linkedin.com/jobs/view/koka-abi-at-eesti-t%C3%B6%C3%B6tukassa-4441134920,Koka abi,,scraped,2026-07-23T19:01:04.382576,
55a523aa446575e1,https://ee.linkedin.com/jobs/view/administraator-at-eesti-t%C3%B6%C3%B6tukassa-4441154280,Administraator,,scraped,2026-07-23T19:01:11.172726,
c587c2c07fc439d2,https://ee.linkedin.com/jobs/view/keevitaja-at-eesti-t%C3%B6%C3%B6tukassa-4442655568,Keevitaja,,scraped,2026-07-23T19:01:17.756432,
87d76cdcd1bfb3e5,https://ee.linkedin.com/jobs/view/eripedagoog-at-eesti-t%C3%B6%C3%B6tukassa-4442082604,Eripedagoog,,scraped,2026-07-23T19:01:28.377456,
2a88a23ed53925a0,https://ee.linkedin.com/jobs/view/logopeed-at-eesti-t%C3%B6%C3%B6tukassa-4442989062,Logopeed,,scraped,2026-07-23T19:01:35.168846,
1e47a5fa7b546705,https://ee.linkedin.com/jobs/view/puhastusteenindaja-at-eesti-t%C3%B6%C3%B6tukassa-4441390699,Puhastusteenindaja,,scraped,2026-07-23T19:01:41.592148,
57db441056e38ccb,https://ee.linkedin.com/jobs/view/sotsiaalpedagoog-at-eesti-t%C3%B6%C3%B6tukassa-4441142734,Sotsiaalpedagoog,,scraped,2026-07-23T19:01:48.253117,
f9d4a2ca2f9a7831,https://ee.linkedin.com/jobs/view/planeeringuspetsialist-at-eesti-t%C3%B6%C3%B6tukassa-4441160028,Planeeringuspetsialist,,scraped,2026-07-23T19:01:54.560164,
b7a20933d1b37dcf,https://ee.linkedin.com/jobs/view/keevitaja-at-eesti-t%C3%B6%C3%B6tukassa-4442970897,Keevitaja,,scraped,2026-07-23T19:02:01.024601,
4145dfb4f82cf17b,https://ee.linkedin.com/jobs/view/lasteaia%C3%B5petaja-at-eesti-t%C3%B6%C3%B6tukassa-4443486603,Lasteaiaõpetaja,,scraped,2026-07-23T19:02:07.604435,
53651b58ff779e66,https://ee.linkedin.com/jobs/view/%C3%BCldehitaja-at-eesti-t%C3%B6%C3%B6tukassa-4443812420,Üldehitaja,,scraped,2026-07-23T19:02:14.390223,
35097c847d05eb3b,https://ee.linkedin.com/jobs/view/pitsameister-at-eesti-t%C3%B6%C3%B6tukassa-4442985434,Pitsameister,,scraped,2026-07-23T19:02:20.865402,
52a1d27ff5086cd9,https://ee.linkedin.com/jobs/view/klienditeenindaja-at-eesti-t%C3%B6%C3%B6tukassa-4442969831,Klienditeenindaja,,scraped,2026-07-23T19:02:27.411013,
bf77349fe7c2ccce,https://ee.linkedin.com/jobs/view/m%C3%BC%C3%BCgiesindaja-m%C3%BC%C3%BCgikonsultant-at-eesti-t%C3%B6%C3%B6tukassa-4442076911,"Müügiesindaja, müügikonsultant",,scraped,2026-07-23T19:02:34.038486,
81846b5bb6ac22ea,https://ee.linkedin.com/jobs/view/tegevusjuhendaja-at-eesti-t%C3%B6%C3%B6tukassa-4442964947,Tegevusjuhendaja,,scraped,2026-07-23T19:02:40.611381,
fb74066edc9c004c,https://ee.linkedin.com/jobs/view/k%C3%B6%C3%B6git%C3%B6%C3%B6line-at-eesti-t%C3%B6%C3%B6tukassa-4442667076,Köögitööline,,scraped,2026-07-23T19:02:47.047043,
76789aec205c9f7f,https://ee.linkedin.com/jobs/view/klienditeenindaja-at-eesti-t%C3%B6%C3%B6tukassa-4443468728,Klienditeenindaja,,scraped,2026-07-23T19:02:53.556558,
7a045939294fb118,https://ee.linkedin.com/jobs/view/puhastusteenindaja-at-eesti-t%C3%B6%C3%B6tukassa-4442084510,Puhastusteenindaja,,scraped,2026-07-23T19:02:59.954344,
67b423dd942257ec,https://ee.linkedin.com/jobs/view/valvur-at-eesti-t%C3%B6%C3%B6tukassa-4442094115,Valvur,,scraped,2026-07-23T19:03:06.382160,
5e64a1f220da6e01,https://ee.linkedin.com/jobs/view/toitlustusteenindaja-at-eesti-t%C3%B6%C3%B6tukassa-4442971143,Toitlustusteenindaja,,scraped,2026-07-23T19:03:13.009614,
e03ca5cd5630bdcb,https://ee.linkedin.com/jobs/view/%C3%B5ppejuht-at-eesti-t%C3%B6%C3%B6tukassa-4442991215,Õppejuht,,scraped,2026-07-23T19:03:19.669543,
d4e899ad5e1b5e00,https://ee.linkedin.com/jobs/view/juhiabi-at-eesti-t%C3%B6%C3%B6tukassa-4443493524,Juhiabi,,scraped,2026-07-23T19:03:26.252342,
a173eae937c5c682,https://ee.linkedin.com/jobs/view/harvesterioperaator-at-eesti-t%C3%B6%C3%B6tukassa-4442986248,Harvesterioperaator,,scraped,2026-07-23T19:03:32.792895,
2b326b0e884a02a7,https://ee.linkedin.com/jobs/view/masinate-koostaja-at-eesti-t%C3%B6%C3%B6tukassa-4441155191,Masinate koostaja,,scraped,2026-07-23T19:03:39.405534,
c30558b366ffc586,https://ee.linkedin.com/jobs/view/juhiabi-at-eesti-t%C3%B6%C3%B6tukassa-4442975603,Juhiabi,,scraped,2026-07-23T19:03:45.877732,
1aa0e191ea445152,https://ee.linkedin.com/jobs/view/klassi%C3%B5petaja-at-eesti-t%C3%B6%C3%B6tukassa-4443491622,Klassiõpetaja,,scraped,2026-07-23T19:03:52.405311,
3082864efe483fbc,https://ee.linkedin.com/jobs/view/toiduk%C3%A4itleja-at-eesti-t%C3%B6%C3%B6tukassa-4442080989,Toidukäitleja,,scraped,2026-07-23T19:03:58.999811,
5d40d514ddae728a,https://ee.linkedin.com/jobs/view/keevitaja-at-eesti-t%C3%B6%C3%B6tukassa-4442084509,Keevitaja,,scraped,2026-07-23T19:04:05.409595,
facf594730dc595e,https://ee.linkedin.com/jobs/view/pearaamatupidaja-at-eesti-t%C3%B6%C3%B6tukassa-4442202126,Pearaamatupidaja,,scraped,2026-07-23T19:04:11.989311,
532b90493b693be3,https://ee.linkedin.com/jobs/view/hooldustehnik-at-eesti-t%C3%B6%C3%B6tukassa-4442097074,Hooldustehnik,,scraped,2026-07-23T19:04:18.475330,
63d7a9c844800e5b,https://ee.linkedin.com/jobs/view/kulmutehnik-at-eesti-t%C3%B6%C3%B6tukassa-4442091594,Kulmutehnik,,scraped,2026-07-23T19:04:27.105613,
3fc36a5d400b39d6,https://ee.linkedin.com/jobs/view/bussijuht-at-eesti-t%C3%B6%C3%B6tukassa-4441705193,Bussijuht,,scraped,2026-07-23T19:04:33.652982,
1ea5ddc76b134cce,https://ee.linkedin.com/jobs/view/keevitaja-koostaja-at-eesti-t%C3%B6%C3%B6tukassa-4442099285,Keevitaja-koostaja,,scraped,2026-07-23T19:04:40.199089,
91732209caa5b266,https://ee.linkedin.com/jobs/view/administraator-at-eesti-t%C3%B6%C3%B6tukassa-4441141782,Administraator,,scraped,2026-07-23T19:04:46.895326,
7a837bb2c17067ff,https://ee.linkedin.com/jobs/view/karjak-at-eesti-t%C3%B6%C3%B6tukassa-4442978466,Karjak,,scraped,2026-07-23T19:04:56.331887,
1d0c12430745e797,https://ee.linkedin.com/jobs/view/puidupingi-operaator-at-eesti-t%C3%B6%C3%B6tukassa-4442660397,Puidupingi operaator,,scraped,2026-07-23T19:05:02.882489,
b8d5fe85fbfc07c3,https://ee.linkedin.com/jobs/view/fassaadi-abit%C3%B6%C3%B6line-at-eesti-t%C3%B6%C3%B6tukassa-4442973608,Fassaadi abitööline,,scraped,2026-07-23T19:05:09.399140,
50dc801df3dfad52,https://ee.linkedin.com/jobs/view/autoremondilukksepp-mehaanik-at-eesti-t%C3%B6%C3%B6tukassa-4442651789,Autoremondilukksepp-mehaanik,,scraped,2026-07-23T19:05:15.894518,
6602acee0a652d78,https://ee.linkedin.com/jobs/view/meditsiini%C3%B5de-at-eesti-t%C3%B6%C3%B6tukassa-4443490724,Meditsiiniõde,,scraped,2026-07-23T19:05:22.551857,
267781a4a3e63236,https://ee.linkedin.com/jobs/view/majutusjuht-at-eesti-t%C3%B6%C3%B6tukassa-4443470747,Majutusjuht,,scraped,2026-07-23T19:05:31.070377,
215f1b932eda7851,https://ee.linkedin.com/jobs/view/klienditeenindaja-at-eesti-t%C3%B6%C3%B6tukassa-4441700557,Klienditeenindaja,,scraped,2026-07-23T19:05:37.700287,
617c126d4a30e106,https://ee.linkedin.com/jobs/view/tootmist%C3%B6%C3%B6line-at-eesti-t%C3%B6%C3%B6tukassa-4441388996,Tootmistööline,,scraped,2026-07-23T19:05:44.138508,
ffc8d0b652e85e09,https://ee.linkedin.com/jobs/view/pakkija-at-eesti-t%C3%B6%C3%B6tukassa-4443495539,Pakkija,,scraped,2026-07-23T19:05:50.963734,
7eb907b04fef4e19,https://ee.linkedin.com/jobs/view/polsterdaja-at-eesti-t%C3%B6%C3%B6tukassa-4442645948,Polsterdaja,,scraped,2026-07-23T19:05:57.629733,
1e2edcd10b034824,https://ee.linkedin.com/jobs/view/vanemkokk-at-eesti-t%C3%B6%C3%B6tukassa-4442096056,Vanemkokk,,scraped,2026-07-23T19:06:04.196029,
5e7e90b80474a8b7,https://ee.linkedin.com/jobs/view/lasteaia%C3%B5petaja-at-eesti-t%C3%B6%C3%B6tukassa-4443811389,Lasteaiaõpetaja,,scraped,2026-07-23T19:06:10.723942,
caa791a5347f0b5e,https://ee.linkedin.com/jobs/view/veoautojuht-at-eesti-t%C3%B6%C3%B6tukassa-4442990029,Veoautojuht,,scraped,2026-07-23T19:06:17.273939,
0185b65e90ae5873,https://ee.linkedin.com/jobs/view/head-of-product-design-at-n8n-4443393049,Head of Product Design,,scraped,2026-07-23T19:06:23.893015,
e051200eaadbc4b0,https://ee.linkedin.com/jobs/view/laojuhataja-at-eesti-t%C3%B6%C3%B6tukassa-4441146533,Laojuhataja,,scraped,2026-07-23T19:06:32.250121,
0212ad3b35631d46,https://ee.linkedin.com/jobs/view/hooldaja-at-eesti-t%C3%B6%C3%B6tukassa-4442985478,Hooldaja,,scraped,2026-07-23T19:06:41.776487,
d0cc8e078621e877,https://ee.linkedin.com/jobs/view/lasteaia%C3%B5petaja-at-eesti-t%C3%B6%C3%B6tukassa-4442991204,Lasteaiaõpetaja,,scraped,2026-07-23T19:06:48.354166,
a686de652daf922b,https://ee.linkedin.com/jobs/view/%C3%B5de-paide-s%C3%BCdamekodusse-at-eesti-t%C3%B6%C3%B6tukassa-4441399493,Õde Paide Südamekodusse,,scraped,2026-07-23T19:06:54.853501,
108a2e060ce29c34,https://ee.linkedin.com/jobs/view/logopeed-at-eesti-t%C3%B6%C3%B6tukassa-4441708009,Logopeed,,scraped,2026-07-23T19:07:01.379950,
2430348eddf9ff70,https://ee.linkedin.com/jobs/view/majandus-ja-kommunikatsiooniministeeriumi-innovatsiooni-ja-majandusarengu-asekantsler-at-eesti-t%C3%B6%C3%B6tukassa-4441704186,Majandus- ja Kommunikatsiooniministeeriumi innovatsiooni ja majandusarengu asekantsler,,scraped,2026-07-23T19:07:07.954273,
b1d35458db509f9e,https://ee.linkedin.com/jobs/view/%C3%B5ppejuht-at-eesti-t%C3%B6%C3%B6tukassa-4442977520,Õppejuht,,scraped,2026-07-23T19:07:14.387856,
d497731e110ce6d4,https://ee.linkedin.com/jobs/view/tootmist%C3%B6%C3%B6line-at-eesti-t%C3%B6%C3%B6tukassa-4442987014,Tootmistööline,,scraped,2026-07-23T19:07:22.893588,
c0489d38ab8e90b0,https://ee.linkedin.com/jobs/view/m%C3%BC%C3%BCja-klienditeenindaja-at-eesti-t%C3%B6%C3%B6tukassa-4441394597,Müüja-klienditeenindaja,,scraped,2026-07-23T19:07:29.635704,
986c2161c7a3a7e0,https://ee.linkedin.com/jobs/view/pakkija-at-eesti-t%C3%B6%C3%B6tukassa-4443468746,Pakkija,,scraped,2026-07-23T19:07:36.183882,
f81c80aef796b274,https://ee.linkedin.com/jobs/view/m%C3%BC%C3%BCgiagent-at-eesti-t%C3%B6%C3%B6tukassa-4442099292,Müügiagent,,scraped,2026-07-23T19:07:42.927768,
b5fdd85fea9387f1,https://ee.linkedin.com/jobs/view/tegevusjuhendaja-at-eesti-t%C3%B6%C3%B6tukassa-4443476658,Tegevusjuhendaja,,scraped,2026-07-23T19:07:49.444525,
7f3745208aafe159,https://ee.linkedin.com/jobs/view/plekksepp-isoleerija-at-eesti-t%C3%B6%C3%B6tukassa-4441388937,Plekksepp-isoleerija,,scraped,2026-07-23T19:07:56.019915,
38c07e0048fbe5bb,https://ee.linkedin.com/jobs/view/printimist%C3%B6%C3%B6de-operaator-klienditeenindaja-at-eesti-t%C3%B6%C3%B6tukassa-4442085467,Printimistööde operaator - klienditeenindaja,,scraped,2026-07-23T19:08:02.746885,
35efac8de11c3187,https://ee.linkedin.com/jobs/view/saeoperaator-at-eesti-t%C3%B6%C3%B6tukassa-4442077793,Saeoperaator,,scraped,2026-07-23T19:08:09.172501,
8ab5e5a98a251e34,https://ee.linkedin.com/jobs/view/torulukksepp-at-eesti-t%C3%B6%C3%B6tukassa-4442991211,Torulukksepp,,scraped,2026-07-23T19:08:15.680391,
a4992eaf4076ac11,https://ee.linkedin.com/jobs/view/rahvusvaheliste-vedude-autojuht-at-eesti-t%C3%B6%C3%B6tukassa-4442093482,Rahvusvaheliste vedude autojuht,,scraped,2026-07-23T19:08:22.237620,
266880cf95e31dcd,https://ee.linkedin.com/jobs/view/haridus-ja-innovatsioonijuht-at-eesti-t%C3%B6%C3%B6tukassa-4443477636,Haridus- ja innovatsioonijuht,,scraped,2026-07-23T19:08:30.839574,
80eeb0b1ea97e1f2,https://ee.linkedin.com/jobs/view/abi%C3%B5petaja-at-eesti-t%C3%B6%C3%B6tukassa-4443466718,Abiõpetaja,,scraped,2026-07-23T19:08:37.437569,
0f1e206c275ec2d8,https://ee.linkedin.com/jobs/view/nooremprojektijuht-at-rail-baltic-estonia-4442126105,nooremprojektijuht,,scraped,2026-07-23T19:08:44.063593,
e470db1e575b89f6,https://ee.linkedin.com/jobs/view/rahvusvaheliste-vedude-autojuht-at-eesti-t%C3%B6%C3%B6tukassa-4441151190,Rahvusvaheliste vedude autojuht,,scraped,2026-07-23T19:08:52.177703,
4ed5ba89dd129f1d,https://ee.linkedin.com/jobs/view/lasteaia%C3%B5petaja-at-eesti-t%C3%B6%C3%B6tukassa-4442956590,Lasteaiaõpetaja,,scraped,2026-07-23T19:08:58.550289,
022def84e13fdaa3,https://ee.linkedin.com/jobs/view/laevaremondi-lukksepp-at-eesti-t%C3%B6%C3%B6tukassa-4441144725,Laevaremondi lukksepp,,scraped,2026-07-23T19:09:05.293826,
c784bf5b399743a7,https://ee.linkedin.com/jobs/view/puitmajade-pakkija-at-eesti-t%C3%B6%C3%B6tukassa-4442981676,Puitmajade pakkija,,scraped,2026-07-23T19:09:11.912505,
8fe754f69906739a,https://ee.linkedin.com/jobs/view/raudbetoonelementide-valmistaja-at-eesti-t%C3%B6%C3%B6tukassa-4442969875,Raudbetoonelementide valmistaja,,scraped,2026-07-23T19:09:18.479338,
ba803eff45cab6ab,https://ee.linkedin.com/jobs/view/m%C3%B6%C3%B6blivalmistaja-paigaldaja-at-eesti-t%C3%B6%C3%B6tukassa-4441391744,Mööblivalmistaja/paigaldaja,,scraped,2026-07-23T19:09:25.030315,
cd5f73ae854037c0,https://ee.linkedin.com/jobs/view/asjaajaja-at-eesti-t%C3%B6%C3%B6tukassa-4442978760,Asjaajaja,,scraped,2026-07-23T19:09:33.727502,
6173bb879d49c6ab,https://ee.linkedin.com/jobs/view/m%C3%BC%C3%BCgispetsialist-at-eesti-t%C3%B6%C3%B6tukassa-4442655595,Müügispetsialist,,scraped,2026-07-23T19:09:40.275427,
447d6c235f7debb9,https://ee.linkedin.com/jobs/view/k%C3%A4sisorteerija-at-eesti-t%C3%B6%C3%B6tukassa-4442982620,Käsisorteerija,,scraped,2026-07-23T19:09:46.766617,
c74874c9bbdc1013,https://ee.linkedin.com/jobs/view/veoautojuht-at-eesti-t%C3%B6%C3%B6tukassa-4443481630,Veoautojuht,,scraped,2026-07-23T19:09:53.377125,
50b1d3e2f847f915,https://ee.linkedin.com/jobs/view/abi%C3%B5petaja-at-eesti-t%C3%B6%C3%B6tukassa-4443806470,Abiõpetaja,,scraped,2026-07-23T19:09:59.998291,
af0ef1b598de0cc8,https://ee.linkedin.com/jobs/view/kaupluse-t%C3%B6%C3%B6taja-at-eesti-t%C3%B6%C3%B6tukassa-4441394633,Kaupluse töötaja,,scraped,2026-07-23T19:10:06.479442,
90dee748e317315a,https://ee.linkedin.com/jobs/view/software-developer-in-customer-overview-and-digital-enablers-tribe-seb-tallinn-at-seb-eesti-4443532637,Software Developer in Customer Overview and Digital Enablers Tribe | SEB Tallinn,,scraped,2026-07-23T19:10:13.203026,
ddce5291156d078f,https://ee.linkedin.com/jobs/view/m%C3%BC%C3%BCja-klienditeenindaja-at-eesti-t%C3%B6%C3%B6tukassa-4441136939,Müüja-klienditeenindaja,,scraped,2026-07-23T19:10:20.068247,
a789e14d690a61d2,https://ee.linkedin.com/jobs/view/autoremondilukksepp-at-eesti-t%C3%B6%C3%B6tukassa-4441140708,Autoremondilukksepp,,scraped,2026-07-23T19:10:26.722829,
7f823cfce9ded557,https://ee.linkedin.com/jobs/view/s%C3%B6%C3%B6tja-traktorist-at-eesti-t%C3%B6%C3%B6tukassa-4442092274,Söötja-traktorist,,scraped,2026-07-23T19:10:33.091693,
ba2815edf0edb7e6,https://ee.linkedin.com/jobs/view/kondiiter-at-eesti-t%C3%B6%C3%B6tukassa-4441396668,Kondiiter,,scraped,2026-07-23T19:10:39.631580,
ee8b02fc9302e1e9,https://ee.linkedin.com/jobs/view/katusepaigaldaja-at-eesti-t%C3%B6%C3%B6tukassa-4442652817,Katusepaigaldaja,,scraped,2026-07-23T19:10:48.197340,
5bb3fb2609e7d959,https://ee.linkedin.com/jobs/view/lasteaia%C3%B5petaja-at-eesti-t%C3%B6%C3%B6tukassa-4443492543,Lasteaiaõpetaja,,scraped,2026-07-23T19:10:54.694418,
075afb4d2af05368,https://ee.linkedin.com/jobs/view/veoautojuht-at-eesti-t%C3%B6%C3%B6tukassa-4442985159,Veoautojuht,,scraped,2026-07-23T19:11:01.383326,
af35c4cce38f755a,https://ee.linkedin.com/jobs/view/mass%C3%B6%C3%B6r-at-eesti-t%C3%B6%C3%B6tukassa-4442985322,Massöör,,scraped,2026-07-23T19:11:07.789478,
3ca64e2d6fad0f13,https://ee.linkedin.com/jobs/view/puhastusteenindaja-at-eesti-t%C3%B6%C3%B6tukassa-4442097396,Puhastusteenindaja,,scraped,2026-07-23T19:11:14.372573,
a55d03b45a699b4d,https://ee.linkedin.com/jobs/view/m%C3%BC%C3%BCgispetsialist-at-eesti-t%C3%B6%C3%B6tukassa-4442663218,Müügispetsialist,,scraped,2026-07-23T19:11:21.399618,
ab688c57823e42b8,https://ee.linkedin.com/jobs/view/abikokk-at-eesti-t%C3%B6%C3%B6tukassa-4442663207,Abikokk,,scraped,2026-07-23T19:11:31.749364,
cd15cbb286f4bb66,https://ee.linkedin.com/jobs/view/traktorist-at-eesti-t%C3%B6%C3%B6tukassa-4442992195,Traktorist,,scraped,2026-07-23T19:11:40.310871,
462bb0b86adeb076,https://ee.linkedin.com/jobs/view/tootmistehnoloog-kvaliteedispetsialist-at-eesti-t%C3%B6%C3%B6tukassa-4442081691,Tootmistehnoloog - kvaliteedispetsialist,,scraped,2026-07-23T19:11:51.383514,
5012365ce0d02f28,https://ee.linkedin.com/jobs/view/puhastusteenindaja-at-eesti-t%C3%B6%C3%B6tukassa-4441393626,Puhastusteenindaja,,scraped,2026-07-23T19:11:59.866698,
9e5eb4734aa538af,https://ee.linkedin.com/jobs/view/eripedagoog-at-eesti-t%C3%B6%C3%B6tukassa-4442663196,Eripedagoog,,scraped,2026-07-23T19:12:06.630436,
8471d1f065668f7b,https://ee.linkedin.com/jobs/view/v%C3%B5tmekliendihaldur-at-eesti-t%C3%B6%C3%B6tukassa-4441153349,Võtmekliendihaldur,,scraped,2026-07-23T19:12:13.256803,
99cfd8ae9746f743,https://ee.linkedin.com/jobs/view/mont%C3%B6%C3%B6r-at-eesti-t%C3%B6%C3%B6tukassa-4443802476,Montöör,,scraped,2026-07-23T19:12:19.946329,
68cf4e5d0a94eea8,https://ee.linkedin.com/jobs/view/keevitaja-at-eesti-t%C3%B6%C3%B6tukassa-4443465853,Keevitaja,,scraped,2026-07-23T19:12:28.860562,
7fdcc3512ac60eba,https://ee.linkedin.com/jobs/view/tisler-at-eesti-t%C3%B6%C3%B6tukassa-4442978758,Tisler,,scraped,2026-07-23T19:12:35.385710,
29d2a5dbb5754e23,https://ee.linkedin.com/jobs/view/aparaadimassa%C5%BEi-spetsialist-at-eesti-t%C3%B6%C3%B6tukassa-4441149450,Aparaadimassaži spetsialist,,scraped,2026-07-23T19:12:42.020203,
7c0b1d2efc10e30b,https://ee.linkedin.com/jobs/view/koristaja-at-eesti-t%C3%B6%C3%B6tukassa-4441394759,Koristaja,,scraped,2026-07-23T19:12:48.641249,
bccb5d502849eb95,https://ee.linkedin.com/jobs/view/turvat%C3%B6%C3%B6taja-at-eesti-t%C3%B6%C3%B6tukassa-4441392614,Turvatöötaja,,scraped,2026-07-23T19:12:57.151372,
54761790463b3d09,https://ee.linkedin.com/jobs/view/mehhatroonik-at-eesti-t%C3%B6%C3%B6tukassa-4442982621,Mehhatroonik,,scraped,2026-07-23T19:13:03.669561,
282146ef76534f39,https://ee.linkedin.com/jobs/view/administraator-klienditeenindaja-at-eesti-t%C3%B6%C3%B6tukassa-4442978373,Administraator-klienditeenindaja,,scraped,2026-07-23T19:13:10.291851,
b9f7415fe41b9b7b,https://ee.linkedin.com/jobs/view/keevitaja-at-eesti-t%C3%B6%C3%B6tukassa-4442986363,Keevitaja,,scraped,2026-07-23T19:13:17.130525,
e8745343d9823a39,https://ee.linkedin.com/jobs/view/it-compliance-specialist-at-psi-cro-4443111230,IT Compliance Specialist,,scraped,2026-07-23T19:13:23.998265,
6ae7bd9c709c3b2e,https://ee.linkedin.com/jobs/view/betoneerija-at-eesti-t%C3%B6%C3%B6tukassa-4442975679,Betoneerija,,scraped,2026-07-23T19:13:31.911495,
48db3948b4462548,https://ee.linkedin.com/jobs/view/laohoidja-komplekteerija-at-eesti-t%C3%B6%C3%B6tukassa-4441396678,Laohoidja-komplekteerija,,scraped,2026-07-23T19:13:38.758869,
b0911870e32a9234,https://ee.linkedin.com/jobs/view/bussilammutaja-autolammutaja-at-eesti-t%C3%B6%C3%B6tukassa-4442979707,Bussilammutaja-autolammutaja,,scraped,2026-07-23T19:13:45.425548,
a6e3d2f46c936786,https://ee.linkedin.com/jobs/view/painutuspingi-operaator-at-eesti-t%C3%B6%C3%B6tukassa-4441147585,Painutuspingi operaator,,scraped,2026-07-23T19:13:51.991279,
d4f88df61ff4e4e6,https://ee.linkedin.com/jobs/view/k%C3%A4sit%C3%B6%C3%B6line-at-eesti-t%C3%B6%C3%B6tukassa-4442985064,Käsitööline,,scraped,2026-07-23T19:13:58.524362,
58110372646d2296,https://ee.linkedin.com/jobs/view/keevitaja-koostaja-at-eesti-t%C3%B6%C3%B6tukassa-4443807414,Keevitaja-koostaja,,scraped,2026-07-23T19:14:05.175390,
21a6995297bbbdd5,https://ee.linkedin.com/jobs/view/hankespetsialist-at-eesti-t%C3%B6%C3%B6tukassa-4442653746,Hankespetsialist,,scraped,2026-07-23T19:14:17.808454,
46e817b731f81768,https://ee.linkedin.com/jobs/view/datacenter-it-manager-at-qcs-staffing-4441014063,Datacenter IT Manager,,scraped,2026-07-23T19:14:24.513151,
d901c28b1f946ba1,https://ee.linkedin.com/jobs/view/noorsoot%C3%B6%C3%B6taja-koerus-at-eesti-t%C3%B6%C3%B6tukassa-4443806441,Noorsootöötaja Koerus,,scraped,2026-07-23T19:14:30.975196,
9642f602fa51b40d,https://ee.linkedin.com/jobs/view/ai-operations-coordinator-claude-at-jobgether-4441154926,AI Operations Coordinator (Claude),,scraped,2026-07-23T19:14:37.750878,
1febd17800c7fc32,https://ee.linkedin.com/jobs/view/eripedagoog-at-eesti-t%C3%B6%C3%B6tukassa-4443804464,Eripedagoog,,scraped,2026-07-23T19:14:44.075898,
611fdade1b1b2591,https://ee.linkedin.com/jobs/view/kokk-at-eesti-t%C3%B6%C3%B6tukassa-4442079771,Kokk,,scraped,2026-07-23T19:14:50.623644,
0d1644e1550372fb,https://ee.linkedin.com/jobs/view/komplekteerija-at-eesti-t%C3%B6%C3%B6tukassa-4443482609,Komplekteerija,,scraped,2026-07-23T19:14:57.214433,
1f263ae876db46a6,https://ee.linkedin.com/jobs/view/c-kategooria-autojuht-at-eesti-t%C3%B6%C3%B6tukassa-4442083614,C-kategooria autojuht,,scraped,2026-07-23T19:15:03.771237,
43be9a2b9a4d6b65,https://ee.linkedin.com/jobs/view/puhastusteenindaja-koristaja-at-eesti-t%C3%B6%C3%B6tukassa-4441152178,"Puhastusteenindaja, koristaja",,scraped,2026-07-23T19:15:10.663763,
1917e19c237fb4f4,https://ee.linkedin.com/jobs/view/veoautojuht-at-eesti-t%C3%B6%C3%B6tukassa-4443483603,Veoautojuht,,scraped,2026-07-23T19:15:19.283869,
9c3127d72666f468,https://ee.linkedin.com/jobs/view/juurviljatsehhi-t%C3%B6%C3%B6line-at-eesti-t%C3%B6%C3%B6tukassa-4442095112,Juurviljatsehhi tööline,,scraped,2026-07-23T19:15:25.801131,
39122380e4d074b8,https://ee.linkedin.com/jobs/view/rahvusvahelise-liiniveo-bussijuht-at-eesti-t%C3%B6%C3%B6tukassa-4442087731,Rahvusvahelise liiniveo bussijuht,,scraped,2026-07-23T19:15:32.507689,
3c7adbfe191ae8c2,https://ee.linkedin.com/jobs/view/l%C3%BCkandmastiga-virnastaja-juht-at-eesti-t%C3%B6%C3%B6tukassa-4442093476,Lükandmastiga virnastaja juht,,scraped,2026-07-23T19:15:39.069901,
b08d025835139261,https://ee.linkedin.com/jobs/view/m%C3%BC%C3%BCgiesindaja-at-eesti-t%C3%B6%C3%B6tukassa-4441708020,Müügiesindaja,,scraped,2026-07-23T19:15:45.611794,
58fcc97df214c3be,https://ee.linkedin.com/jobs/view/kaupluse-t%C3%B6%C3%B6taja-at-eesti-t%C3%B6%C3%B6tukassa-4441709002,Kaupluse töötaja,,scraped,2026-07-23T19:15:52.339576,
c055cc01387e85ce,https://ee.linkedin.com/jobs/view/seirespetsialist-at-eesti-t%C3%B6%C3%B6tukassa-4442655567,Seirespetsialist,,scraped,2026-07-23T19:15:59.082878,
43d8bf8ce4933e3d,https://ee.linkedin.com/jobs/view/puhastusteenindaja-koristaja-at-eesti-t%C3%B6%C3%B6tukassa-4441141703,"Puhastusteenindaja, koristaja",,scraped,2026-07-23T19:16:05.676540,
e5cefd91da8e0adc,https://ee.linkedin.com/jobs/view/youtube-integration-at-anyservice-ng-4444338168,Youtube Integration,Anyservice.ng,posted,2026-07-25T18:09:02.542542,621
a1da998bd6094f2b,https://ee.linkedin.com/jobs/view/eelarvestaja-at-k-kate-katused-4441803609,Eelarvestaja,,scraped,2026-07-25T18:09:13.175702,
6e69e39340a48303,https://ee.linkedin.com/jobs/view/teenindusjaama-juataja-circle-k-urge-teenindusjaama-at-circle-k-4444342142,Teenindusjaama juataja Circle K URGE teenindusjaama,,scraped,2026-07-25T18:09:21.860895,
bae7df3930f39b04,https://ee.linkedin.com/jobs/view/warranty-administrator-at-stoneridge-4442577738,Warranty Administrator,Stoneridge,posted,2026-07-25T18:09:36.722738,623
5ef294a7d58841b6,https://ee.linkedin.com/jobs/view/medical-receptionist-administrator-at-macfarlane-physiotherapy-4443911053,Medical Receptionist/Administrator,,scraped,2026-07-25T18:09:39.345206,
d604a1348a3c0f55,https://ee.linkedin.com/jobs/view/client-success-manager-at-bamboo-works-4444455174,Client Success Manager,,scraped,2026-07-25T18:09:46.241822,
c15d21d31dc34c0c,https://ee.linkedin.com/jobs/view/python-developer-at-bonapolia-4443185749,Python Developer,,scraped,2026-07-25T18:09:53.532153,
9892960a02050595,https://ee.linkedin.com/jobs/view/customer-service-specialist-at-orien-trade-group-4441038294,Customer Service Specialist,,scraped,2026-07-25T18:10:01.755006,
e3630be5bc6c8256,https://ee.linkedin.com/jobs/view/growth-marketing-manager-at-venueplace-4440109985,Growth Marketing Manager,,scraped,2026-07-25T18:10:09.270731,
c494dd79898ab589,https://ee.linkedin.com/jobs/view/kyc-tiimijuht-at-lhv-4443358042,KYC-tiimijuht,,scraped,2026-07-25T18:10:15.703708,
0afda872d68f337f,https://ee.linkedin.com/jobs/view/software-engineer-at-qilowatt-4440188143,Software Engineer,,scraped,2026-07-25T18:10:25.559305,
85a3fc17f274a0e8,https://ee.linkedin.com/jobs/view/senior-data-engineer-at-n8n-4442798169,Senior Data Engineer,,scraped,2026-07-25T18:10:33.879065,
e28570412cb0d738,https://ee.linkedin.com/jobs/view/manager-cloud-infrastructure-engineering-at-jobgether-4444340405,"Manager, Cloud Infrastructure Engineering",,scraped,2026-07-25T18:10:40.407464,
81ec6528123c1691,https://ee.linkedin.com/jobs/view/product-analyst-contract-at-malwarebytes-4443535883,Product Analyst (Contract),Malwarebytes,posted,2026-07-25T18:10:56.019584,625
9d9f3008772313cd,https://ee.linkedin.com/jobs/view/senior-frontend-web-application-developer-at-malwarebytes-4444914704,Senior Frontend Web Application Developer,Malwarebytes,posted,2026-07-25T18:11:04.773033,627
6b14a6d357648200,https://ee.linkedin.com/jobs/view/m%C3%BC%C3%BCja-klienditeenindaja-p%C3%A4rnu-jysk-0-5-koormus-at-jysk-baltics-4443357182,"Müüja - klienditeenindaja Pärnu JYSK (0,5 koormus)",JYSK Baltics,posted,2026-07-25T18:11:18.382859,629
82a254d19436f3df,https://ee.linkedin.com/jobs/view/ceo-office-data-ai-lead-at-bolt-4442220765,CEO Office Data & AI Lead,,scraped,2026-07-25T18:11:21.003936,
eac88327afc2029c,https://ee.linkedin.com/jobs/view/technical-specialist-at-paulig-group-4441848485,Technical Specialist,,scraped,2026-07-25T18:11:27.694302,
03eb9b94eeb060ad,https://ee.linkedin.com/jobs/view/field-deployment-engineer-at-marduk-technologies-4440110577,Field Deployment Engineer,,scraped,2026-07-25T18:11:35.024517,
b3f5d75ad88624e1,https://ee.linkedin.com/jobs/view/dell-deployment-consultant-russian-speaker-at-m%C3%BCller-s-solutions-4443743854,Dell Deployment Consultant (Russian Speaker),,scraped,2026-07-25T18:11:42.010912,
7fa6ac3ae8a15ca7,https://ee.linkedin.com/jobs/view/rwe-programmer-at-fortrea-4440416359,RWE Programmer,Fortrea,posted,2026-07-25T18:11:53.823880,631
fe3bb5664982c934,https://ee.linkedin.com/jobs/view/business-owner-in-estonia-i-logistics-e-commerce-at-mail-boxes-etc-worldwide-development-4443920976,Business Owner in Estonia I Logistics & E-commerce,,scraped,2026-07-25T18:11:56.392867,
f908fe73cbd61706,https://ee.linkedin.com/jobs/view/digital-marketing-growth-lead-at-eesti-energia-4441523135,Digital Marketing & Growth Lead,,scraped,2026-07-25T18:12:03.668985,
5cd71a9d4f0009e1,https://ee.linkedin.com/jobs/view/ai-engineers-hiring-guide-for-estonia-at-remote-developers-4442566616,AI Engineers Hiring Guide for Estonia,Remote Developers,posted,2026-07-25T18:12:15.331442,633
ffa33ee02fed7de7,https://ee.linkedin.com/jobs/view/lead-backend-developer-php-laravel-at-offphish-4440492901,Lead Backend Developer (PHP/Laravel),,scraped,2026-07-25T18:12:17.935043,
8915acc31dbb4c98,https://ee.linkedin.com/jobs/view/corporate-sales-manager-at-park-inn-by-radisson-meriton-conference-spa-hotel-tallinn-4441500861,Corporate Sales Manager,Park Inn by Radisson Meriton Conference & Spa Hotel Tallinn,posted,2026-07-25T18:12:29.512513,543
ec5ae15b5c9b3170,https://ee.linkedin.com/jobs/view/senior-legal-counsel-for-our-partner-group-at-fyst-4443395006,Senior Legal Counsel (for our partner group),,scraped,2026-07-25T18:12:32.181106,
238ae01ec50b804f,https://ee.linkedin.com/jobs/view/product-manager-voice-calls-numbering-at-onoff-4424716462,Product Manager Voice Calls & Numbering,,scraped,2026-07-25T18:12:39.272306,
b1806296b8da07fb,https://ee.linkedin.com/jobs/view/accountant-at-postplus-4444279670,Accountant,,scraped,2026-07-25T18:12:46.141151,
8703f32c27df70ad,https://ee.linkedin.com/jobs/view/customer-service-executive-at-regus-4443792986,Customer Service Executive,,scraped,2026-07-25T18:12:54.622767,
39ba8e6f5a534a2b,https://ee.linkedin.com/jobs/view/suurk%C3%B6%C3%B6gi-tiimijuht-at-thumbprint-coaching-inc-4444650235,Suurköögi tiimijuht,"Thumbprint Coaching, Inc.",posted,2026-07-25T18:13:07.594457,635
662e73ea1597b390,https://ee.linkedin.com/jobs/view/infrastructure-engineer-at-qcs-staffing-4440495787,Infrastructure Engineer,,scraped,2026-07-25T18:13:12.251811,
2625581b242d52c1,https://ee.linkedin.com/jobs/view/transformation-manager-at-genius-sports-4443893487,Transformation Manager,,scraped,2026-07-25T18:13:18.621084,
e3a4ae0da8d2b8a0,https://ee.linkedin.com/jobs/view/core-ledger-specialist-at-avarda-uk-4441089295,Core Ledger Specialist,Avarda UK,posted,2026-07-25T18:13:30.626500,637
5f00a027807ab54e,https://ee.linkedin.com/jobs/view/t%C3%B5lkija-at-funk-pihel-4443787369,Tõlkija,,scraped,2026-07-25T18:13:33.160486,
90c7b1c1c3b701f6,https://ee.linkedin.com/jobs/view/ios-engineer-at-bonapolia-4444236922,iOS Engineer,,scraped,2026-07-25T18:13:39.901981,
611b245a2732b9cf,https://ee.linkedin.com/jobs/view/software-engineer-at-glia-4421975180,Software Engineer,Glia,posted,2026-07-25T18:13:48.254860,310
b8d9606b4bbdc065,https://ee.linkedin.com/jobs/view/assistant-property-manager-affordable-at-evergreen-real-estate-group-4443974735,Assistant Property Manager - Affordable,Evergreen Real Estate Group,posted,2026-07-25T18:13:57.999379,639
e3e0191436b3feb5,https://ee.linkedin.com/jobs/view/senior-people-experience-culture-partner-at-tabby-%D8%AA%D8%A7%D8%A8%D9%8A-4443107820,Senior People Experience & Culture Partner,,scraped,2026-07-25T18:14:00.631194,
ed9b36569d2accf7,https://ee.linkedin.com/jobs/view/it-teenuste-juht-at-telia-4442595139,IT teenuste juht,,scraped,2026-07-25T18:14:07.424625,
16603dfb58870b8a,https://ee.linkedin.com/jobs/view/senior-backend-engineer-product-remote-at-finom-4444991462,Senior Backend Engineer - Product (Remote),,scraped,2026-07-25T18:14:14.602936,
893c9f44557852a9,https://ee.linkedin.com/jobs/view/head-of-kyc-outsourcing-vendor-management-at-wise-4407026188,Head of KYC Outsourcing Vendor Management,,scraped,2026-07-25T18:14:21.403800,
e32f97185df562ce,https://ee.linkedin.com/jobs/view/data-privacy-officer-at-pipedrive-4443934986,Data Privacy Officer,Pipedrive,posted,2026-07-25T18:14:35.358583,641
37c66dc09f1775d9,https://ee.linkedin.com/jobs/view/product-owner-at-olybet-group-4443158479,Product Owner,OlyBet Group,posted,2026-07-25T18:14:42.904903,36
a7691c842e1b2449,https://ee.linkedin.com/jobs/view/language-instructor-ai-trainer-at-dataannotation-4406697205,Language Instructor - AI Trainer,DataAnnotation,posted,2026-07-25T18:14:50.445542,643
ca1d500c3b1413fb,https://ee.linkedin.com/jobs/view/data-analyst-on-site-in-dubai-at-puffy-4443472635,Data Analyst (On-site in Dubai),Puffy,posted,2026-07-25T18:14:59.943446,645
06593e0689c55ccf,https://ee.linkedin.com/jobs/view/mystery-shopper-at-helion-market-research-4443120084,Mystery Shopper,,scraped,2026-07-25T18:15:02.544849,
08ce6ebe6419258b,https://ee.linkedin.com/jobs/view/senior-ai-engineer-at-ruby-labs-4442545554,Senior AI Engineer,Ruby Labs,posted,2026-07-25T18:15:14.279897,647
909f981bd4beef91,https://ee.linkedin.com/jobs/view/mobile-engineer-senior-lead-react-native-at-huspy-4443146841,Mobile Engineer - Senior/Lead (React Native),,scraped,2026-07-25T18:15:16.939062,
6519263d2829b444,https://ee.linkedin.com/jobs/view/finance-controls-manager-at-bolt-4434330069,Finance Controls Manager,,scraped,2026-07-25T18:15:24.119612,
afd901502af6e457,https://ee.linkedin.com/jobs/view/staff-lead-python-engineer-fastapi-orchestration-at-mimica-4445280475,"Staff/Lead Python Engineer (FastAPI, Orchestration)",,scraped,2026-07-25T18:15:30.431746,
8ba0142eea650ef5,https://ee.linkedin.com/jobs/view/core-ledger-specialist-at-tf-bank-ab-publ-4444244615,Core Ledger Specialist,,scraped,2026-07-25T18:15:36.779557,
453bd8e78414497f,https://ee.linkedin.com/jobs/view/electronics-design-engineer-at-stoneridge-4434785014,Electronics Design Engineer,Stoneridge,posted,2026-07-25T18:15:51.504197,649
80e791f1a03cd0f3,https://ee.linkedin.com/jobs/view/strategic-project-manager-pmo-electrophysiology-cee-at-johnson-johnson-medtech-4444472266,"Strategic Project Manager (PMO), Electrophysiology CEE",Johnson &amp; Johnson MedTech,posted,2026-07-25T18:16:00.127044,651
d162ca68807cf045,https://ee.linkedin.com/jobs/view/language-specialist-ai-trainer-at-dataannotation-4406801121,Language Specialist - AI Trainer,DataAnnotation,posted,2026-07-25T18:16:08.069931,653
5cecf3dfe8699085,https://ee.linkedin.com/jobs/view/senior-marketing-bi-analyst-at-olybet-group-4443164077,Senior Marketing & BI Analyst,OlyBet Group,posted,2026-07-25T18:16:23.402198,655
c51f32678196614d,https://ee.linkedin.com/jobs/view/senior-android-developer-remote-at-finom-4444997235,Senior Android Developer (Remote),,scraped,2026-07-25T18:16:26.045552,
9174a59d37c871be,https://ee.linkedin.com/jobs/view/security-customer-success-engineer-scse-at-wrike-4426310229,Security Customer Success Engineer (SCSE),Wrike,posted,2026-07-25T18:16:39.216363,657
4905483ffc7d71c1,https://ee.linkedin.com/jobs/view/software-development-engineer-at-stoneridge-4434497141,Software Development Engineer,Stoneridge,posted,2026-07-25T18:16:44.147206,384
2b11488cc0f7c3ab,https://ee.linkedin.com/jobs/view/lifecycle-marketing-specialist-riders-at-bolt-4443885398,"Lifecycle Marketing Specialist, Riders",,scraped,2026-07-25T18:16:52.804125,
ab51d67fd99c7403,https://ee.linkedin.com/jobs/view/m%C3%BC%C3%BCgikonsultant-at-telia-4443121041,Müügikonsultant,,scraped,2026-07-25T18:16:59.417533,
44160dae12005060,https://ee.linkedin.com/jobs/view/cloud-engineer-at-haystack-4444673514,Cloud Engineer,,scraped,2026-07-25T18:17:06.382690,
dd511c24c4f57952,https://ee.linkedin.com/jobs/view/operations-engineer-incident-manager-at-olybet-group-4443147800,Operations Engineer (Incident Manager),OlyBet Group,posted,2026-07-25T18:17:24.083090,659
59d8738f272a2f02,https://ee.linkedin.com/jobs/view/kyc-operations-senior-analyst-sma-at-wise-4442096058,KYC Operations Senior Analyst - SMA,,scraped,2026-07-25T18:17:28.632487,
d3c813608db76773,https://ee.linkedin.com/jobs/view/cybersecurity-co-founder-cfo-100-%25-remote-m-f-d-at-ewor-4444607059,Cybersecurity Co-Founder / CFO (100 % remote) (m/f/d),,scraped,2026-07-25T18:17:36.355619,
837edc616df530c9,https://ee.linkedin.com/jobs/view/wfm-senior-lead-at-wise-4444377019,WFM Senior Lead,,scraped,2026-07-25T18:17:42.947840,
01e5db6caa065709,https://ee.linkedin.com/jobs/view/senior-product-designer-incentives-merchants-ads-at-bolt-4434157731,"Senior Product Designer, Incentives, Merchants Ads",,scraped,2026-07-25T18:17:50.734077,
3cc87c1546ede028,https://ee.linkedin.com/jobs/view/road-logistics-dispatching-groupage-expert-at-kuehne%2Bnagel-4435173261,Road Logistics Dispatching & Groupage Expert,,scraped,2026-07-25T18:17:56.925682,
364017eb4c355df2,https://ee.linkedin.com/jobs/view/senior-manager-presales-emea-south-at-camunda-4442622256,"Senior Manager, Presales - EMEA South",,scraped,2026-07-25T18:18:03.808448,
5fca3b7a7508a27e,https://ee.linkedin.com/jobs/view/turundusjuht-kes-teab-mis-noori-p%C3%A4riselt-k%C3%B5netab-seb-tallinn-at-seb-eesti-4443785769,"Turundusjuht, kes teab, mis noori päriselt kõnetab | SEB, Tallinn",,scraped,2026-07-25T18:18:12.549665,
6d0223252c67a567,https://ee.linkedin.com/jobs/view/m%C3%BC%C3%BCgiesindaja-at-venueplace-4441508193,Müügiesindaja,,scraped,2026-07-25T18:18:21.401935,
a09c6a3d26a0fca4,https://ee.linkedin.com/jobs/view/teenindusjaama-juhataja-circle-k-risti-teenindusjaama-at-circle-k-4444338814,Teenindusjaama juhataja Circle K RISTI teenindusjaama,,scraped,2026-07-25T18:18:27.387585,
c0ab1e44c0f1bb49,https://ee.linkedin.com/jobs/view/tooteportfelli-spetsialist-at-ruukki-4444316544,Tooteportfelli spetsialist,Ruukki,posted,2026-07-25T18:18:53.664762,661
2e277f9a7923393b,https://ee.linkedin.com/jobs/view/kyc-operations-senior-analyst-sma-night-shifts-at-wise-4442086428,KYC Operations Senior Analyst - SMA (Night shifts),,scraped,2026-07-25T18:18:56.327449,
aaf7482e4d7a5339,https://ee.linkedin.com/jobs/view/senior-full-stack-developer-at-deccan-ai-experts-4443783837,Senior Full-Stack Developer,Deccan AI Experts,posted,2026-07-25T18:19:09.071895,663
620f198a2cc7729a,https://ee.linkedin.com/jobs/view/ai-tutor-russian-english-ai-trainer-at-dataannotation-4406807093,AI Tutor (Russian/English) - AI Trainer,DataAnnotation,posted,2026-07-25T18:19:16.499041,665
02c8fc7e5d38c793,https://ee.linkedin.com/jobs/view/engineering-lead-transaction-processing-at-wise-4442087388,Engineering Lead - Transaction Processing,,scraped,2026-07-25T18:19:19.109698,
688b0146d3d0c2a3,https://ee.linkedin.com/jobs/view/senior-client-c%2B%2B-developer-relocation-to-cyprus-at-scorewarrior-4418914435,Senior Client C++ Developer (Relocation to Cyprus),,scraped,2026-07-25T18:19:26.615200,
396b6056df954cfe,https://ee.linkedin.com/jobs/view/infrastructure-regulations-support-project-manager-at-playtech-4441801511,Infrastructure Regulations Support Project Manager,,scraped,2026-07-25T18:19:32.841730,
7012a1deb6b598be,https://ee.linkedin.com/jobs/view/senior-quantitative-researcher-qis-at-ravenpack-4441511060,Senior Quantitative Researcher - QIS,,scraped,2026-07-25T18:19:39.233114,
ca1e207d38f2e142,https://ee.linkedin.com/jobs/view/tooteportfelli-spetsialist-at-ruukki-4444329193,Tooteportfelli spetsialist,Ruukki,posted,2026-07-25T18:19:53.937906,661
69512ed3cf5ef418,https://ee.linkedin.com/jobs/view/cards-billing-and-settlement-operations-technical-lead-at-wise-4444323379,Cards Billing and Settlement Operations Technical Lead,,scraped,2026-07-25T18:19:56.563993,
e0582e1b09e4ca47,https://ee.linkedin.com/jobs/view/technical-quotation-engineer-dutch-speaking-at-eaton-4356470420,Technical Quotation Engineer - Dutch Speaking,Eaton,posted,2026-07-25T18:20:48.277730,667
a0923e2e55aa83a4,https://ee.linkedin.com/jobs/view/senior-engineering-manager-frontend-pro-at-kraken-4418803627,Senior Engineering Manager - Frontend - Pro,Kraken,posted,2026-07-25T18:20:55.917804,669
604d6bf8f910a8cf,https://ee.linkedin.com/jobs/view/m%C3%BC%C3%BCja-klienditeenindaja-circle-k-linnahalli-teenindusjaama-at-circle-k-4442066472,Müüja-klienditeenindaja Circle K LINNAHALLI teenindusjaama,,scraped,2026-07-25T18:20:58.473085,
0522df11e63af863,https://ee.linkedin.com/jobs/view/kogenud-tehingute-n%C3%B5ustamise-konsultant-at-pwc-estonia-4442223255,Kogenud tehingute nõustamise konsultant,PwC Estonia,posted,2026-07-25T18:21:14.202605,671
471e1c22fec35435,https://ee.linkedin.com/jobs/view/solutions-consultant-with-estonian-and-english-at-telus-digital-4443388052,Solutions Consultant with Estonian and English,,scraped,2026-07-25T18:21:16.886935,
6f07f910ef96d465,https://ee.linkedin.com/jobs/view/clinical-fsp-director-quality-client-dedicated-regional-clinical-compliance-inspection-lead-at-iqvia-4442090734,Clinical FSP Director Quality - Client Dedicated- Regional Clinical Compliance Inspection Lead,IQVIA,posted,2026-07-25T18:21:31.718258,673
374ffdbbb0f40d77,https://ee.linkedin.com/jobs/view/customer-operations-specialist-estonian-speaker-at-multitude-4442617473,CUSTOMER OPERATIONS SPECIALIST - ESTONIAN SPEAKER,,scraped,2026-07-25T18:21:34.376638,
27bef93560d36a36,https://ee.linkedin.com/jobs/view/general-manager-of-swiss%C3%B4tel-tallinn-at-accor-4444099989,General Manager of Swissôtel Tallinn,Accor,posted,2026-07-27T20:10:52.943638,675
486d4154c284115a,https://ee.linkedin.com/jobs/view/junior-product-analyst-product-owner-at-freedom24-4445907601,Junior Product Analyst / Product Owner,,scraped,2026-07-27T20:10:57.563618,
331d9bae17a7389b,https://ee.linkedin.com/jobs/view/head-of-accounting-at-bondora-4442796422,Head of Accounting,,scraped,2026-07-27T20:11:04.373623,
9cfa1a3e51a05d9d,https://ee.linkedin.com/jobs/view/production-ai-innovation-lead-contract-remote-at-infuse-4445210874,"Production AI Innovation Lead (Contract, Remote)",INFUSE,posted,2026-07-27T20:11:17.345529,677
abf3a1652615558d,https://ee.linkedin.com/jobs/view/senior-data-analyst-at-creative-fabrica-4443334492,Senior Data Analyst,Creative Fabrica,posted,2026-07-27T20:11:29.235860,679
6d05b81418ef68f6,https://ee.linkedin.com/jobs/view/finance-assistant-at-pawatech-4443911606,Finance Assistant,,scraped,2026-07-27T20:11:31.923038,
3828b8dcb176236b,https://ee.linkedin.com/jobs/view/data-entry-specialist-logistics-at-orien-trade-group-4442867217,Data Entry Specialist - Logistics,,scraped,2026-07-27T20:11:38.076666,
e9c50cedce04e6f7,https://ee.linkedin.com/jobs/view/senior-recruiter-at-bamboo-works-4444451299,Senior Recruiter,,scraped,2026-07-27T20:11:45.494437,
e299743f3407f5e9,https://ee.linkedin.com/jobs/view/t%C3%A9-ice-tea-light-manzana-hindu-at-todor%C3%A1pidas-4445159928,Té Ice Tea Light Manzana Hindu,Todorápidas,posted,2026-07-27T20:12:11.359084,681
b0c6848612d9ad38,https://ee.linkedin.com/jobs/view/teenindusjaama-juhataja-circle-k-urge-teenindusjaama-at-circle-k-4445142320,Teenindusjaama juhataja Circle K URGE teenindusjaama,,scraped,2026-07-27T20:12:13.970032,
844ba98cd8a284a7,https://ee.linkedin.com/jobs/view/location-at-fairview-heights-church-christ-4444862709,Location,Fairview Heights Church Christ,posted,2026-07-27T20:12:27.104250,683
f2e08a9c76e92780,https://ee.linkedin.com/jobs/view/analytics-engineer-at-ingamejob-com-4444843154,Analytics Engineer,,scraped,2026-07-27T20:12:31.721365,
89a75aaf5d99c3c6,https://ee.linkedin.com/jobs/view/engineering-manager-remote-europe-at-n8n-4446101937,Engineering Manager | Remote | Europe,,scraped,2026-07-27T20:12:39.100814,
02f03a3332299c6a,https://ee.linkedin.com/jobs/view/data-analyst-at-tickmill-4442840749,Data Analyst,,scraped,2026-07-27T20:12:45.401342,
62bb9acf24f2eafb,https://ee.linkedin.com/jobs/view/datacenter-it-support-manager-at-qcs-staffing-4440424866,Datacenter IT Support Manager,,scraped,2026-07-27T20:12:52.825933,
5345cb92529e80e9,https://ee.linkedin.com/jobs/view/technology-manager-at-tech-jobs-for-good-4444484865,Technology Manager,Tech Jobs for Good,posted,2026-07-27T20:13:04.607707,685
59d6d965ed3bcd4c,https://ee.linkedin.com/jobs/view/hr-business-partner-at-askend-4444297449,HR Business Partner,,scraped,2026-07-27T20:13:07.189534,
09e04d47387499c2,https://ee.linkedin.com/jobs/view/head-of-engineering-options-at-keyrock-4445124826,Head of Engineering - Options,Keyrock,posted,2026-07-27T20:13:23.025847,687
becc01936c96edf4,https://ee.linkedin.com/jobs/view/data-analyst-expert-at-shodeshpolli-4445960852,Data Analyst Expert,,scraped,2026-07-27T20:13:25.333186,
e8d0da7e9d8d0994,https://ee.linkedin.com/jobs/view/senior-sales-manager-%E2%80%94-marine-services-spare-parts-at-breezemarine-group-4442848613,Senior Sales Manager — Marine Services & Spare Parts,,scraped,2026-07-27T20:13:37.149560,
2eabf0d421b58f5c,https://ee.linkedin.com/jobs/view/ai-accounting-operations-sr-manager-at-jobgether-4444278535,AI Accounting Operations Sr. Manager,,scraped,2026-07-27T20:13:47.198857,
0b9468171d582c61,https://ee.linkedin.com/jobs/view/mid-senior-java-developer-at-bonapolia-4444387936,Mid/Senior Java Developer,,scraped,2026-07-27T20:13:53.400689,
5cadb7e8b5a21db2,https://ee.linkedin.com/jobs/view/senior-security-engineer-at-bonapolia-4442681552,Senior Security Engineer,,scraped,2026-07-27T20:13:59.524852,
3de7b278a32d3e3a,https://ee.linkedin.com/jobs/view/couvreur-etancheur-h-f-at-attila-nancy-sud-4443723983,Couvreur / Etancheur  H/F,ATTILA Nancy sud,posted,2026-07-27T20:14:14.764814,689
aba6623e41612904,https://ee.linkedin.com/jobs/view/embryologist-maternity-cover-1-5-years-at-the-ivf-guide-4444654335,Embryologist Maternity Cover (1.5 Years),,scraped,2026-07-27T20:14:17.392320,
013c044dc46281e5,https://ee.linkedin.com/jobs/view/devops-engineer-at-jobsinsas-com-4443431234,DevOps Engineer,JobsInSAS.com,posted,2026-07-27T20:14:29.209547,156
9b06c24525984a3e,https://ee.linkedin.com/jobs/view/technical-ai-engagement-lead-at-neurons-lab-4444455287,Technical AI Engagement Lead,,scraped,2026-07-27T20:14:39.856865,
f44c050762d3e395,https://ee.linkedin.com/jobs/view/python-coding-specialist-freelance-ai-trainer-project-at-jobscroller-4444638320,Python Coding Specialist - Freelance AI Trainer Project,JobScroller,posted,2026-07-27T20:14:52.064895,691
56f9f36a2559870a,https://ee.linkedin.com/jobs/view/m%C3%BC%C3%BCja-klienditeenindaja-%C3%BClemiste-jysk-at-jysk-baltics-4443355235,Müüja - klienditeenindaja Ülemiste JYSK,JYSK Baltics,posted,2026-07-27T20:15:04.792777,693
c57e0ce1f4060fbf,https://ee.linkedin.com/jobs/view/finantsturgude-riskin%C3%B5ustaja-seb-marketsi-osakonda-seb-tallinn-at-seb-eesti-4444938321,"Finantsturgude riskinõustaja SEB Marketsi osakonda | SEB, Tallinn",,scraped,2026-07-27T20:15:07.477146,
f5238396ecf20b63,https://ee.linkedin.com/jobs/view/technical-team-lead-at-longo-group-4441591631,Technical Team Lead,,scraped,2026-07-27T20:15:14.428435,
51694054fba4592d,https://ee.linkedin.com/jobs/view/consulting-practice-manager-advisory-services-at-jobscroller-4442620811,Consulting Practice Manager - Advisory Services,JobScroller,posted,2026-07-27T20:15:27.887742,695
51a5306c137076d0,https://ee.linkedin.com/jobs/view/logistik-at-cvkeskus-ee-4441518200,LOGISTIK,,scraped,2026-07-27T20:15:32.241852,
979e9ddcc3ded3c1,https://ee.linkedin.com/jobs/view/senior-product-manager-reporting-insights-at-remote-4444480692,"Senior Product Manager, Reporting & Insights",Remote,posted,2026-07-27T20:15:45.424860,697
6c5634c96e2512c1,https://ee.linkedin.com/jobs/view/consultant-eu-public-advisory-at-civitta-4442993442,Consultant | EU Public Advisory,,scraped,2026-07-27T20:15:47.998365,
81c1394f9563a764,https://ee.linkedin.com/jobs/view/ai-infrastructure-co-founder-head-of-sales-100-%25-remote-m-f-d-at-ewor-4444601094,AI Infrastructure Co-Founder / Head of Sales (100 % remote) (m/f/d),,scraped,2026-07-27T20:15:56.707145,
eb88c99c07569833,https://ee.linkedin.com/jobs/view/technical-support-associate-at-interactive-brokers-4441962092,Technical Support Associate,Interactive Brokers,posted,2026-07-27T20:16:13.420407,699
f0764988472f84c8,https://ee.linkedin.com/jobs/view/brand-partnerships-specialist-at-adcash-4441517855,Brand Partnerships Specialist,,scraped,2026-07-27T20:16:16.102832,
f72b2c72a23e8bd5,https://ee.linkedin.com/jobs/view/electrical-engineer-at-defsecintel-solutions-4415628053,Electrical Engineer,,scraped,2026-07-27T20:16:22.390908,
c61928c6b9b05f39,https://ee.linkedin.com/jobs/view/mootorikahjude-tiimijuht-at-bta-kindlustus-4442613911,Mootorikahjude tiimijuht,,scraped,2026-07-27T20:16:29.017906,
b1e22e49b8f73227,https://ee.linkedin.com/jobs/view/credit-risk-modeller-data-scientist-at-luminor-group-4443781864,Credit Risk Modeller (Data Scientist),Luminor Group,posted,2026-07-27T20:16:48.160325,701
8c442518e89a037a,https://ee.linkedin.com/jobs/view/sports-data-collector-football-tartu-estonia-at-genius-sports-4431099471,"Sports Data Collector (Football) - Tartu, Estonia",,scraped,2026-07-27T20:16:50.604764,
fb7651c571f1768f,https://ee.linkedin.com/jobs/view/senior-data-engineer-paid-relocation-to-barcelona-at-preply-4443507369,Senior Data Engineer (Paid relocation to Barcelona),Preply,posted,2026-07-27T20:17:12.044839,703
10d7d945f0229f68,https://ee.linkedin.com/jobs/view/data-analyst-on-site-in-dubai-at-puffy-4443478613,Data Analyst (On-site in Dubai),Puffy,posted,2026-07-27T20:17:16.906148,645
0c27d9c0a0b02c3e,https://ee.linkedin.com/jobs/view/software-engineer-at-nortal-4311940568,Software Engineer,,scraped,2026-07-27T20:17:21.481830,
0b7f70aebc959f38,https://ee.linkedin.com/jobs/view/estonian-solutions-consultant-and-customer-support-specialist-at-the-lemon-consulting-4444651338,Estonian Solutions Consultant and Customer Support Specialist,The Lemon Consulting,posted,2026-07-27T20:17:38.619606,705
ba4d2fce98922362,https://ee.linkedin.com/jobs/view/python-coding-specialist-freelance-ai-trainer-project-at-jobgether-4444920136,Python Coding Specialist - Freelance AI Trainer Project,,scraped,2026-07-27T20:17:41.213574,
279128492a27cc43,https://ee.linkedin.com/jobs/view/ai-infrastructure-co-founder-head-of-engineering-100-%25-remote-m-f-d-at-ewor-4444393247,AI Infrastructure Co-Founder / Head of Engineering (100 % remote) (m/f/d),,scraped,2026-07-27T20:17:47.537292,
23d609f4ce5afdbb,https://ee.linkedin.com/jobs/view/senior-data-engineer-at-keyrock-4445124825,Senior Data Engineer,Keyrock,posted,2026-07-27T20:18:01.228066,72
e2c4c0e696902c7c,https://ee.linkedin.com/jobs/view/b2b-m%C3%BC%C3%BCgiarendaja-at-pindi-kinnisvara-o%C3%BC-4444927032,B2B müügiarendaja,,scraped,2026-07-27T20:18:07.856402,
704533209de35534,https://ee.linkedin.com/jobs/view/quality-assurance-senior-team-lead-aml-at-wise-4434324636,Quality Assurance Senior Team Lead - AML,,scraped,2026-07-27T20:18:18.080046,
4d440f410c6e416a,https://ee.linkedin.com/jobs/view/t%C3%A9-ice-tea-light-frutos-rojos-hindu-at-todor%C3%A1pidas-4445175017,Té Ice Tea Light Frutos Rojos Hindu,Todorápidas,posted,2026-07-27T20:18:35.827407,707
c7173b9873900957,https://ee.linkedin.com/jobs/view/freelance-lithuanian-translator-legal-medical-domains-at-caucasus-translations-caulingo-4444336530,Freelance Lithuanian Translator (Legal & Medical Domains),,scraped,2026-07-27T20:18:42.596849,
06bed662f5d2b832,https://ee.linkedin.com/jobs/view/senior-aml-data-analyst-at-luminor-group-4445905904,Senior AML Data Analyst,Luminor Group,posted,2026-07-27T20:19:02.821902,709
b0b5a68b096bbcbd,https://ee.linkedin.com/jobs/view/payroll-professional-hr-finance-accounting-at-prolific-4444895836,Payroll Professional (HR / Finance / Accounting),,scraped,2026-07-27T20:19:07.460578,
f9f1c9c731b27cec,https://ee.linkedin.com/jobs/view/business-screening-team-lead-at-toptal-4445325188,Business Screening Team Lead,Toptal,posted,2026-07-27T20:19:19.186441,711
482c84abfd081dda,https://ee.linkedin.com/jobs/view/uulu-tiltsp%C4%93rnavas-apri%C5%86%C4%B7%C4%AB-at-sia-ok-b%C5%ABvmateri%C4%81li-4444874226,Uulu tiltsPērnavas apriņķī,,scraped,2026-07-27T20:19:21.692725,
758af5e7e6437d84,https://ee.linkedin.com/jobs/view/payroll-professional-hr-finance-accounting-at-prolific-4444886900,Payroll Professional (HR / Finance / Accounting),,scraped,2026-07-27T20:19:28.738100,
e6f25e327cba7ebc,https://ee.linkedin.com/jobs/view/ai-security-engineer-at-playtech-4445938605,AI Security Engineer,,scraped,2026-07-27T20:19:35.152830,
dff23051515d9b07,https://ee.linkedin.com/jobs/view/inside-sales-representative-at-avnet-4445230507,Inside Sales Representative,Avnet,posted,2026-07-27T20:19:49.193820,713
a28ec51bad468134,https://ee.linkedin.com/jobs/view/senior-qa-engineer-at-bolt-4434321401,Senior QA Engineer,,scraped,2026-07-27T20:19:51.842870,
b274ef26335dcd4f,https://ee.linkedin.com/jobs/view/osakonna-vastutav-kuressaare-jysk-at-jysk-baltics-4445973592,Osakonna vastutav - Kuressaare JYSK,JYSK Baltics,posted,2026-07-27T20:20:12.353861,715
3acabd44329d9575,https://ee.linkedin.com/jobs/view/lead-analyst-supply-analytics-bangkok-based-relocation-provided-at-agoda-4372110375,"Lead Analyst (Supply Analytics, Bangkok-based, Relocation provided)",Agoda,posted,2026-07-27T20:20:27.143525,717
cf6c0f99c1184e86,https://ee.linkedin.com/jobs/view/gsd-people-technology-manager-workday-implementation-team-bangkok-based-relocation-provided-at-agoda-4427034267,"[GSD] People Technology Manager - Workday Implementation Team (Bangkok based, relocation provided )",Agoda,posted,2026-07-27T20:20:39.386367,719
0acf74abcf88fa7f,https://ee.linkedin.com/jobs/view/tooteportfelli-spetsialist-at-ssab-4444417074,Tooteportfelli spetsialist,,scraped,2026-07-27T20:20:41.878784,
ad15204f59604e57,https://ee.linkedin.com/jobs/view/m%C3%BC%C3%BCja-klienditeenindaja-circle-k-keila-teenindusjaama-at-circle-k-4445123629,Müüja-klienditeenindaja Circle K KEILA teenindusjaama,,scraped,2026-07-27T20:20:50.564740,
4aa15da44be3dfb4,https://ee.linkedin.com/jobs/view/tooteportfelli-spetsialist-at-ssab-4444400522,Tooteportfelli spetsialist,,scraped,2026-07-27T20:21:01.048940,
af673ae992fb4376,https://ee.linkedin.com/jobs/view/senior-game-designer-mob-control-at-voodoo-4446115496,Senior Game Designer - Mob Control,,scraped,2026-07-27T20:21:07.637246,
903098a53eab5cb6,https://ee.linkedin.com/jobs/view/private-banker-seb-tallinn-at-seb-eesti-4445942197,"Private Banker | SEB, Tallinn",,scraped,2026-07-29T18:17:24.684377,
2fe191687b6621e2,https://ee.linkedin.com/jobs/view/senior-digital-content-creator-video-photography-at-bristol-city-council-4444233144,Senior Digital Content Creator (Video & Photography),,scraped,2026-07-29T18:17:34.146328,
4f2717e3340cb532,https://ee.linkedin.com/jobs/view/crew-control-officer-at-qatar-executive-4446065575,Crew Control Officer,,scraped,2026-07-29T18:17:41.266625,
37737fbf1602c35c,https://ee.linkedin.com/jobs/view/auditor-at-bristol-city-council-4446151448,Auditor,,scraped,2026-07-29T18:18:07.335901,
cbe97def37be863c,https://ee.linkedin.com/jobs/view/%C3%A4rikliendi-m%C3%BC%C3%BCgispetsialist-at-%C3%A4rip%C3%A4ev-4446328317,ärikliendi müügispetsialist,,scraped,2026-07-29T18:18:16.625361,
35fc1c23e4a6d6bf,https://ee.linkedin.com/jobs/view/trzeci-nab%C3%B3r-projekt%C3%B3w-interreg-europa-w-toku-%E2%80%93-poznaj-szans%C4%99-na-wsp%C3%B3%C5%82prac%C4%99%21-at-wojew%C3%B3dztwo-kujawsko-pomorskie-4445907015,Trzeci nabór projektów Interreg Europa w toku – Poznaj Szansę na Współpracę!,,scraped,2026-07-29T18:18:23.435051,
c8aec40e3a62702c,https://ee.linkedin.com/jobs/view/system-administrator-in-data-enablers-team-seb-tallinn-at-seb-eesti-4446551669,"System Administrator in Data Enablers team | SEB, Tallinn",,scraped,2026-07-29T18:18:31.740215,
a8626f9fc69def8b,https://ee.linkedin.com/jobs/view/paralegal-with-a-talent-for-customer-service-legaltech-at-jobgether-4444106892,Paralegal with a talent for customer service (LegalTech),,scraped,2026-07-29T18:18:42.754226,
b0639b76edc6d6e4,https://ee.linkedin.com/jobs/view/referral-manager-fintech-at-bepi-british-electronic-payments-institution-4443282043,Referral Manager (Fintech),,scraped,2026-07-29T18:18:48.992349,
f5559328dbff2ff7,https://ee.linkedin.com/jobs/view/co-founder-head-of-growth-go-to-market-equity-based-at-prepeur-4444126191,"Co-Founder & Head of Growth (Go-to-Market), Equity Based",,scraped,2026-07-29T18:18:57.524651,
8ace51c42c74b2e5,https://ee.linkedin.com/jobs/view/back-end-developer-intern-at-elladium-holding-4446061312,Back-End Developer Intern,Elladium Holding,posted,2026-07-29T18:19:08.503797,404
99c61cf10cf7475c,https://ee.linkedin.com/jobs/view/we-are-calling-for-founding-engineer-ai-systems-builder-at-gritnord-4441508562,We are calling for: Founding Engineer / AI Systems Builder,,scraped,2026-07-29T18:19:13.125112,
1eaba845d7c0345a,https://ee.linkedin.com/jobs/view/product-lead-at-jobgether-4443256384,Product Lead,,scraped,2026-07-29T18:19:20.021678,
c30d6fb6fa1fdbac,https://ee.linkedin.com/jobs/view/personal-assistant-at-puffy-4443689172,Personal Assistant,Puffy,posted,2026-07-29T18:19:33.002950,721
9bf56e3fbd30453e,https://ee.linkedin.com/jobs/view/rendi-projektijuht-at-storent-europe-4444408870,Rendi projektijuht,,scraped,2026-07-29T18:19:35.661537,
e7833bf9e85c0297,https://ee.linkedin.com/jobs/view/product-manager-billing-platform-at-remote-4444228168,"Product Manager, Billing Platform",Remote,posted,2026-07-29T18:19:47.821007,723
2e6946a11e5c431f,https://ee.linkedin.com/jobs/view/sales-manager-chinese-speaker-at-scrambly-4445701668,Sales Manager (Chinese speaker),,scraped,2026-07-29T18:19:50.426477,
235a02a40edfee4f,https://ee.linkedin.com/jobs/view/senior-implementation-analyst-remote-in-europe-at-intellect-4445649262,Senior Implementation Analyst (Remote in Europe),Intellect,posted,2026-07-29T18:20:03.149770,725
78c16c29fe63139e,https://ee.linkedin.com/jobs/view/senior-mobile-app-engineer-android-at-freedom24-4446548856,Senior Mobile App Engineer (Android),,scraped,2026-07-29T18:20:05.886674,
efc5c61474c8086a,https://ee.linkedin.com/jobs/view/customer-care-specialist-at-neste-4444103514,Customer Care Specialist,,scraped,2026-07-29T18:20:12.529657,
d7422b06594ef5ab,https://ee.linkedin.com/jobs/view/cro-growth-manager-at-ruby-labs-4444715694,CRO & Growth Manager,Ruby Labs,posted,2026-07-29T18:20:24.263452,727
953420fb05002b35,https://ee.linkedin.com/jobs/view/social-media-manager-instagram-%E2%80%94-part-time-100%25-remote-at-mici-4446325877,"Social Media Manager (Instagram) — Part-Time, 100% Remote",,scraped,2026-07-31T19:01:14.173221,
5fb12c5fb372e05b,https://ee.linkedin.com/jobs/view/junior-ui-ux-designer-at-marmend-4446746565,Junior UI/UX Designer,,scraped,2026-07-31T19:01:20.976051,
c3d0abcbf5e3bc6a,https://ee.linkedin.com/jobs/view/client-success-representative-remote-contract-at-infuse-4447580102,"Client Success Representative (Remote, Contract)",INFUSE,posted,2026-07-31T19:01:37.437554,729
b028db5d0b95c2fa,https://ee.linkedin.com/jobs/view/senior-project-manager-remote-contract-at-infuse-4446865181,"Senior Project Manager (Remote, Contract)",INFUSE,posted,2026-07-31T19:01:52.040981,731
6b34aea977c920be,https://ee.linkedin.com/jobs/view/we%E2%80%99re-hiring-spanish-speakers-remotely%21-at-katrium-4444539604,We’re hiring Spanish speakers remotely!,,scraped,2026-07-31T19:01:54.686909,
aacd61c4f1814071,https://ee.linkedin.com/jobs/view/business-developer-at-coca-cola-hbc-4444579499,Business Developer,,scraped,2026-07-31T19:02:14.920449,
2e49805b757be5c6,https://ee.linkedin.com/jobs/view/business-development-lead-at-msp%C2%B2-4445519631,Business Development Lead,MSP²,posted,2026-07-31T19:02:28.623833,733
17ba5429cd90c0d5,https://ee.linkedin.com/jobs/view/junior-independence-specialist-at-ey-4446081009,Junior Independence Specialist,EY,posted,2026-07-31T19:02:41.397579,735
9779afb104d9c16a,https://ee.linkedin.com/jobs/view/product-manager-gig-work-at-cachet-4443232734,"Product Manager, Gig Work",,scraped,2026-07-31T19:02:44.112457,
4bb7bef7f3cfae95,https://ee.linkedin.com/jobs/view/m%C3%BC%C3%BCja-klienditeenindaja-haapsalu-jysk-0-5-1-0-koormus-at-jysk-baltics-4444572454,"Müüja - klienditeenindaja Haapsalu JYSK (0,5 - 1,0 koormus)",JYSK Baltics,posted,2026-07-31T19:03:01.637181,737
a67d8cb311aa5a30,https://ee.linkedin.com/jobs/view/english-travel-consultant-at-hurtigruten-4445126697,English Travel Consultant,,scraped,2026-07-31T19:03:04.263113,
19a312ea9a6c2802,https://ee.linkedin.com/jobs/view/ai-tooling-lead-helsinki-tallinn-at-elisa-4445136291,"AI Tooling Lead (Helsinki, Tallinn)",,scraped,2026-07-31T19:03:11.680675,
df1fa9391367392f,https://ee.linkedin.com/jobs/view/arendaja-sisemiste-teenuste-arendus-at-telia-4445972022,Arendaja (Sisemiste teenuste arendus),,scraped,2026-07-31T19:03:18.805230,
c7765adff0aeae16,https://ee.linkedin.com/jobs/view/product-manager-at-wallester-4443685794,Product Manager,,scraped,2026-07-31T19:03:25.447650,
303b6f941e04b35d,https://ee.linkedin.com/jobs/view/sr-sales-development-representative-europe-at-firework-4446811661,Sr. Sales Development Representative (Europe),Firework,posted,2026-07-31T19:03:39.410095,739
671821416b93082d,https://ee.linkedin.com/jobs/view/product-owner-finance-accounting-at-playtech-4393529322,Product Owner (Finance & Accounting),,scraped,2026-07-31T19:03:41.965685,
e6d0c136f37e3060,https://ee.linkedin.com/jobs/view/tax-manager-at-gunvor-group-4442861187,Tax Manager,,scraped,2026-07-31T19:03:48.314668,
4d1d79c56ac87575,https://ee.linkedin.com/jobs/view/settlements-analyst-cargo-assurance-at-gunvor-group-4445033058,Settlements Analyst - Cargo Assurance,,scraped,2026-07-31T19:03:54.930672,
7c259373355c557f,https://ee.linkedin.com/jobs/view/n%C3%B5ustaja-seb-v%C3%B5ru-at-seb-eesti-4446060407,"Nõustaja | SEB, Võru",,scraped,2026-07-31T19:04:03.176426,
47bc7276f406ad13,https://ee.linkedin.com/jobs/view/specialist-medicare-at-ovation-healthcare-4447056397,"Specialist, Medicare",Ovation Healthcare,posted,2026-07-31T19:04:15.570289,741
28e38e5d57430e6c,https://ee.linkedin.com/jobs/view/citybee-estonia-customer-support-specialist-full-time-at-modus-mobility-4445930588,CityBee Estonia Customer Support Specialist (Full time),Modus Mobility,posted,2026-07-31T19:04:24.168667,743
326687f778a59f5e,https://ee.linkedin.com/jobs/view/mybee-estonia-customer-account-manager-at-modus-mobility-4443245686,MyBee Estonia Customer Account Manager,Modus Mobility,posted,2026-07-31T19:04:33.230277,745
6ce8d734aafccb08,https://ee.linkedin.com/jobs/view/m%C3%BC%C3%BCgijuht-at-cvkeskus-ee-4445034431,MÜÜGIJUHT,,scraped,2026-07-31T19:04:37.851938,
9a999bba159b71e4,https://ee.linkedin.com/jobs/view/technical-writer-at-jobgether-4444885901,Technical Writer,,scraped,2026-07-31T19:04:49.129359,
8ee67958cfcea14e,https://ee.linkedin.com/jobs/view/compliance-generalist-at-nortal-4444521640,Compliance Generalist,,scraped,2026-07-31T19:04:55.353772,
691f1005986730f5,https://ee.linkedin.com/jobs/view/klaviyo-email-marketing-specialist-dtc-e-commerce-100%25-remote-eu-at-foxelli-group-4447516807,Klaviyo Email Marketing Specialist| DTC E-commerce | 100% Remote EU,,scraped,2026-07-31T19:05:08.579626,
ac1a8c994ded544f,https://ee.linkedin.com/jobs/view/full-stack-engineer-at-mwdn-4446040218,Full-Stack Engineer,MWDN,posted,2026-07-31T19:05:24.098905,747
cc5299464bb2fdcd,https://ee.linkedin.com/jobs/view/ai-engineer-technical-product-owner-at-foxelli-group-4445900209,AI Engineer (Technical Product Owner),,scraped,2026-07-31T19:05:28.734501,
8b3c90682f3b23d9,https://ee.linkedin.com/jobs/view/accounting-intern-at-wise-4443264149,Accounting Intern,,scraped,2026-07-31T19:05:36.912761,
2b57a27e1236a023,https://ee.linkedin.com/jobs/view/operator-license-owner-tallinn-at-stranger-soccer-4447014977,"Operator & License Owner, Tallinn",,scraped,2026-07-31T19:05:46.969580,
4d8f9495a72d6e29,https://ee.linkedin.com/jobs/view/country-sales-manager-estonia-at-ids-borjomi-georgia-4446765485,Country Sales Manager Estonia,,scraped,2026-07-31T19:05:53.648670,
07f1cc5a98d24e76,https://ee.linkedin.com/jobs/view/lead-scheduler-italian-speaker-at-get-on-board-english-4445911926,Lead Scheduler-Italian Speaker,Get on Board English,posted,2026-07-31T19:06:09.132156,749
bc3590ec1139ec8d,https://ee.linkedin.com/jobs/view/managing-director-at-spx-aids-to-navigation-4446538618,Managing Director,SPX Aids to Navigation,posted,2026-07-31T19:06:18.244266,751
77da3c0e09fb591e,https://ee.linkedin.com/jobs/view/platform-engineer-gcp-kubernetes-at-black-labz-4444138273,Platform Engineer (GCP / Kubernetes),Black Labz,posted,2026-07-31T19:06:28.456269,753
ca5e1cdb3ae4a2f7,https://ee.linkedin.com/jobs/view/human-resources-manager-at-neumann-executive-4444592287,Human Resources Manager,,scraped,2026-07-31T19:06:31.053345,
4236c5fa1ff55a37,https://ee.linkedin.com/jobs/view/%D1%80%D1%83%D0%BA%D0%BE%D0%B2%D0%BE%D0%B4%D0%B8%D1%82%D0%B5%D0%BB%D1%8C-%D0%BF%D1%80%D0%BE%D0%B8%D0%B7%D0%B2%D0%BE%D0%B4%D1%81%D1%82%D0%B2%D0%B5%D0%BD%D0%BD%D1%8B%D1%85-%D0%BF%D1%80%D0%BE%D0%B5%D0%BA%D1%82%D0%BE%D0%B2-at-levstal-group-4445071290,Руководитель производственных проектов,,scraped,2026-07-31T19:06:40.616043,
770a1c5a266d0030,https://ee.linkedin.com/jobs/view/oracle-pl-sql-developer-at-swedbank-estonia-4445510769,Oracle PL/SQL Developer,,scraped,2026-07-31T19:06:50.212843,
4b8f678961957fb1,https://ee.linkedin.com/jobs/view/associate-medical-director-nephrology-at-iqvia-4447152474,"Associate Medical Director, Nephrology",IQVIA,posted,2026-07-31T19:07:04.558058,755
9bcb09593c47d074,https://ee.linkedin.com/jobs/view/manager-sales-business-development-at-sprintlyworks-4447144426,Manager - Sales & Business Development,,scraped,2026-07-31T19:07:07.172528,
73bede4ef3c04270,https://ee.linkedin.com/jobs/view/europe-sales-engineer-%F0%9F%93%8Dtallinn-tartu-at-fractory-4446749980,Europe Sales Engineer 📍Tallinn/Tartu,,scraped,2026-07-31T19:07:13.409714,
9aa400064439518d,https://ee.linkedin.com/jobs/view/konverentside-turunduslahenduste-m%C3%BC%C3%BCgi-projektijuht-at-%C3%A4rip%C3%A4ev-4446743609,Konverentside turunduslahenduste müügi projektijuht,,scraped,2026-07-31T19:07:20.812963,
5dc64100904acb43,https://ee.linkedin.com/jobs/view/financial-data-systems-specialist-at-luminor-group-4446322763,Financial Data Systems Specialist,Luminor Group,posted,2026-07-31T19:07:38.770242,757
409c159851864df7,https://ee.linkedin.com/jobs/view/it-dc-support-manager-at-nebius-4437660617,IT DC Support Manager,,scraped,2026-07-31T19:07:41.499230,
30b59582c7b5cb08,https://ee.linkedin.com/jobs/view/automation-engineer-l2-at-h-tech-supports-4445069981,Automation Engineer (L2),,scraped,2026-07-31T19:07:48.748622,
b3a4948439cd4416,https://ee.linkedin.com/jobs/view/logistics-manager-at-bolt-4446925085,Logistics Manager,,scraped,2026-07-31T19:07:57.064725,
a7b8243d2b3bb9ef,https://ee.linkedin.com/jobs/view/qa-engineer-m-f-d-at-riverty-4446700667,QA Engineer (m/f/d),,scraped,2026-07-31T19:08:03.853366,
9b6555da2f563782,https://ee.linkedin.com/jobs/view/engineering-lead-options-at-keyrock-4445137753,Engineering Lead- Options,Keyrock,posted,2026-07-31T19:08:24.518079,759
55ece13540698448,https://ee.linkedin.com/jobs/view/corporate-administrator-at-alps2alps-ski-transfers-4447507592,Corporate Administrator,,scraped,2026-07-31T19:08:27.127781,
8ca2b4c9548d29a6,https://ee.linkedin.com/jobs/view/embedded-systems-engineer-at-strativ-group-4443228548,Embedded Systems Engineer,,scraped,2026-07-31T19:08:33.896624,
d71e2c95fdb10e8e,https://ee.linkedin.com/jobs/view/forward-deployed-ai-engineer-at-lhv-4447541502,Forward Deployed AI Engineer,,scraped,2026-07-31T19:08:41.497369,
beb331e935550866,https://ee.linkedin.com/jobs/view/key-account-manager-and-culinary-advisor-at-unilever-4443686480,Key Account Manager and Culinary Advisor,Unilever,posted,2026-07-31T19:08:58.720409,761
7951f100489ee261,https://ee.linkedin.com/jobs/view/fintech-customer-support-es-en-fr-at-humanos-tech-4447087327,Fintech Customer Support - ES / EN / FR,,scraped,2026-07-31T19:09:01.600675,
0ec2b2b9c5e651ab,https://ee.linkedin.com/jobs/view/m%C3%BC%C3%BCja-klienditeenindaja-kristiine-jysk-0-5-1-0-koormus-at-jysk-baltics-4446830185,"Müüja - klienditeenindaja Kristiine JYSK (0,5 - 1,0 koormus)",JYSK Baltics,posted,2026-07-31T19:09:18.020163,763
b0af9804f02d206a,https://ee.linkedin.com/jobs/view/product-operations-specialist-partner-payments-at-bolt-4444612263,"Product Operations Specialist , Partner Payments",,scraped,2026-07-31T19:09:20.602724,
8d312cdd0310075f,https://ee.linkedin.com/jobs/view/full-stack-java-software-developer-at-askend-4446756912,Full Stack Java Software Developer,,scraped,2026-07-31T19:09:27.468112,
edd712a7f9159b3c,https://ee.linkedin.com/jobs/view/banking-operations-manager-at-wise-4445740475,Banking Operations Manager,,scraped,2026-07-31T19:09:34.425487,
2d8dc93cdcb9a069,https://ee.linkedin.com/jobs/view/site-reliability-engineer-cloud-at-bolt-4446795062,"Site Reliability Engineer, Cloud",,scraped,2026-07-31T19:09:42.172845,
00e12e982dba5984,https://ee.linkedin.com/jobs/view/strategic-lead-inclusion-quality-practice-at-bristol-city-council-4446887333,Strategic Lead Inclusion Quality & Practice,,scraped,2026-07-31T19:09:48.713596,
9efc64b34cb993bf,https://ee.linkedin.com/jobs/view/quality-monitoring-analyst-at-luminor-group-4447535774,Quality Monitoring Analyst,Luminor Group,posted,2026-07-31T19:10:15.461484,765
41327b2435519404,https://ee.linkedin.com/jobs/view/senior-financial-data-analyst-at-luminor-group-4447545743,Senior Financial Data Analyst,Luminor Group,posted,2026-07-31T19:10:29.671086,767
7a364ee4a2309103,https://ee.linkedin.com/jobs/view/demand-manager-at-wise-4437571295,Demand Manager,,scraped,2026-07-31T19:10:32.294602,
2f6bda9ba2ead038,https://ee.linkedin.com/jobs/view/m%C3%BC%C3%BCja-klienditeenindaja-nautica-jysk-0-75-koormus-at-jysk-baltics-4444585155,"Müüja - klienditeenindaja Nautica JYSK (0,75 koormus)",JYSK Baltics,posted,2026-07-31T19:10:51.699473,769
40bfb7bf5eaa6fc1,https://ee.linkedin.com/jobs/view/aml-compliance-consultant-at-softswiss-4446815452,AML Compliance Consultant,,scraped,2026-07-31T19:10:58.409229,
57ed1254e32f856b,https://ee.linkedin.com/jobs/view/kernel-developer-kernelcare-els-team-at-jobscroller-4444822507,Kernel Developer - KernelCare ELS team,JobScroller,posted,2026-07-31T19:11:12.211847,771
a05e9f739fa158e3,https://ee.linkedin.com/jobs/view/product-engineer-at-salv-4446712630,Product Engineer,,scraped,2026-07-31T19:11:16.782618,
c641905d9d259964,https://ee.linkedin.com/jobs/view/backend-engineer-financial-automation-at-bolt-4446744224,"Backend Engineer, Financial Automation",,scraped,2026-07-31T19:11:23.102413,
374ad1b68a6f49ea,https://ee.linkedin.com/jobs/view/application-support-engineer-at-jobgether-4444100717,Application Support Engineer,,scraped,2026-07-31T19:11:37.687124,
379b324a779a89be,https://ee.linkedin.com/jobs/view/cross-border-customer-manager-german-speaker-at-bigbank-4447550427,Cross-Border Customer Manager (German speaker),,scraped,2026-07-31T19:11:44.065135,
32781c884d1f6785,https://ee.linkedin.com/jobs/view/payroll-professional-hr-finance-accounting-at-prolific-4444893788,Payroll Professional (HR / Finance / Accounting),,scraped,2026-07-31T19:11:54.441318,
967465d87a1fc1d2,https://ee.linkedin.com/jobs/view/fincrime-operations-quality-senior-lead-at-wise-4446998395,FinCrime Operations Quality Senior Lead,,scraped,2026-07-31T19:12:00.900823,
9b7bfd88858f1f27,https://ee.linkedin.com/jobs/view/warehouse-operator-at-stoneridge-4447521852,Warehouse Operator,Stoneridge,posted,2026-07-31T19:12:15.311097,773
313bc176820e01f2,https://ee.linkedin.com/jobs/view/senior-rust-developer-at-mwdn-4446770862,Senior Rust Developer,MWDN,posted,2026-07-31T19:12:35.483639,775
a1cf6859f0f44d47,https://ee.linkedin.com/jobs/view/quality-assurance-automation-engineer-at-luminor-group-4445984099,Quality Assurance Automation Engineer,Luminor Group,posted,2026-07-31T19:12:49.533712,777
e7e73fd20a1123c2,https://ee.linkedin.com/jobs/view/central-operations-specialist-at-bolt-4446432465,Central Operations Specialist,,scraped,2026-07-31T19:12:52.149729,
ce16247778a97dcc,https://ee.linkedin.com/jobs/view/senior-operational-risk-officer-at-luminor-group-4447505487,Senior Operational Risk Officer,Luminor Group,posted,2026-07-31T19:13:11.409507,779
6ccf9a9e161d021f,https://ee.linkedin.com/jobs/view/product-owner-in-cash-management-corporate-statements-at-luminor-group-4447503505,Product Owner in Cash Management (Corporate Statements),Luminor Group,posted,2026-07-31T19:13:25.043951,781
1d117de86684391f,https://ee.linkedin.com/jobs/view/software-engineer-interviewer-estonia-contract-remote-at-karat-4444605561,Software Engineer Interviewer (Estonia - Contract/Remote),Karat,posted,2026-07-31T19:13:34.914095,783
770b3b385a66b4f4,https://ee.linkedin.com/jobs/view/m%C3%BC%C3%BCgin%C3%B5ustaja-p%C3%A4rnu-h-m-kauplusesse-20h-at-h-m-4447520376,Müüginõustaja Pärnu H&M kauplusesse (20h),H&M,posted,2026-07-31T19:13:50.359898,785
499b1d5f11071f3b,https://ee.linkedin.com/jobs/view/senior-product-designer-at-remofirst-4446836196,Senior Product Designer,RemoFirst,posted,2026-07-31T19:13:59.153518,787
ba7cbd808a04a672,https://ee.linkedin.com/jobs/view/senior-cloud-engineer-at-haystack-4446794732,Senior Cloud Engineer,,scraped,2026-07-31T19:14:05.781482,
f2a485741675fe32,https://ee.linkedin.com/jobs/view/m%C3%BC%C3%BCgin%C3%B5ustaja-10h-at-arket-4446734177,Müüginõustaja 10h,ARKET,posted,2026-07-31T19:14:24.493637,789
cf321d7c57935664,https://ee.linkedin.com/jobs/view/senior-cloud-engineer-m-f-d-at-riverty-4447294032,Senior Cloud Engineer (m/f/d),,scraped,2026-07-31T19:14:27.109005,
ba993de54fdb0c3e,https://ee.linkedin.com/jobs/view/talent-acquisition-partner-at-paymentology-4445928930,Talent Acquisition Partner,,scraped,2026-07-31T19:14:36.431194,
7bf04f99f6ffcddc,https://ee.linkedin.com/jobs/view/visual-designer-relocation-to-cyprus-at-fxpro-4446547958,Visual Designer (Relocation to Cyprus),FxPro,posted,2026-07-31T19:14:53.031946,791
d31c83e8064ac51d,https://ee.linkedin.com/jobs/view/first-assessment-social-worker-children-at-bristol-city-council-4446509641,First Assessment Social Worker Children,,scraped,2026-07-31T19:14:57.734932,
45f23a6826a18d69,https://ee.linkedin.com/jobs/view/senior-product-manager-consultant-career-pool-at-product-impact-4443601974,Senior Product Manager / Consultant [Career Pool],,scraped,2026-07-31T19:15:07.113667,
e0855b05f97d7260,https://ee.linkedin.com/jobs/view/senior-software-engineer-ai-interaction-evaluator-codex-claude-code-up-to-%24200-hr-at-g2i-inc-4445494710,"Senior Software Engineer - AI Interaction Evaluator (Codex / Claude Code, up to $200/hr)",G2i Inc.,posted,2026-07-31T19:15:22.798560,793
82fe9495529f1bc8,https://ee.linkedin.com/jobs/view/senior-technical-lead-at-milrem-robotics-4445502803,Senior Technical Lead,,scraped,2026-07-31T19:15:27.503998,
27da9f6c19d8450d,https://ee.linkedin.com/jobs/view/senior-machine-learning-engineer-delivery-merchant-at-bolt-4446904996,"Senior Machine Learning Engineer, Delivery Merchant",,scraped,2026-07-31T19:15:36.623279,
7eb6d77b2881ce82,https://ee.linkedin.com/jobs/view/senior-fullstack-engineer-customer-risk-assessment-at-wise-4447131937,Senior Fullstack Engineer - Customer Risk Assessment,,scraped,2026-07-31T19:15:43.068247,
f4a60d158c12e964,https://ee.linkedin.com/jobs/view/director-of-operations-at-center-for-guardianship-certification-cgc-4447197746,Director of Operations,Center for Guardianship Certification (CGC),posted,2026-08-01T18:15:22.607939,795
276564c263ba4203,https://ee.linkedin.com/jobs/view/nina-kepekian-at-vma-4446848405,NINA KEPEKIAN,,scraped,2026-08-01T18:15:35.212194,
fb37ce5df957e100,https://ee.linkedin.com/jobs/view/freelance-graphic-designer-signage-designer-at-jobgether-4446966974,Freelance Graphic Designer / Signage Designer,,scraped,2026-08-01T18:15:45.464829,
9b0f955458aa5c2d,https://ee.linkedin.com/jobs/view/data-analyst-at-hcltech-4444155276,Data Analyst,,scraped,2026-08-01T18:15:52.064705,
028e26e51cf4fad3,https://ee.linkedin.com/jobs/view/content-brand-manager-at-marmend-4446743524,Content-Brand Manager,,scraped,2026-08-01T18:16:03.411551,
c14253a4a39e82be,https://ee.linkedin.com/jobs/view/motion-designer-2d-animator-at-evolution-4445012195,Motion Designer / 2D Animator,,scraped,2026-08-01T18:16:10.658262,
992061645cb32a7f,https://ee.linkedin.com/jobs/view/technical-writer-at-jobscroller-4443292055,Technical Writer,JobScroller,posted,2026-08-01T18:16:23.843138,797
b75203c7239c7a7c,https://ee.linkedin.com/jobs/view/event-design-production-specialist-at-jobsinsas-com-4446040481,Event Design & Production Specialist,JobsInSAS.com,posted,2026-08-01T18:16:32.622121,799
10bb8b4653f91749,https://ee.linkedin.com/jobs/view/specialist-professional-planning-policy-at-bristol-city-council-4445712515,Specialist Professional (Planning Policy),,scraped,2026-08-01T18:16:35.314515,
c32ad5f64d532dc1,https://ee.linkedin.com/jobs/view/cloud-engineer-at-the-recruiting-guy-4447494163,Cloud Engineer,The Recruiting Guy,posted,2026-08-01T18:16:48.514740,801
e139ec5b89f6cbd9,https://ee.linkedin.com/jobs/view/international-marine-project-manager-at-lth-baas-4445919491,International Marine Project Manager,,scraped,2026-08-01T18:16:51.106483,
4f4a55380baa978e,https://ee.linkedin.com/jobs/view/senior-product-designer-at-lhv-4446864779,Senior Product Designer,,scraped,2026-08-01T18:17:01.639840,
d68d2c061b7d0b16,https://ee.linkedin.com/jobs/view/senior-creative-producer-strategic-projects-at-welltech-4447073905,Senior Creative Producer - Strategic Projects,,scraped,2026-08-01T18:17:12.725988,
d727d43228b1cbaa,https://ee.linkedin.com/jobs/view/senior-marketing-manager-integrated-campaigns-at-n8n-4447525689,"Senior Marketing Manager, Integrated Campaigns",,scraped,2026-08-01T18:17:19.398727,
61529c7190ed15c9,https://ee.linkedin.com/jobs/view/technical-support-specialist-at-haystack-4446789740,Technical Support Specialist,,scraped,2026-08-01T18:17:25.859138,
44b84bec2052a075,https://ee.linkedin.com/jobs/view/product-lead-at-jobscroller-4444113736,Product Lead,JobScroller,posted,2026-08-01T18:17:42.536300,803
284f4690878220f8,https://ee.linkedin.com/jobs/view/senior-warehouse-process-specialist-at-ericsson-4447190869,Senior Warehouse Process Specialist,,scraped,2026-08-01T18:17:51.167947,
5e05f79371f49b00,https://ee.linkedin.com/jobs/view/m%C3%BC%C3%BCgispetsialist-kindlustus-at-lhv-4447294431,Müügispetsialist (kindlustus),,scraped,2026-08-01T18:17:57.553040,
9ad7fc5326f6e002,https://ee.linkedin.com/jobs/view/call-for-proposals-for-international-projects-in-tartu-at-galway-culture-company-4445815088,Call for proposals for international projects in Tartu,,scraped,2026-08-01T18:18:05.322678,
637b052cf39a8181,https://ee.linkedin.com/jobs/view/compliance-operations-specialist-at-greenlever-4446166298,Compliance Operations Specialist,Greenlever,posted,2026-08-01T18:18:21.934819,154
0cc0635ceced6cb3,https://ee.linkedin.com/jobs/view/software-architect-integration-engineer-at-the-recruiting-guy-4447481406,Software Architect (Integration Engineer),The Recruiting Guy,posted,2026-08-01T18:18:30.545133,805
b72dd3d4e76e92d5,https://ee.linkedin.com/jobs/view/software-engineer-machine-vision-at-threod-systems-4447553377,Software Engineer (Machine Vision),Threod Systems,posted,2026-08-01T18:18:40.760067,807
4a41d638c7b3c554,https://ee.linkedin.com/jobs/view/ai-safety-specialist-fully-remote-upto-%2470-hr-at-mercor-4447735954,AI Safety Specialist - Fully Remote | Upto $70/hr,Mercor,posted,2026-08-01T18:18:48.732814,809
6c5a168322cd97a9,https://ee.linkedin.com/jobs/view/plant-integration-engineer-electrical-at-jobgether-4446010756,Plant Integration Engineer (Electrical),,scraped,2026-08-01T18:18:55.372749,
7af77a319436fb64,https://ee.linkedin.com/jobs/view/commercial-transactional-lawyer-at-jobgether-4444533791,Commercial Transactional Lawyer,,scraped,2026-08-01T18:19:07.985444,
41654ab6cff1800b,https://ee.linkedin.com/jobs/view/product-compliance-counsel-at-jobgether-4444530891,Product Compliance Counsel,,scraped,2026-08-01T18:19:24.443784,
28baa5816557895d,https://ee.linkedin.com/jobs/view/client-partner-at-makecommerce-by-maksekeskus-4444125584,Client Partner,,scraped,2026-08-01T18:19:32.616947,
0624b8e0d2583a33,https://ee.linkedin.com/jobs/view/regulatory-submissions-manager-emea-at-fortrea-4446560169,Regulatory Submissions Manager - EMEA,Fortrea,posted,2026-08-01T18:19:45.610610,811
d7641008f4ee75e8,https://ee.linkedin.com/jobs/view/data-analyst-products-systems-at-luminor-group-4447210939,Data Analyst (Products & Systems),Luminor Group,posted,2026-08-01T18:20:01.552480,813
5ebc4a6bf11f3957,https://ee.linkedin.com/jobs/view/associate-medical-director-cardiology-with-metabolic-diseases-and-nephrology-experience-at-iqvia-4447165235,"Associate Medical Director, Cardiology , with Metabolic Diseases and Nephrology Experience",IQVIA,posted,2026-08-01T18:20:12.239755,815
4836291355c8b5fc,https://ee.linkedin.com/jobs/view/senior-talent-acquisition-partner-at-bondora-4446306480,Senior Talent Acquisition Partner,,scraped,2026-08-01T18:20:14.907947,
5f4480257de5c1a2,https://ee.linkedin.com/jobs/view/ai-no-code-low-code-developer-at-freedom24-4447502403,AI No-Code/Low-Code Developer,,scraped,2026-08-01T18:20:22.390702,
8f5263965cac2515,https://ee.linkedin.com/jobs/view/social-media-marketing-manager-at-drhouse-4443619592,Social Media Marketing Manager,DrHouse,posted,2026-08-01T18:20:35.803534,817
a3582486fc40d55f,https://ee.linkedin.com/jobs/view/senior-compliance-officer-estonia-at-juuli-4445098269,Senior Compliance Officer - Estonia,,scraped,2026-08-01T18:20:38.457289,
99feea04a3d9dc9c,https://ee.linkedin.com/jobs/view/application-engineer-ai-data-centers-m-f-x-at-skeleton-technologies-4447282901,Application Engineer - AI Data Centers (m/f/x),,scraped,2026-08-01T18:20:49.208451,
e62d5a534f3ad6bf,https://ee.linkedin.com/jobs/view/sales-representative-at-sataklela-o%C3%BC-at-jack-jill-4447489498,Sales Representative at Sataklela OÜ,Jack & Jill,posted,2026-08-01T18:21:02.001399,819
b8b45873a793438b,https://ee.linkedin.com/jobs/view/inside-sales-manager-at-wing-assistant-4444140750,Inside Sales Manager,Wing Assistant,posted,2026-08-01T18:21:10.598056,821
dd6ff8b20f7c1de0,https://ee.linkedin.com/jobs/view/cloud-engineer-tenant-at-riverty-4446859637,Cloud Engineer (Tenant),Riverty,posted,2026-08-01T18:21:23.684153,823
50f86a5ecb1fc12b,https://ee.linkedin.com/jobs/view/cs-workforce-planning-specialist-at-bolt-4445758977,CS Workforce Planning Specialist,,scraped,2026-08-01T18:21:26.360472,
98004e13f3ec3ae3,https://ee.linkedin.com/jobs/view/data-center-it-technician-at-nebius-4437666393,Data Center IT Technician,,scraped,2026-08-01T18:21:34.977605,
05cef38a5dc0e057,https://ee.linkedin.com/jobs/view/devops-engineer-customer-experience-and-data-at-luminor-group-4446834087,DevOps Engineer (Customer Experience and Data),Luminor Group,posted,2026-08-01T18:21:56.781316,825
fd9b500e1cb1d17e,https://ee.linkedin.com/jobs/view/data-analyst-performance-management-analysis-at-luminor-group-4447044182,Data Analyst (Performance Management & Analysis),Luminor Group,posted,2026-08-01T18:22:13.497000,827
f9e52e35d1c3eea9,https://ee.linkedin.com/jobs/view/engineering-lead-connect-at-wise-4417659197,Engineering Lead - Connect,,scraped,2026-08-01T18:22:18.180542,
195340eafd80cddc,https://ee.linkedin.com/jobs/view/data-engineer-products-systems-at-luminor-group-4447208982,Data Engineer (Products & Systems),Luminor Group,posted,2026-08-01T18:22:40.198917,829
3b155b581c38017c,https://ee.linkedin.com/jobs/view/logistics-manager-at-bolt-4447135700,Logistics Manager,,scraped,2026-08-01T18:23:00.876972,
146f39c35821de0c,https://ee.linkedin.com/jobs/view/bd-growth-ops-manager-autonomous-vehicles-at-bolt-4437567069,BD & Growth Ops Manager (Autonomous Vehicles),,scraped,2026-08-01T18:23:11.335044,
3d70ed76b5e74b37,https://ee.linkedin.com/jobs/view/data-reporting-analyst-at-gunvor-group-4445022120,Data Reporting Analyst,,scraped,2026-08-01T18:23:23.705773,
99b7e701ca127a52,https://ee.linkedin.com/jobs/view/lead-mobile-app-developer-at-jobgether-4446990392,Lead Mobile App Developer,,scraped,2026-08-01T18:23:34.721050,
c706bbdbfa0e0bf9,https://ee.linkedin.com/jobs/view/associate-partner-eu-public-advisory-at-civitta-4444888416,Associate Partner | EU Public Advisory,,scraped,2026-08-01T18:23:45.178500,
8001185116916070,https://ee.linkedin.com/jobs/view/e-i-supervisor-estonia-at-agap2-italia-4443284542,E&I Supervisor - ESTONIA,,scraped,2026-08-01T18:23:51.656868,
5ef3ab3550348d53,https://ee.linkedin.com/jobs/view/software-developer-in-payments-in-channels-team-seb-tallinn-at-seb-eesti-4446748537,"Software Developer in Payments in Channels team | SEB, Tallinn",,scraped,2026-08-01T18:24:04.912245,
dddf25e26a2d421d,https://ee.linkedin.com/jobs/view/junior-application-support-engineer-insurance-area-at-swedbank-estonia-4443294770,Junior Application Support Engineer (Insurance area),,scraped,2026-08-01T18:24:22.270037,
8f95527d66c326d8,https://ee.linkedin.com/jobs/view/head-of-crm-lifecycle-marketing-at-bondora-4446578505,Head of CRM & Lifecycle Marketing,,scraped,2026-08-01T18:24:30.488925,
22e1cb66eb4f0fb7,https://ee.linkedin.com/jobs/view/kliendilahenduste-arhitekt-k%C3%BCberturbe-valdkonnas-at-telia-4447735245,Kliendilahenduste arhitekt küberturbe valdkonnas,,scraped,2026-08-01T18:24:37.470010,
a9c49bed4992712f,https://ee.linkedin.com/jobs/view/senior-product-designer-at-wrike-4446729942,Senior Product Designer,Wrike,posted,2026-08-01T18:24:49.001707,787
121af4a23325342e,https://ee.linkedin.com/jobs/view/generative-ai-engineer-at-the-recruiting-guy-4447480467,Generative AI Engineer,The Recruiting Guy,posted,2026-08-01T18:25:02.735334,831
cb9808b3605e402e,https://ee.linkedin.com/jobs/view/deeptech-co-founder-cso-100-%25-remote-m-f-d-at-ewor-4447181276,DeepTech Co-Founder / CSO (100 % remote) (m/f/d),,scraped,2026-08-01T18:25:09.362130,
0eda1f1aee4d4949,https://ee.linkedin.com/jobs/view/senior-regulatory-officer-at-luminor-group-4445916879,Senior Regulatory Officer,Luminor Group,posted,2026-08-01T18:25:29.796070,833
9fca6d791ffc0f19,https://ee.linkedin.com/jobs/view/ai-security-engineer-system-security-at-playtech-4445942704,AI Security Engineer (System Security),,scraped,2026-08-01T18:25:34.429528,
e914fc2dd930fe17,https://ee.linkedin.com/jobs/view/senior-software-engineer-at-coolbet-4431900030,Senior Software Engineer,Coolbet,posted,2026-08-01T18:25:49.653453,264
5f8be492c3d22037,https://ee.linkedin.com/jobs/view/settlements-analyst-cargo-assurance-at-gunvor-group-4445029043,Settlements Analyst - Cargo Assurance,,scraped,2026-08-01T18:25:58.270731,
4f001966e95fc831,https://ee.linkedin.com/jobs/view/juhatuse-liige-at-tallinna-haigla-4444520610,Juhatuse liige,Tallinna Haigla,posted,2026-08-01T18:26:12.418938,835
7a00e5df97fa5379,https://ee.linkedin.com/jobs/view/site-reliability-engineer-cloud-at-bolt-4446774369,"Site Reliability Engineer, Cloud",,scraped,2026-08-01T18:26:15.227159,
af09ea7b3c57a064,https://ee.linkedin.com/jobs/view/corporate-lawyer-at-bondora-4447533080,Corporate Lawyer,,scraped,2026-08-01T18:26:27.611685,
064ee1c7fe7e828a,https://ee.linkedin.com/jobs/view/senior-machine-learning-engineer-delivery-merchant-at-bolt-4446913843,"Senior Machine Learning Engineer, Delivery Merchant",,scraped,2026-08-01T18:26:35.047579,
ac689a65ce470249,https://ee.linkedin.com/jobs/view/senior-backend-developer-at-the-recruiting-guy-4447478516,Senior Backend Developer,The Recruiting Guy,posted,2026-08-01T18:26:47.480164,837
3bce1ae3a544aba5,https://ee.linkedin.com/jobs/view/atlassian-platform-engineer-at-lhv-4445010035,Atlassian Platform Engineer,,scraped,2026-08-01T18:26:50.074542,
0e0550a66ef3af45,https://ee.linkedin.com/jobs/view/kogenud-maksun%C3%B5ustaja-at-ey-4444130527,Kogenud maksunõustaja,EY,posted,2026-08-01T18:27:11.143773,839
4e6db26e8fad7c9b,https://ee.linkedin.com/jobs/view/m%C3%BC%C3%BCja-klienditeenindaja-circle-k-rakvere-v%C3%A4ljavahi-teenindusjaama-at-circle-k-4445758321,Müüja-klienditeenindaja Circle K Rakvere VÄLJAVAHI teenindusjaama,,scraped,2026-08-01T18:27:21.600111,
d480537778e40a45,https://ee.linkedin.com/jobs/view/scaler-at-promed-vertriebsgesellschaft-mbh-co-kg-4447566204,Scaler,Promed Vertriebsgesellschaft mbH &amp; Co. KG,posted,2026-08-03T20:20:53.765688,841
d9e57975b05a3418,https://ee.linkedin.com/jobs/view/deputy-public-guardian-at-center-for-guardianship-certification-cgc-4447411191,Deputy Public Guardian,Center for Guardianship Certification (CGC),posted,2026-08-03T20:21:04.352164,843
470c8daa64f71f0f,https://ee.linkedin.com/jobs/view/guardian-case-manager-iii-at-center-for-guardianship-certification-cgc-4447407075,Guardian Case Manager III,Center for Guardianship Certification (CGC),posted,2026-08-03T20:21:15.620867,845
22e151d680d6e60a,https://ee.linkedin.com/jobs/view/kinnisvaramaakler-at-via-kinnisvara-4446230347,Kinnisvaramaakler,,scraped,2026-08-03T20:21:18.041524,
32820e4361cb3501,https://ee.linkedin.com/jobs/view/m%C3%A4ngutoa-t%C3%B6%C3%B6taja-at-thumbprint-coaching-inc-4447984440,Mängutoa töötaja,"Thumbprint Coaching, Inc.",posted,2026-08-03T20:21:36.638535,847
6d160a1a6b92617c,https://ee.linkedin.com/jobs/view/sandra-garcia-martin-at-ms-represents-4447939512,SANDRA GARCIA MARTIN,,scraped,2026-08-03T20:21:39.310146,
8717562fe3a3512a,https://ee.linkedin.com/jobs/view/partnerships-manager-at-bepi-british-electronic-payments-institution-4443793110,Partnerships Manager,,scraped,2026-08-03T20:21:56.075734,
ea88bcff14377709,https://ee.linkedin.com/jobs/view/connecting-families-specialist-keyworker-at-bristol-city-council-4446946625,Connecting Families Specialist Keyworker,,scraped,2026-08-03T20:22:08.953109,
3c038ddba44482ca,https://ee.linkedin.com/jobs/view/business-development-product-manager-igaming-at-scaletrade-4447282681,Business Development & Product Manager (iGaming),,scraped,2026-08-03T20:22:18.489142,
3084aab0006c3f50,https://ee.linkedin.com/jobs/view/scientific-affairs-manager-at-zentiva-4446564995,Scientific Affairs Manager,,scraped,2026-08-03T20:22:29.212233,
7af54e2bb77cadff,https://ee.linkedin.com/jobs/view/google-cloud-platform-architect-remote-work-at-bairesdev-4448207043,Google Cloud Platform Architect - Remote Work,BairesDev,posted,2026-08-03T20:22:49.773769,849
948a0576fa8783c5,https://ee.linkedin.com/jobs/view/office-personal-assistant-to-the-ceo-at-connexa-4446567161,Office & Personal Assistant to the CEO,,scraped,2026-08-03T20:22:52.454138,
5f6b01ad6138954e,https://ee.linkedin.com/jobs/view/security-analyst-junior-mid-level-at-helmes-4446323744,Security Analyst (Junior/Mid-Level),,scraped,2026-08-03T20:23:00.977959,
f1bbf9b0f3163758,https://ee.linkedin.com/jobs/view/cto-and-co-founder-at-startup-wise-guys-4445580806,CTO and Co-Founder,,scraped,2026-08-03T20:23:12.158763,
73aa2fd1632bc025,https://ee.linkedin.com/jobs/view/manual-qa-specialist-at-pawatech-4446722952,Manual QA Specialist,,scraped,2026-08-03T20:23:21.927377,
4713eded6bcb801c,https://ee.linkedin.com/jobs/view/sales-manager-at-raison-4445896053,Sales Manager,,scraped,2026-08-03T20:23:28.070747,
3a2e585ec0e05e69,https://ee.linkedin.com/jobs/view/machine-learning-engineer-large-language-models-at-jobscroller-4443295037,Machine Learning Engineer - Large Language Models,JobScroller,posted,2026-08-03T20:23:40.872419,851
5123a8e2bed19c75,https://ee.linkedin.com/jobs/view/operations-support-specialist-at-fyst-4448610655,Operations Support Specialist,,scraped,2026-08-03T20:23:43.531218,
78c27e18adb61f11,https://ee.linkedin.com/jobs/view/it-support-specialist-m-f-d-at-riverty-4446714484,IT Support Specialist (m/f/d),Riverty,posted,2026-08-03T20:24:02.987457,853
d75e375311210357,https://ee.linkedin.com/jobs/view/senior-business-transformation-consultant-%E2%80%93-ai-strategy-growth-innovation-at-jobscroller-4443290118,"Senior Business Transformation Consultant – AI Strategy, Growth & Innovation",JobScroller,posted,2026-08-03T20:24:11.008455,855
7087f722d7e89ccd,https://ee.linkedin.com/jobs/view/director-of-mobile-games-user-acquisition-at-jobgether-4447699431,Director of Mobile Games User Acquisition,,scraped,2026-08-03T20:24:17.874637,
6efdb0207a861b63,https://ee.linkedin.com/jobs/view/klaviyo-email-marketing-specialist-dtc-e-commerce-100%25-remote-eu-at-foxelli-group-4447513839,Klaviyo Email Marketing Specialist| DTC E-commerce | 100% Remote EU,,scraped,2026-08-03T20:24:24.177871,
e56edf6cabf50e06,https://ee.linkedin.com/jobs/view/qa-engineer-at-askend-4444599763,QA Engineer,,scraped,2026-08-03T20:24:32.257352,
2f149f347ac6d3fb,https://ee.linkedin.com/jobs/view/teeninduse-konsultant-at-moller-auto-baltic-4446080323,Teeninduse konsultant,,scraped,2026-08-03T20:24:41.359169,
231261db179da2f4,https://ee.linkedin.com/jobs/view/hamlet-s-kuha%C4%8Dom-at-planetopija-4445551181,Hamlet s kuhačom,,scraped,2026-08-03T20:24:58.451392,
98d93da1704116fb,https://ee.linkedin.com/jobs/view/baltics-it-business-analyst-at-dpd-eesti-4448166147,Baltics IT Business Analyst,,scraped,2026-08-03T20:25:07.258335,
daa8068950b9e07e,https://ee.linkedin.com/jobs/view/senior-electronics-purchaser-at-comodule-4444585796,Senior Electronics Purchaser,,scraped,2026-08-03T20:25:19.693510,
5c38ff088db17f05,https://ee.linkedin.com/jobs/view/product-manager-contractor-management-at-remote-4446825618,"Product Manager, Contractor Management",Remote,posted,2026-08-03T20:25:41.382062,857
f8f2d0ddde92d3c8,https://ee.linkedin.com/jobs/view/software-engineer-at-sisu-group-4318916620,Software Engineer,SISU GROUP,posted,2026-08-03T20:25:49.343945,310
9034055a7edce34d,https://ee.linkedin.com/jobs/view/senior-php-developer-relocation-to-cyprus-billing-team-at-freedom24-4446560811,"Senior PHP Developer (Relocation to Cyprus), Billing Team",,scraped,2026-08-03T20:25:53.994153,
eadfdc55a09af4b7,https://ee.linkedin.com/jobs/view/java-arhitekt-at-net-group-ltd-4444439962,Java arhitekt,,scraped,2026-08-03T20:26:00.847105,
0aa410b64e587cf7,https://ee.linkedin.com/jobs/view/kliendilahenduste-arhitekt-k%C3%BCberturbe-valdkonnas-at-telia-4447750105,Kliendilahenduste arhitekt küberturbe valdkonnas,,scraped,2026-08-03T20:26:09.915111,
cfbbd65e3b8c47cc,https://ee.linkedin.com/jobs/view/primary-education-advocate-at-bristol-city-council-4446899013,Primary Education Advocate,,scraped,2026-08-03T20:26:20.792873,
59d533aa9018ae05,https://ee.linkedin.com/jobs/view/secondary-education-advocate-at-bristol-city-council-4446886443,Secondary Education Advocate,,scraped,2026-08-03T20:26:30.335892,
9b9fa0d587eaa106,https://ee.linkedin.com/jobs/view/software-engineer-at-nortal-4445895239,Software Engineer,,scraped,2026-08-03T20:27:21.686233,
eff04c5224ed71d9,https://ee.linkedin.com/jobs/view/cybersecurity-co-founder-head-of-growth-100-%25-remote-m-f-d-at-ewor-4447196033,Cybersecurity Co-Founder / Head of Growth (100 % remote) (m/f/d),,scraped,2026-08-03T20:27:30.475560,
a7e4cce33fc29067,https://ee.linkedin.com/jobs/view/senior-cs-wfm-manager-at-bolt-4445731324,Senior CS WFM Manager,,scraped,2026-08-03T20:27:37.173414,
109286c5a1501d9a,https://ee.linkedin.com/jobs/view/cybersecurity-co-founder-head-of-growth-100-%25-remote-m-f-d-at-ewor-4447196032,Cybersecurity Co-Founder / Head of Growth (100 % remote) (m/f/d),,scraped,2026-08-03T20:28:03.687794,
adf058c4453e4eda,https://ee.linkedin.com/jobs/view/senior-product-manager-growth-automation-at-bolt-4446045366,"Senior Product Manager, Growth Automation",,scraped,2026-08-03T20:28:10.047761,
33175dcd6f05c894,https://ee.linkedin.com/jobs/view/motion-designer-strategic-projects-at-welltech-4448309110,Motion Designer - Strategic Projects,,scraped,2026-08-03T20:28:24.407461,
76f9922f52339e7a,https://ee.linkedin.com/jobs/view/senior-data-engineer-at-sisu-group-4375582919,Senior Data Engineer,SISU GROUP,posted,2026-08-03T20:28:38.547988,72
e0bd83b5f7da6e8a,https://ee.linkedin.com/jobs/view/head-of-crm-lifecycle-marketing-at-bondora-4446806392,Head of CRM & Lifecycle Marketing,,scraped,2026-08-03T20:28:41.135470,
8adb5c079597aafa,https://ee.linkedin.com/jobs/view/electrical-engineer-ii-at-repligen-corporation-4422012954,Electrical Engineer II,Repligen Corporation,posted,2026-08-03T20:28:55.307343,859
b085eb974d95552d,https://ee.linkedin.com/jobs/view/ai-safety-specialist-fully-remote-upto-%2484-hr-at-mercor-4447755062,AI Safety Specialist - Fully Remote | Upto $84/hr,Mercor,posted,2026-08-03T20:29:03.449364,861
e39425461fde0464,https://ee.linkedin.com/jobs/view/legal-counsel-corporate-product-compliance-at-scrambly-4446229812,Legal Counsel (Corporate & Product Compliance),,scraped,2026-08-03T20:29:08.059031,
ef5bb1879a3aead0,https://ee.linkedin.com/jobs/view/staff-software-engineer-europe-at-paymentology-4447513846,Staff Software Engineer Europe,,scraped,2026-08-03T20:29:18.817544,
b7ebb51645334f03,https://ee.linkedin.com/jobs/view/senior-software-engineer-ai-interaction-evaluator-codex-claude-code-up-to-%24200-hr-at-g2i-inc-4447905344,"Senior Software Engineer - AI Interaction Evaluator (Codex / Claude Code, up to $200/hr)",G2i Inc.,posted,2026-08-03T20:29:41.176211,863
23e86b5a6b700103,https://ee.linkedin.com/jobs/view/senior-c%2B%2B-linux-engineer-%E2%80%93-wireless-connectivity-at-unikie-4446195814,Senior C++ Linux Engineer – Wireless Connectivity,,scraped,2026-08-03T20:29:43.828256,
741988f7b31d4840,https://ee.linkedin.com/jobs/view/fitness-trainer-at-live-2-b-healthy-of-chattanooga-4445051521,Fitness Trainer,Live 2 B Healthy of Chattanooga,posted,2026-08-03T20:29:59.358872,865
dd19a613562f0b14,https://ee.linkedin.com/jobs/view/projektide-arendusjuht-at-eurowind-energy-4447291985,Projektide arendusjuht,,scraped,2026-08-03T20:30:04.074767,
f17cfbe6cb6268c4,https://ee.linkedin.com/jobs/view/microsoft-engineer-at-lhv-4447006605,Microsoft Engineer,,scraped,2026-08-03T20:30:15.181447,
9e0a37b932af9f4c,https://ee.linkedin.com/jobs/view/java-arhitekt-digitervisevaldkonda-at-net-group-ltd-4444913713,Java arhitekt digitervisevaldkonda,,scraped,2026-08-03T20:30:25.278353,
cf904d79dd0baea7,https://ee.linkedin.com/jobs/view/senior-security-engineer-team-lead-at-glia-4443608471,Senior Security Engineer (Team Lead),Glia,posted,2026-08-03T20:30:42.217118,867
9df0822454151f49,https://ee.linkedin.com/jobs/view/senior-software-engineer-at-sony-music-entertainment-4445744636,Senior Software Engineer,Sony Music Entertainment,posted,2026-08-03T20:30:53.082656,264
e4aa8de95da21cb0,https://ee.linkedin.com/jobs/view/sap-senior-payroll-technical-consultant-at-sd-worx-4446255442,SAP Senior Payroll Technical Consultant,,scraped,2026-08-03T20:31:01.699867,
bc28cede35174762,https://ee.linkedin.com/jobs/view/tallinn-cabin-crew-opportunities-dubai-based-relocation-provided-at-emirates-4446626385,"Tallinn Cabin Crew Opportunities (Dubai Based, Relocation Provided)",Emirates,posted,2026-08-05T20:19:47.973346,869
88a879fdf370ef4e,https://ee.linkedin.com/jobs/view/maintenance-operation-control-engineer-at-marabu-airlines-4449479579,Maintenance Operation Control Engineer,Marabu Airlines,posted,2026-08-05T20:19:58.735540,871
2af454f16fb91900,https://ee.linkedin.com/jobs/view/head-of-brand-marketing-at-scrambly-4448047585,Head of Brand Marketing,,scraped,2026-08-05T20:20:01.360563,
6c2b1cc56f14bb0d,https://ee.linkedin.com/jobs/view/data-focused-project-coordinator-remote-contract-at-infuse-4448884097,"Data-Focused Project Coordinator (Remote, Contract)",INFUSE,posted,2026-08-05T20:20:12.056629,256
1007717017d6c637,https://ee.linkedin.com/jobs/view/global-hse-director-riga-latvia-based-position-at-aerones-4443119734,"Global HSE Director (Riga, Latvia based position)",,scraped,2026-08-05T20:20:14.653728,
34645009163d1445,https://ee.linkedin.com/jobs/view/freelance-mobile-app-tester-remote-estonia-no-experience-required-at-acclaro-4449488830,"Freelance Mobile App Tester (Remote, Estonia) | No Experience Required",Acclaro,posted,2026-08-05T20:20:32.761948,873
3981c6a8a916f167,https://ee.linkedin.com/jobs/view/freelance-mobile-app-tester-remote-estonia-no-experience-required-at-acclaro-4449480989,"Freelance Mobile App Tester (Remote, Estonia) | No Experience Required",Acclaro,posted,2026-08-05T20:20:39.735309,873
57db9650a103d4e0,https://ee.linkedin.com/jobs/view/freelance-mobile-app-tester-remote-estonia-no-experience-required-at-acclaro-4449499198,"Freelance Mobile App Tester (Remote, Estonia) | No Experience Required",Acclaro,posted,2026-08-05T20:20:44.462149,873
591230f083625d49,https://ee.linkedin.com/jobs/view/marketing-internship-at-ai-eesti-4449449631,Marketing Internship,,scraped,2026-08-05T20:20:51.121858,
e925ff99c1cc02ec,https://ee.linkedin.com/jobs/view/freelance-mobile-app-tester-remote-estonia-no-experience-required-at-acclaro-4449498212,"Freelance Mobile App Tester (Remote, Estonia) | No Experience Required",Acclaro,posted,2026-08-05T20:20:59.619981,873
06e2f7292e077b30,https://ee.linkedin.com/jobs/view/turundusjuht-at-personalidisain-4449008089,Turundusjuht,,scraped,2026-08-05T20:21:04.173387,
3c9165a34de72319,https://ee.linkedin.com/jobs/view/office-assistant-at-adcash-4446635388,Office assistant,,scraped,2026-08-05T20:21:15.182187,
056e6f7c09bab2d1,https://ee.linkedin.com/jobs/view/masinahoolduse-mehaanik-at-o-i-4440938732,Masinahoolduse mehaanik,O-I,posted,2026-08-05T20:21:27.639915,875
076a4d53fdca6b01,https://ee.linkedin.com/jobs/view/application-security-monitoring-at-yami%E2%84%A2-4447351940,Application Security Monitoring,,scraped,2026-08-05T20:21:32.222596,
e5db5accb22c5433,https://ee.linkedin.com/jobs/view/assistent-%E2%80%93-rimi-keskk%C3%B6%C3%B6k-at-rimi-baltic-group-4444179368,Assistent – Rimi keskköök,,scraped,2026-08-05T20:21:39.275199,
182a692ffb0d1415,https://ee.linkedin.com/jobs/view/community-well-being-ambassador-at-spectrum-new-beginnings-4447217157,Community Well-Being Ambassador,Spectrum New Beginnings,posted,2026-08-05T20:22:00.799863,877
b42df3afa954a417,https://ee.linkedin.com/jobs/view/data-scientist-3d-point-cloud-at-supervisely-4449407695,"Data Scientist, 3D Point Cloud",,scraped,2026-08-05T20:22:05.414612,
5b071a54dea794b9,https://ee.linkedin.com/jobs/view/traffic-engineering-technical-lead-at-bristol-city-council-4448641628,Traffic Engineering (Technical Lead),,scraped,2026-08-05T20:22:11.571346,
1b58f06c875138fa,https://ee.linkedin.com/jobs/view/burger-king-klienditeenindaja-tallinna-laagri-ja-lasnam%C3%A4e-restorani-at-tallink-silja-gmbh-4448922480,Burger King klienditeenindaja Tallinna Laagri ja Lasnamäe restorani,,scraped,2026-08-05T20:22:19.029789,
5aada697d5769aac,https://ee.linkedin.com/jobs/view/employ%C3%A9-polyvalent-%C3%A9picier-h-f-at-%F0%9F%8C%BE-biocoop-le-pissenlit-charleville-mezieres-4444518850,Employé polyvalent épicier H/F,,scraped,2026-08-05T20:22:28.245725,
c3e94ff1b352654a,https://ee.linkedin.com/jobs/view/license-owner-operator-tallinn-at-stranger-soccer-4449471312,"License Owner / Operator, Tallinn",,scraped,2026-08-05T20:22:38.643242,
06623a206e4d5723,https://ee.linkedin.com/jobs/view/ai-driven-devops-engineer-at-freedom24-4448149318,AI-Driven DevOps Engineer,,scraped,2026-08-05T20:22:45.313431,
d7358c485ab7478b,https://ee.linkedin.com/jobs/view/head-of-risk-fraud-at-eneba-4431705869,Head of Risk & Fraud,,scraped,2026-08-05T20:22:52.218012,
f3e5924d43de23f5,https://ee.linkedin.com/jobs/view/marketing-manager-at-airobot-technologies-4446632204,Marketing Manager,,scraped,2026-08-05T20:22:58.540628,
bed97672a1dbe9b5,https://ee.linkedin.com/jobs/view/sales-manager-b2b-public-sector-part-time-at-caremate-4447374227,Sales Manager B2B & Public Sector | Part-time,,scraped,2026-08-05T20:23:05.510535,
c9d85fcf8f1d6746,https://ee.linkedin.com/jobs/view/gym-veeriku-at-fit24-ee-4449661596,Gym Veeriku,Fit24.ee,posted,2026-08-05T20:23:19.174126,879
42fea0c6a35daca2,https://ee.linkedin.com/jobs/view/senior-accountant-finnish-entity-oy-m-f-x-at-skeleton-technologies-4448108019,"Senior Accountant, Finnish Entity (OY) (m/f/x)",,scraped,2026-08-05T20:23:25.853196,
bcfeca6d633011d1,https://ee.linkedin.com/jobs/view/risk-manager-in-risk-data-and-monitoring-unit-seb-tallinn-at-seb-eesti-4446729276,"Risk Manager in Risk Data and Monitoring Unit | SEB, Tallinn",,scraped,2026-08-05T20:23:34.204224,
2c99b3488f6e550b,https://ee.linkedin.com/jobs/view/gym-%C3%BClenurme-at-fit24-ee-4449660518,Gym Ülenurme,Fit24.ee,posted,2026-08-05T20:23:47.669892,881
58d228bf6a70de2b,https://ee.linkedin.com/jobs/view/people-services-assistant-at-genius-sports-4447959296,People Services Assistant,,scraped,2026-08-05T20:23:50.273696,
b6f4f7cbec8c0080,https://ee.linkedin.com/jobs/view/treasury-specialist-at-fyst-4448607773,Treasury Specialist,,scraped,2026-08-05T20:24:02.515286,
de353cff8e03a2f2,https://ee.linkedin.com/jobs/view/senior-python-developer-at-supervisely-4449419420,Senior Python Developer,,scraped,2026-08-05T20:24:09.393603,
1e1da6244b96cbd8,https://ee.linkedin.com/jobs/view/gym-p%C3%A4rnu-at-fit24-ee-4449660513,Gym Pärnu,Fit24.ee,posted,2026-08-05T20:24:21.240140,883
38c7263f10742a7d,https://ee.linkedin.com/jobs/view/data-scientist-at-supervisely-4449423139,Data Scientist,,scraped,2026-08-05T20:24:25.825680,
877cc781f13c13b3,https://ee.linkedin.com/jobs/view/tour-leader-for-small-group-trips-english-french-at-teekonda-4442872374,Tour Leader for Small Group Trips | English & French,,scraped,2026-08-05T20:24:33.798933,
3e92a293e7070d2c,https://ee.linkedin.com/jobs/view/cee-gcp-cloud-account-executive-at-commit-4448000159,CEE GCP Cloud Account Executive,,scraped,2026-08-05T20:24:40.561090,
50bbbe356c3b0a7e,https://ee.linkedin.com/jobs/view/network-marketer-at-the-hive-traders-4444541761,Network Marketer,The Hive Traders,posted,2026-08-05T20:24:54.981997,885
6b2d9bbc49028b5c,https://ee.linkedin.com/jobs/view/t%C3%B6%C3%B6stusautomaatika-ja-k%C3%BCberturbe-projektijuht-at-viru-keemia-grupp-4444579918,TÖÖSTUSAUTOMAATIKA JA KÜBERTURBE PROJEKTIJUHT,,scraped,2026-08-05T20:24:57.502609,
dccb733ee777fcbc,https://ee.linkedin.com/jobs/view/%C3%B5igus%C3%BCksuse-juht-at-elektrilevi-4448310745,Õigusüksuse juht,,scraped,2026-08-05T20:25:04.746179,
878280d0e98430ff,https://ee.linkedin.com/jobs/view/traffic-engineer-at-bristol-city-council-4448643618,Traffic Engineer,,scraped,2026-08-05T20:25:17.663568,
82d0a3500f61c117,https://ee.linkedin.com/jobs/view/hr-analytics-officer-at-bristol-city-council-4449413000,HR Analytics Officer,,scraped,2026-08-05T20:25:24.847658,
e57bc2fae74d3d18,https://ee.linkedin.com/jobs/view/assistant-traffic-engineer-level-3-at-bristol-city-council-4448637834,Assistant Traffic Engineer - Level 3,,scraped,2026-08-05T20:25:32.062121,
7932abdb68d4ee68,https://ee.linkedin.com/jobs/view/m%C3%BC%C3%BCja-laot%C3%B6%C3%B6taja-t%C3%A4hesaju-jysk-at-jysk-baltics-4448304995,Müüja - laotöötaja Tähesaju JYSK,JYSK Baltics,posted,2026-08-05T20:25:51.219208,887
b41230ce2753e29d,https://ee.linkedin.com/jobs/view/head-of-performance-at-bolt-4439150315,Head of Performance,,scraped,2026-08-05T20:25:53.815853,
021275ea08b23ce8,https://ee.linkedin.com/jobs/view/product-operations-specialist-rides-at-bolt-4447661464,"Product Operations Specialist, Rides",,scraped,2026-08-05T20:26:00.601092,
b5027f0340197268,https://ee.linkedin.com/jobs/view/v%C3%A4imela-staadioni-v%C3%A4lij%C3%B5usaal-at-fit24-ee-4449659598,Väimela staadioni välijõusaal,Fit24.ee,posted,2026-08-05T20:26:13.971202,889
6a83567ac681c3a3,https://ee.linkedin.com/jobs/view/compliance-manager-eu-at-wise-4448511981,Compliance Manager - EU,,scraped,2026-08-05T20:26:16.611054,
54fc349a480375e2,https://ee.linkedin.com/jobs/view/principal-program-manager-ai-project-charter-at-bolt-4439989688,"Principal Program Manager, AI Project Charter",,scraped,2026-08-05T20:26:38.161557,
81db6955c3389008,https://ee.linkedin.com/jobs/view/laenuhaldur-at-international-personal-finance-plc-4447911228,Laenuhaldur,,scraped,2026-08-05T20:26:52.694505,
f33e834134cf518c,https://ee.linkedin.com/jobs/view/program-manager-operational-efficiency-at-bolt-4439864631,"Program Manager, Operational Efficiency",,scraped,2026-08-05T20:26:59.081582,
5631f0ab871fbad5,https://ee.linkedin.com/jobs/view/n%C3%B5o-reaalg%C3%BCmnaasiumi-j%C3%B5ulinnak-at-fit24-ee-4449663620,Nõo Reaalgümnaasiumi jõulinnak,Fit24.ee,posted,2026-08-05T20:27:14.071238,891
573ec14fe10d0245,https://ee.linkedin.com/jobs/view/microsoft-fabric-engineer-at-berrybytes-4448961445,Microsoft Fabric Engineer,,scraped,2026-08-05T20:27:18.790198,
7dbd9833cc52fb86,https://ee.linkedin.com/jobs/view/senior-sales-specialist-estonia-at-strategic-staffing-solutions-4447375128,Senior Sales Specialist | Estonia,Strategic Staffing Solutions,posted,2026-08-05T20:27:33.600973,893
019cba92c412cc7e,https://ee.linkedin.com/jobs/view/n%C3%B5mme-harku-terviserajad-at-fit24-ee-4449662643,Nõmme-Harku terviserajad,Fit24.ee,posted,2026-08-05T20:27:42.939970,895
5572a9d8c72a7bff,https://ee.linkedin.com/jobs/view/bdt-digital-ecosystem-consultant-roster-at-jobgether-4446989468,BDT Digital Ecosystem Consultant Roster,,scraped,2026-08-05T20:27:45.568797,
d7f956659576f498,https://ee.linkedin.com/jobs/view/senior-analyst-financial-control-at-checkout-com-4446675156,"Senior Analyst, Financial Control",,scraped,2026-08-05T20:27:55.985120,
5cd9553faf4c7547,https://ee.linkedin.com/jobs/view/qa-engineer-m-f-d-at-riverty-4448854032,QA Engineer (m/f/d),,scraped,2026-08-05T20:28:06.491810,
0bbf074806da870a,https://ee.linkedin.com/jobs/view/senior-product-manager-at-toptal-4448684381,Senior Product Manager,Toptal,posted,2026-08-05T20:28:21.958255,897
f4cfdb4a7b449f38,https://ee.linkedin.com/jobs/view/aml-ctf-and-sanctions-compliance-officer-mlro-at-wallester-4446210235,AML/CTF and Sanctions Compliance Officer / MLRO,,scraped,2026-08-05T20:28:26.533679,
246d1acd64940c6b,https://ee.linkedin.com/jobs/view/vp-finance-at-bluethrone-4448264931,VP Finance,,scraped,2026-08-05T20:28:34.082980,
2f360a965de2e3ec,https://ee.linkedin.com/jobs/view/ai-automation-engineer-at-tickmill-4400171556,AI Automation Engineer,,scraped,2026-08-05T20:28:48.323165,
4b5f4f3224261320,https://ee.linkedin.com/jobs/view/databricks-data-engineer-at-multitude-4445093398,Databricks Data Engineer,,scraped,2026-08-05T20:28:55.754794,
687e04078e551965,https://ee.linkedin.com/jobs/view/sales-advisor-20h-at-cos-4449485289,Sales Advisor 20h,COS,posted,2026-08-05T20:29:12.584772,899
236b31f6ce7c1442,https://ee.linkedin.com/jobs/view/energiakeskuste-hooldustehnik-p%C3%B5ltsamaa-l%C3%B5una-eesti-at-v%C3%A4rmev%C3%A4rden-ab-4448974821,"ENERGIAKESKUSTE HOOLDUSTEHNIK (Põltsamaa, Lõuna-Eesti)",,scraped,2026-08-05T20:29:15.234511,
16e9f3cda9e8b845,https://ee.linkedin.com/jobs/view/senior-backend-engineer-at-bolt-4439854823,Senior Backend Engineer,,scraped,2026-08-05T20:29:22.701355,
f003fd610ff48f47,https://ee.linkedin.com/jobs/view/kyc-operations-team-lead-deactivations-at-wise-4448529859,KYC Operations Team Lead - Deactivations,,scraped,2026-08-05T20:29:29.171029,
6e9dd1cf375740f3,https://ee.linkedin.com/jobs/view/maksu%C3%B5iguse-kogenud-jurist-n%C3%B5ustaja-v%C3%B5i-vandeadvokaat-at-sorainen-4447394446,"Maksuõiguse kogenud jurist, nõustaja või vandeadvokaat",,scraped,2026-08-05T20:29:42.908010,
8610a82fffc62ac6,https://ee.linkedin.com/jobs/view/lead-ruby-on-rails-software-engineer-at-alex-staff-4446601446,Lead Ruby on Rails Software Engineer,Alex Staff,posted,2026-08-05T20:29:55.106529,901
a158b989b293141c,https://ee.linkedin.com/jobs/view/senior-backend-engineer-node-js-go-at-bluethrone-4449110677,Senior Backend Engineer (Node.js & Go),,scraped,2026-08-05T20:29:57.793667,
40feb6890c1c1902,https://ee.linkedin.com/jobs/view/nooremprojektijuht-at-sparkup-tartu-science-park-4445079806,Nooremprojektijuht,,scraped,2026-08-05T20:30:10.121796,
8b3b59e4011ed22f,https://ee.linkedin.com/jobs/view/senior-cloudops-engineer-%E2%80%93-databases-at-wrike-4448966474,Senior CloudOps Engineer – Databases,Wrike,posted,2026-08-05T20:30:26.709901,903
094d7d32ecef7810,https://ee.linkedin.com/jobs/view/uute-autode-m%C3%BC%C3%BCgijuht-at-moller-auto-baltic-4449126075,Uute autode müügijuht,,scraped,2026-08-05T20:30:29.343303,
7e1700d74ced88d4,https://ee.linkedin.com/jobs/view/m%C3%BC%C3%BCgijuht-at-m-partner-hr-4446645166,Müügijuht,,scraped,2026-08-05T20:30:40.208266,
ac88e46b7cde9c32,https://ee.linkedin.com/jobs/view/pearaamatupidaja-at-everaus-kinnisvara-4444555130,Pearaamatupidaja,,scraped,2026-08-05T20:30:47.400342,
8515702d1a63a757,https://ee.linkedin.com/jobs/view/intra-company-risk-lead-at-wise-4439994718,Intra-Company Risk Lead,,scraped,2026-08-05T20:30:57.361445,
293381650e9a55bc,https://ee.linkedin.com/jobs/view/launch-manager-at-visual-business-school-4446768383,Launch Manager,Visual Business School,posted,2026-08-05T20:31:12.990818,905
2f3e113d25e4225d,https://ee.linkedin.com/jobs/view/insurance-lead-at-bolt-4439988702,Insurance Lead,,scraped,2026-08-05T20:31:15.656247,
508d984c4fb7fd1a,https://ee.linkedin.com/jobs/view/senior-ai-ml-engineer-ai-lead-at-tickmill-4441593008,Senior AI/ML Engineer (AI Lead),,scraped,2026-08-05T20:31:22.285772,
1ef802c092d1626b,https://ee.linkedin.com/jobs/view/senior-product-designer-rider-incentives-at-bolt-4448523663,"Senior Product Designer, Rider Incentives",,scraped,2026-08-05T20:31:29.771829,
ec08f24339db53eb,https://ee.linkedin.com/jobs/view/senior-software-engineer-python-react-at-trimble-inc-4378360655,Senior Software Engineer (Python/React),Trimble Inc.,posted,2026-08-05T20:31:43.407633,907
f13f3f58d32abf35,https://ee.linkedin.com/jobs/view/opensearch-engineer-aws-data-pipelines-at-ruby-labs-4447066941,OpenSearch Engineer / AWS & Data Pipelines,Ruby Labs,posted,2026-08-05T20:31:54.947898,909
7e02a1c0b076f57f,https://ee.linkedin.com/jobs/view/compliance-manager-at-ipf-digital-4449629554,Compliance Manager,,scraped,2026-08-05T20:31:57.567525,
bd241c03f87d8079,https://ee.linkedin.com/jobs/view/knowledge-management-specialist-professional-at-hitachi-energy-4447024702,Knowledge Management Specialist Professional,,scraped,2026-08-05T20:32:04.946561,
30f2364a6f9b6dd7,https://ee.linkedin.com/jobs/view/%C3%BChingu%C3%B5iguse-jurist-advokaat-at-sorainen-4447391065,Ühinguõiguse jurist / advokaat,,scraped,2026-08-05T20:32:11.449880,
d8ed5260197ad305,https://ee.linkedin.com/jobs/view/senior-cloud-engineer-at-haystack-4448999058,Senior Cloud Engineer,,scraped,2026-08-05T20:32:22.658346,
619fe1a3158d0737,https://ee.linkedin.com/jobs/view/q226-integration-success-engineer-at-wise-4448284270,Q226 Integration Success Engineer,,scraped,2026-08-05T20:32:30.445481,
7c2a29d08c966fb2,https://ee.linkedin.com/jobs/view/employment-lifecycle-management-lead-at-konecranes-4437657955,Employment Lifecycle Management Lead,Konecranes,posted,2026-08-05T20:32:43.736908,557
0533f2cfc23ad6d1,https://ee.linkedin.com/jobs/view/third-party-risk-management-specialist-fixed-term-contract-at-wise-4446780518,Third Party Risk Management Specialist (Fixed term contract),,scraped,2026-08-05T20:32:46.377569,
867486866f1d1c50,https://ee.linkedin.com/jobs/view/senior-software-engineer-i-fincrime-requests-at-wise-4429320494,Senior Software Engineer I - Fincrime Requests,,scraped,2026-08-05T20:32:53.883695,
fe4cc3ad8e614dc9,https://ee.linkedin.com/jobs/view/senior-software-engineer-generative-ai-platform-at-wise-4430557709,Senior Software Engineer - Generative AI Platform,,scraped,2026-08-05T20:33:05.719501,
362106627b65ff9f,https://ee.linkedin.com/jobs/view/k%C3%BCberturbe-tootejuht-at-elisa-eesti-as-4446226078,Küberturbe tootejuht,,scraped,2026-08-05T20:33:13.425854,
fd7f89a2db397b97,https://ee.linkedin.com/jobs/view/scoro-at-inventure-4450042611,SCORO,,scraped,2026-08-07T15:41:23.616001,
7220385ac36bc3ef,https://ee.linkedin.com/jobs/view/elwa-application-process-at-east-london-waste-authority-4449637617,ELWA Application Process,East London Waste Authority,posted,2026-08-07T15:41:42.405453,911
53dd294c6e5914f2,https://ee.linkedin.com/jobs/view/nina-at-goska-management-4448960509,NINA,Goska Management,posted,2026-08-07T15:41:51.518830,913
40432e4025410831,https://ee.linkedin.com/jobs/view/exams-officer%0Aedv-2026-cvc-66622-at-st-ivo-academy-4448751399,"Exams Officer
EDV/2026/CVC/66622",St Ivo Academy,posted,2026-08-07T15:42:02.635612,915
bff96621f0fd4b43,https://ee.linkedin.com/jobs/view/exams-officer%0Aedv-2026-cvc-66622-at-ernulf-academy-4448144104,"Exams Officer
EDV/2026/CVC/66622",Ernulf Academy,posted,2026-08-07T15:42:14.944092,917
c3b6b108449239f6,https://ee.linkedin.com/jobs/view/lingvist-at-inventure-4450058033,LINGVIST,,scraped,2026-08-07T15:42:17.643051,
a06644d0561829dc,https://ee.linkedin.com/jobs/view/haabersti-at-fit24-ee-4449651712,Haabersti,Fit24.ee,posted,2026-08-07T15:42:34.591446,919
00e4b21608e28e8f,https://ee.linkedin.com/jobs/view/%D0%BE%D0%BF%D0%B5%D1%80%D0%B0%D1%82%D0%BE%D1%80-%D1%82%D0%B5%D1%85%D0%BD%D0%BE%D0%BB%D0%BE%D0%B3-at-paulig-group-4446619974,Оператор-технолог,,scraped,2026-08-07T15:42:37.343382,
c9f47efeecd786b3,https://ee.linkedin.com/jobs/view/infection-prevention-specialist-at-disinfectwell-4449053469,Infection Prevention Specialist,DisinfectWell,posted,2026-08-07T15:42:51.356568,921
9120b2fe1b936329,https://ee.linkedin.com/jobs/view/wfm-capacity-planning-analyst-at-wise-4440763283,WFM Capacity Planning Analyst,,scraped,2026-08-07T15:42:53.955411,
037dc7fd388d0203,https://ee.linkedin.com/jobs/view/pulberv%C3%A4rviliini-operaator-at-harju-elekter-estonia-4450328801,Pulbervärviliini operaator,,scraped,2026-08-07T15:43:01.681937,
13b8ae0d275ea672,https://ee.linkedin.com/jobs/view/shop-employee-m-f-d-at-flix-4440543955,Shop Employee (m/f/d),,scraped,2026-08-07T15:43:10.410229,
1e9c2e4fd65c2baf,https://ee.linkedin.com/jobs/view/deployment-strategist-at-sulemon-4448809653,Deployment Strategist,Sulemon,posted,2026-08-07T15:43:26.294574,923
3afc25a055676a61,https://ee.linkedin.com/jobs/view/personalispetsialist-at-coop-eesti-4448728927,Personalispetsialist,,scraped,2026-08-07T15:43:28.858534,
354f00f704515cf6,https://ee.linkedin.com/jobs/view/level-designer-at-ludaxis-io-4450604100,Level Designer,,scraped,2026-08-07T15:43:36.382460,
a3135454e0f69ed2,https://ee.linkedin.com/jobs/view/meediaspetsialist-at-carat-4447992997,Meediaspetsialist,,scraped,2026-08-07T15:43:46.398058,
f9b24e02b943811a,https://ee.linkedin.com/jobs/view/m%C3%BC%C3%BCja-laot%C3%B6%C3%B6taja-j%C3%A4rve-jysk-at-jysk-baltics-4447552597,Müüja - laotöötaja Järve JYSK,JYSK Baltics,posted,2026-08-07T15:44:02.400344,925
cae7a2c7ed35772d,https://ee.linkedin.com/jobs/view/%D0%BD%D0%B0%D1%87%D0%B0%D0%BB%D1%8C%D0%BD%D0%B8%D0%BA-%D0%BE%D1%82%D0%B4%D0%B5%D0%BB%D0%B0-%D0%BF%D0%BE-%D1%81%D0%B8%D1%81%D1%82%D0%B5%D0%BC%D0%B0%D0%BC-%D1%83%D0%BF%D1%80%D0%B0%D0%B2%D0%BB%D0%B5%D0%BD%D0%B8%D1%8F-%D1%82%D0%B5%D1%85%D0%BD%D0%B8%D0%BA%D0%BE%D0%B9-%D0%B1%D0%B5%D0%B7%D0%BE%D0%BF%D0%B0%D1%81%D0%BD%D0%BE%D1%81%D1%82%D0%B8-09-11-2023-at-kaz-project-operating-llp-4448707179,Начальник отдела по системам управления техникой безопасности (09.11.2023),Kaz Project Operating LLP,posted,2026-08-07T15:44:20.950772,927
0450cbe70042d7a9,https://ee.linkedin.com/jobs/view/otsime-professionaalset-eesti-keele-v%C3%B5%C3%B5rkeelena-%C3%B5petajat-at-teel-tippu-o%C3%BC-4448413313,Otsime professionaalset eesti keele võõrkeelena õpetajat,,scraped,2026-08-07T15:44:23.637814,
9d023a3941b813f3,https://ee.linkedin.com/jobs/view/manager-quality-site-at-freudenberg-sealing-technologies-4450612594,Manager Quality Site,,scraped,2026-08-07T15:44:42.158850,
13f14a55b99153cc,https://ee.linkedin.com/jobs/view/crm-manager-at-welltech-4448889222,CRM Manager,,scraped,2026-08-07T15:44:50.169837,
fa3c6466284918c1,https://ee.linkedin.com/jobs/view/project-manager-%E2%80%93-tallinn-estonia-at-emarine-4448097327,"Project Manager – Tallinn, Estonia",,scraped,2026-08-07T15:44:56.452503,
a490166f5e0f7ca4,https://ee.linkedin.com/jobs/view/medical-affairs-coordinator-at-psi-cro-4447303011,Medical Affairs Coordinator,,scraped,2026-08-07T15:45:09.498501,
dad5dadab3869d93,https://ee.linkedin.com/jobs/view/exploration-focused-innovation-lead-seb-tartu-at-seb-eesti-4448832962,"Exploration-Focused Innovation Lead | SEB, Tartu",,scraped,2026-08-07T15:45:17.396745,
6c9f05dd993e12fa,https://ee.linkedin.com/jobs/view/sales-consultant-at-signature-tailoring-4448003058,Sales Consultant,,scraped,2026-08-07T15:45:24.675428,
9eb33cf37b39d82d,https://ee.linkedin.com/jobs/view/tehnik-mehaanik-talliinn-harjumaa-at-baltic-industrial-4449465155,"Tehnik-mehaanik (Talliinn, Harjumaa)",,scraped,2026-08-07T15:45:33.089879,
f68720b76bb801b4,https://ee.linkedin.com/jobs/view/assistant-professor-ee-at-iimt-university-greater-noida-campus-4449667107,Assistant Professor (EE),IIMT University Greater Noida Campus,posted,2026-08-07T15:45:49.415432,929
269e115b94bcab0a,https://ee.linkedin.com/jobs/view/%C3%BC%C3%BCrimajade-portfellijuht-at-lumi-capital-4446626530,Üürimajade portfellijuht,,scraped,2026-08-07T15:45:52.037892,
2322b46a4ce7b677,https://ee.linkedin.com/jobs/view/s%C3%BCsteemiarhitekt-at-kapo-estonian-internal-security-service-4448855447,Süsteemiarhitekt,KAPO / Estonian Internal Security Service,posted,2026-08-07T15:46:08.493223,931
c51f8c285d7698ce,https://ee.linkedin.com/jobs/view/product-marketing-manager-at-scoro-4448518508,Product Marketing Manager,,scraped,2026-08-07T15:46:11.105040,
cae3c4d61f75628c,https://ee.linkedin.com/jobs/view/production-engineer-at-defsecintel-solutions-4449398404,Production Engineer,,scraped,2026-08-07T15:46:17.885822,
bc6abd6595110c31,https://ee.linkedin.com/jobs/view/maksete-osakonna-%C3%A4rianal%C3%BC%C3%BCtik-at-bigbank-4449667284,Maksete osakonna ärianalüütik,,scraped,2026-08-07T15:46:24.466622,
c243df6d60282171,https://ee.linkedin.com/jobs/view/uav-remote-pilot-senior-position-at-uav-talent-4448850692,UAV Remote Pilot (Senior Position),,scraped,2026-08-07T15:46:38.376603,
9e5b733a92a484cf,https://ee.linkedin.com/jobs/view/engineering-manager-channels-platform-at-siena-ai-4449033921,"Engineering Manager, Channels & Platform",Siena AI,posted,2026-08-07T15:46:53.204136,933
4b2b25eccf63f765,https://ee.linkedin.com/jobs/view/compliance-manager-at-international-personal-finance-plc-4449109563,Compliance Manager,,scraped,2026-08-07T15:46:55.788006,
c37746bdf34dbc0d,https://ee.linkedin.com/jobs/view/technical-customer-success-manager-at-modash-4449204122,Technical Customer Success Manager,,scraped,2026-08-07T15:47:02.146493,
73238f8ab7cfa067,https://ee.linkedin.com/jobs/view/v%C3%B5rguteenuste-tootejuht-at-elisa-eesti-as-4446219168,Võrguteenuste tootejuht,,scraped,2026-08-07T15:47:11.186205,
c01a5bd10299b797,https://ee.linkedin.com/jobs/view/project-manager-at-cgi-4449059159,Project Manager,,scraped,2026-08-07T15:47:18.483604,
cf78d478dea2a2d0,https://ee.linkedin.com/jobs/view/engineering-manager-at-toptal-4450688951,Engineering Manager,Toptal,posted,2026-08-07T15:47:30.458318,935
e49bcef14a419d68,https://ee.linkedin.com/jobs/view/sports-customer-support-analyst-at-genius-sports-4448987741,Sports Customer Support Analyst,,scraped,2026-08-07T15:47:37.102633,
ddc9e3f79f76e79f,https://ee.linkedin.com/jobs/view/head-of-sales-at-smartposti-4448093692,Head of Sales,,scraped,2026-08-07T15:47:47.572370,
ec41df5d79539148,https://ee.linkedin.com/jobs/view/roleo-at-inventure-4450047571,ROLEO,,scraped,2026-08-07T15:47:56.277825,
f2c7923a1bc82b4e,https://ee.linkedin.com/jobs/view/jobbatical-at-inventure-4450050447,JOBBATICAL,,scraped,2026-08-07T15:48:03.097763,
8b2065d98215b5b8,https://ee.linkedin.com/jobs/view/pirita-rannalinnak-at-fit24-ee-4449647690,Pirita rannalinnak,Fit24.ee,posted,2026-08-07T15:48:16.421863,937
860189c9a1afd5d1,https://ee.linkedin.com/jobs/view/antsla-j%C3%B5ulinnak-at-fit24-ee-4449663604,Antsla jõulinnak,Fit24.ee,posted,2026-08-07T15:48:26.062618,939
c6e05a3a575c1c7b,https://ee.linkedin.com/jobs/view/harku-ranna-j%C3%B5ulinnak-at-fit24-ee-4449647685,Harku ranna jõulinnak,Fit24.ee,posted,2026-08-07T15:48:35.295150,941
944a3c0eb1c51968,https://ee.linkedin.com/jobs/view/m%C3%B6ldre-tee-33-at-fit24-ee-4449646804,Möldre tee 33,Fit24.ee,posted,2026-08-07T15:48:44.517570,943
a6aaeda486f40fe8,https://ee.linkedin.com/jobs/view/lepna-j%C3%B5ulinnak-at-fit24-ee-4449649685,Lepna jõulinnak,Fit24.ee,posted,2026-08-07T15:48:53.726830,945
45898b45ed0bcc0d,https://ee.linkedin.com/jobs/view/m%C3%B5isak%C3%BCla-j%C3%B5ulinnak-at-fit24-ee-4449667429,Mõisaküla jõulinnak,Fit24.ee,posted,2026-08-07T15:49:03.383423,947
5e585b0953b424e5,https://ee.linkedin.com/jobs/view/s%C3%B5meru-j%C3%B5ulinnak-at-fit24-ee-4449662549,Sõmeru jõulinnak,Fit24.ee,posted,2026-08-07T15:49:14.742006,949
8ba2e222bb4a48f5,https://ee.linkedin.com/jobs/view/peetri-spordiplats-at-fit24-ee-4449647720,Peetri spordiplats,Fit24.ee,posted,2026-08-07T15:49:24.015111,951
b25ffaaf0f94d63c,https://ee.linkedin.com/jobs/view/elva-spordipark-at-fit24-ee-4449665520,Elva spordipark,Fit24.ee,posted,2026-08-07T15:49:34.715131,953
6ae500d4b01522b6,https://ee.linkedin.com/jobs/view/myfitness-j%C3%A4rve-at-fit24-ee-4449663578,MyFitness Järve,Fit24.ee,posted,2026-08-07T15:49:43.614934,955
93c162286a03ec9d,https://ee.linkedin.com/jobs/view/p%C3%A4rnu-raja-ujula-at-fit24-ee-4449645690,Pärnu Raja Ujula,Fit24.ee,posted,2026-08-07T15:49:51.820232,957
d9f693de64208ebc,https://ee.linkedin.com/jobs/view/gym-%C3%B5ism%C3%A4e-at-fit24-ee-4449664523,Gym Õismäe,Fit24.ee,posted,2026-08-07T15:50:00.675542,959
56c24ab7e273f88f,https://ee.linkedin.com/jobs/view/senior-recruiter-at-bolt-4440241016,Senior Recruiter,,scraped,2026-08-07T15:50:05.657988,
23ddf5cf2db1ac3a,https://ee.linkedin.com/jobs/view/digital-workplace-engineer-at-wise-4440675347,Digital Workplace Engineer,,scraped,2026-08-07T15:50:14.098185,
f58188a4c5678509,https://ee.linkedin.com/jobs/view/osakonna-vastutav-haabersti-jysk-vanemapuhkuse-asendus-at-jysk-baltics-4450223741,Osakonna vastutav - Haabersti  JYSK (vanemapuhkuse asendus),JYSK Baltics,posted,2026-08-07T15:50:39.017102,961
910e615800c0e534,https://ee.linkedin.com/jobs/view/warehouse-supervisor-at-ericsson-4447913432,Warehouse Supervisor,,scraped,2026-08-07T15:50:41.645948,
599ce3cfaa01f796,https://ee.linkedin.com/jobs/view/data-engineer-at-playtech-4447372523,Data Engineer,,scraped,2026-08-07T15:50:48.217845,
34f5673f5329e7bf,https://ee.linkedin.com/jobs/view/professor-ee-at-iimt-university-greater-noida-campus-4449664250,Professor (EE),IIMT University Greater Noida Campus,posted,2026-08-07T15:51:01.390749,963
93b2329017864674,https://ee.linkedin.com/jobs/view/technical-support-engineer-enterprise-at-wise-4448284270,Technical Support Engineer (Enterprise),,scraped,2026-08-07T15:51:03.996761,
60b986726515a7c9,https://ee.linkedin.com/jobs/view/dlp-security-engineer-at-bolt-4450350003,DLP Security Engineer,,scraped,2026-08-07T15:51:11.899661,
867a36b33abf9620,https://ee.linkedin.com/jobs/view/senior-product-manager-finance-at-bolt-4432952977,"Senior Product Manager, Finance",,scraped,2026-08-07T15:51:18.276260,
4c0211206ded9fe5,https://ee.linkedin.com/jobs/view/senior-product-manager-marketplace-balancing-at-bolt-4432966179,"Senior Product Manager, Marketplace Balancing",,scraped,2026-08-07T15:51:30.831152,
9830022dcea11ca8,https://ee.linkedin.com/jobs/view/it-support-specialist-m-f-d-at-riverty-4450719217,IT Support Specialist (m/f/d),,scraped,2026-08-07T15:51:37.266865,
a7774073a56ac961,https://ee.linkedin.com/jobs/view/associate-marketing-science-at-dentsu-4447161226,Associate - Marketing Science,,scraped,2026-08-07T15:51:44.231325,
9db0fe738a51b27a,https://ee.linkedin.com/jobs/view/estonian-speaking-sales-agent-calling-service-at-fontakt-4450306276,Estonian Speaking Sales Agent (Calling service),,scraped,2026-08-07T15:51:52.200534,
760548c19ae22706,https://ee.linkedin.com/jobs/view/senior-marketing-strategist-at-capslock-4449665525,Senior Marketing Strategist,,scraped,2026-08-07T15:52:00.274117,
83824bb2b335992c,https://ee.linkedin.com/jobs/view/senior-product-operations-specialist-savings-investments-at-wise-4449379841,Senior Product Operations Specialist (Savings & Investments),,scraped,2026-08-07T15:52:08.457333,
76b1c24634f2da14,https://ee.linkedin.com/jobs/view/technical-support-manager-at-dott-telecom-o%C3%BC-4448437355,Technical Support Manager,,scraped,2026-08-07T15:52:16.336816,
064878eebc0195bd,https://ee.linkedin.com/jobs/view/kliendianal%C3%BC%C3%BCtik-korporatiivpanganduse-osakonnas-seb-tallinn-at-seb-eesti-4450212568,"Kliendianalüütik Korporatiivpanganduse osakonnas| SEB, Tallinn",,scraped,2026-08-07T15:52:26.116501,
ead1ab046b6a225a,https://ee.linkedin.com/jobs/view/data-architect-at-ericsson-4448552305,Data Architect,,scraped,2026-08-07T15:52:35.000432,
7600ff049dbf6479,https://ee.linkedin.com/jobs/view/senior-affiliate-manager-dating-web-at-jobgether-4448980194,"Senior Affiliate Manager (Dating, Web)",,scraped,2026-08-07T15:52:41.322895,
72aa0388207586e8,https://ee.linkedin.com/jobs/view/product-engineer-at-r8-technologies-4448779638,PRODUCT ENGINEER,,scraped,2026-08-07T15:52:47.560677,
c70edc8c7adbd1e9,https://ee.linkedin.com/jobs/view/sales-representative-at-sataklela-o%C3%BC-at-jack-jill-4450324775,Sales Representative at Sataklela OÜ,Jack & Jill,posted,2026-08-07T15:53:01.111617,965
c25ce71398df5305,https://ee.linkedin.com/jobs/view/sildade-ja-rajatiste-projekteerija-at-selektor-projekt-4446640208,sildade ja rajatiste projekteerija,,scraped,2026-08-07T15:53:05.697277,
68935d810a33880f,https://ee.linkedin.com/jobs/view/%C3%B5igus-ja-vastavuskontrolli-juht-at-arco-vara-as-4448027689,Õigus- ja vastavuskontrolli juht,,scraped,2026-08-07T15:53:12.839582,
3a72e1d6d4b011a2,https://ee.linkedin.com/jobs/view/python-developer-3d-point-cloud-at-supervisely-4449406720,"Python Developer, 3D Point Cloud",,scraped,2026-08-07T15:53:20.839374,
e3a8530cf1baf3f6,https://ee.linkedin.com/jobs/view/technical-sales-engineer-at-powerup-energy-technologies-4446641439,Technical Sales Engineer,,scraped,2026-08-07T15:53:29.029120,
90f4164dd40ad75f,https://ee.linkedin.com/jobs/view/head-of-customer-operations-at-samsung-food-4450620217,Head of Customer Operations,Samsung Food,posted,2026-08-07T15:53:55.141371,967
e860e5b32d687a45,https://ee.linkedin.com/jobs/view/%C3%A4riarenduse-ja-projektijuht-at-elektrilevi-4449661439,Äriarenduse- ja projektijuht,,scraped,2026-08-07T15:53:59.748157,
36561e02eb870858,https://ee.linkedin.com/jobs/view/google-cloud-platform-architect-remote-work-at-bairesdev-4447992681,Google Cloud Platform Architect - Remote Work,BairesDev,posted,2026-08-07T15:54:09.056166,849
35f924d6e1ce3b5f,https://ee.linkedin.com/jobs/view/staff-design-engineer-eu-at-ashby-4403618578,Staff Design Engineer - EU,Ashby,posted,2026-08-07T15:54:21.360684,969
163ed3c305623533,https://ee.linkedin.com/jobs/view/mobile-qa-engineer-at-bluethrone-4448758883,Mobile QA Engineer,,scraped,2026-08-07T15:54:24.035800,
64e12e99efca8516,https://ee.linkedin.com/jobs/view/senior-product-manager-fraud-and-compliance-at-remote-4444955157,"Senior Product Manager, Fraud and Compliance",Remote,posted,2026-08-07T15:54:35.280973,971
42bcdc61f97265fa,https://ee.linkedin.com/jobs/view/tech-support-at-spectrum-new-beginnings-4448595347,Tech Support,Spectrum New Beginnings,posted,2026-08-07T15:54:45.506084,973
82e35e69889b475d,https://ee.linkedin.com/jobs/view/lead-go-developer-at-andersen-lab-4450729145,Lead Go Developer,,scraped,2026-08-07T15:54:48.146558,
03ee118ec08a5169,https://ee.linkedin.com/jobs/view/electronics-development-engineer-at-stoneridge-4441480892,Electronics Development Engineer,Stoneridge,posted,2026-08-07T15:55:03.182315,975
65bbfe19a54dac0f,https://ee.linkedin.com/jobs/view/desktop-support-engineer-at-tech-zone-llc-4446627873,Desktop Support Engineer,Tech Zone LLC,posted,2026-08-07T15:55:09.905661,202
7a1b4a9c1997ee31,https://ee.linkedin.com/jobs/view/turunduse-graafiline-disainer-at-bauhof-group-as-4448886997,Turunduse graafiline disainer,Bauhof Group AS,posted,2026-08-07T15:55:18.950213,977
73dd2aa28f50e144,https://ee.linkedin.com/jobs/view/senior-data-engineer-at-breakwater-technology-4448845549,Senior Data Engineer,,scraped,2026-08-07T15:55:25.703613,
82555f004c9f12bc,https://ee.linkedin.com/jobs/view/face-deduplication-collection-freelance-at-telus-digital-ai-data-solutions-4448892682,Face Deduplication Collection (Freelance),TELUS Digital AI Data Solutions,posted,2026-08-07T15:55:38.659014,979
e453a81af5e984d9,https://ee.linkedin.com/jobs/view/senior-principal-statistical-programmer-with-r-fsp-remote-at-cytel-4431847881,Senior/Principal Statistical Programmer with R (FSP Remote),Cytel,posted,2026-08-07T15:55:48.462735,981
a7a645b942f89f25,https://ee.linkedin.com/jobs/view/face-deduplication-collection-freelance-at-telus-digital-ai-data-solutions-4446657292,Face Deduplication Collection (Freelance),TELUS Digital AI Data Solutions,posted,2026-08-07T15:55:55.189659,979
9c1bf7aeb3b74342,https://ee.linkedin.com/jobs/view/cross-border-customer-manager-dutch-speaker-at-bigbank-4447540559,Cross-Border Customer Manager (Dutch speaker),,scraped,2026-08-07T15:55:59.825879,
01fd6e7344fbe4a0,https://ee.linkedin.com/jobs/view/senior-it-operations-engineer-remote-saas-at-publitas-com-4449934246,Senior IT Operations Engineer (Remote / SaaS ),,scraped,2026-08-07T15:56:07.959604,
ddcc917c90fde897,https://ee.linkedin.com/jobs/view/presenter-%E2%80%93-estonian-b2b-ad-videos-at-twine-4446618978,Presenter – Estonian B2B Ad Videos,,scraped,2026-08-07T15:56:14.361927,
6e1d00b1a6109eaa,https://ee.linkedin.com/jobs/view/senior-full-stack-engineer-at-mwdn-4449750496,Senior Full Stack Engineer,MWDN,posted,2026-08-07T15:56:34.543782,983
8fbc19aedcad45ba,https://ee.linkedin.com/jobs/view/go-backend-engineer-russian-speaking-at-stb-union-4448068421,Go Backend Engineer (Russian speaking),,scraped,2026-08-07T15:56:37.210321,
cba0548cee009b0d,https://ee.linkedin.com/jobs/view/social-media-content-intern-unpaid-internship-at-soily-world-4448090282,Social Media & Content Intern (Unpaid internship),,scraped,2026-08-07T15:56:45.619237,
76b78b13bdff8d18,https://ee.linkedin.com/jobs/view/chercheur-postdoctoral-h-f-%E2%80%93-r%C3%B4le-des-sucres-dans-l-%C3%A9tablissement-et-le-maintien-de-la-symbiose-entre-les-poissons-clowns-et-les-an%C3%A9mones-de-mer-at-cnrs-centre-est-4448751044,Chercheur postdoctoral (H/F) – Rôle des sucres dans l'établissement et le maintien de la symbiose entre les poissons-clowns et les anémones de mer,,scraped,2026-08-07T15:56:53.093548,
90e6fba6f572c5bd,https://ee.linkedin.com/jobs/view/assistant-property-manager-affordable-at-evergreen-real-estate-group-4449964223,Assistant Property Manager - Affordable,Evergreen Real Estate Group,posted,2026-08-07T15:57:02.570565,639
db6b4d6f648f1790,https://ee.linkedin.com/jobs/view/software-developer-internship-at-ai-eesti-4449460397,Software Developer Internship,,scraped,2026-08-07T15:57:05.210803,
1bb7f276a3bb92a4,https://ee.linkedin.com/jobs/view/senior-marketing-data-analyst-at-welltech-4450694795,Senior Marketing Data Analyst,,scraped,2026-08-07T15:57:13.819642,
63155f739f2310bf,https://ee.linkedin.com/jobs/view/polish-speaking-customer-service-representative-onsite-in-lisbon-portugal-at-ww-talents-4446268779,"Polish-Speaking Customer Service Representative | Onsite in Lisbon, Portugal",WW Talents,posted,2026-08-07T15:57:28.320837,985
afc6638d73b696d9,https://ee.linkedin.com/jobs/view/principal-software-engineer-%E2%80%93-microscopy-data-management-cloud-platform-at-revvity-4383462511,Principal Software Engineer – Microscopy Data Management & Cloud Platform,Revvity,posted,2026-08-07T15:57:36.100522,987
dfe33c18de7463e8,https://ee.linkedin.com/jobs/view/senior-game-developer-game-feel-paper-io2-at-voodoo-4422480054,Senior Game Developer (Game Feel) - Paper.io2,,scraped,2026-08-07T15:57:38.773713,
80c9629397098576,https://ee.linkedin.com/jobs/view/kyc-operations-senior-analyst-deactivations-at-wise-4448532215,KYC Operations Senior Analyst - Deactivations,,scraped,2026-08-07T15:57:45.104166,
273a837189c97c73,https://ee.linkedin.com/jobs/view/senior-growth-strategy-analyst-automation-ai-at-bolt-4432973061,"Senior Growth Strategy Analyst, Automation & AI",,scraped,2026-08-07T15:57:52.835662,
6d1d26a777d4197d,https://ee.linkedin.com/jobs/view/principal-program-manager-driver-marketplace-operations-at-bolt-4439989691,"Principal Program Manager, Driver & Marketplace Operations",,scraped,2026-08-07T15:57:59.456306,
aabac4cafce5ec44,https://ee.linkedin.com/jobs/view/senior-product-designer-b2b-web-at-bolt-4450647014,"Senior Product Designer, B2B Web",,scraped,2026-08-07T15:58:11.858280,
091f03f5725506b0,https://ee.linkedin.com/jobs/view/frontend-developer-vue-js-webgl-at-supervisely-4449419417,"Frontend Developer (Vue.js, WebGL)",,scraped,2026-08-07T15:58:20.262359,
2b5f29467569f627,https://ee.linkedin.com/jobs/view/ai-driven-software-engineer-at-nortal-4426317897,AI-Driven Software Engineer,,scraped,2026-08-07T15:58:26.194347,
0e739594dfe1d29b,https://ee.linkedin.com/jobs/view/quality-assurance-engineer-engineering-lending-department-at-luminor-group-4449644813,Quality Assurance Engineer (Engineering Lending Department),Luminor Group,posted,2026-08-07T15:58:45.552996,989
395c8d860b9d9d61,https://ee.linkedin.com/jobs/view/software-engineer-ios-at-luminor-group-4441462102,Software Engineer (iOS),Luminor Group,posted,2026-08-07T15:59:01.821857,991
82b2111a4f9d477a,https://ee.linkedin.com/jobs/view/software-engineer-android-at-luminor-group-4441455361,Software Engineer (Android),Luminor Group,posted,2026-08-07T15:59:18.045120,993
4baec7347bba5453,https://ee.linkedin.com/jobs/view/ai-creative-designer-at-jobgether-4449392373,AI Creative Designer,,scraped,2026-08-07T15:59:21.032446,
7b5f9195b1bd1c25,https://ee.linkedin.com/jobs/view/notion-expert-project-based-at-jobgether-4448967979,Notion Expert (Project-Based),,scraped,2026-08-07T15:59:31.427393,
c4991b65f259d52e,https://ee.linkedin.com/jobs/view/senior-software-engineer-product-engineering-eu-at-ashby-4403610719,"Senior Software Engineer, Product Engineering - EU",Ashby,posted,2026-08-07T15:59:42.472349,995
89d21d31b43f68e5,https://ee.linkedin.com/jobs/view/senior-professional-services-consultant-german-at-wrike-4449475060,Senior Professional Services Consultant- German,Wrike,posted,2026-08-07T15:59:50.869003,997
6a9d1f279758c68e,https://ee.linkedin.com/jobs/view/senior-software-engineer-data-platform-at-luminor-group-4365125385,Senior Software Engineer (Data Platform),Luminor Group,posted,2026-08-07T16:00:09.322466,999
9bf59cb71e7e5be9,https://ee.linkedin.com/jobs/view/accounting-manager-bangkok-based-relocation-provided-at-agoda-4448833602,Accounting Manager (Bangkok Based - Relocation Provided),Agoda,posted,2026-08-07T16:00:24.754284,1001
9cbce3d3dd9ea507,https://ee.linkedin.com/jobs/view/raamatupidaja-at-exmet-group-4448971743,Raamatupidaja,,scraped,2026-08-09T15:18:07.807356,
57fa49091a487179,https://ee.linkedin.com/jobs/view/haldusspetsialist-at-lhv-4450722662,Haldusspetsialist,,scraped,2026-08-09T15:18:30.310661,
9bea6be9a8d32c4a,https://ee.linkedin.com/jobs/view/database-administrator-ms-sql-server-at-playtech-4448846125,Database Administrator (MS SQL Server),,scraped,2026-08-09T15:18:42.776056,
f722f0c3cf7dd741,https://ee.linkedin.com/jobs/view/hr-and-office-manager-at-solis-biodyne-4449223249,HR and Office Manager,,scraped,2026-08-09T15:18:49.085492,
3eca40b5b203fd07,https://ee.linkedin.com/jobs/view/kasutatud-autode-m%C3%BC%C3%BCgikonsultant-at-moller-auto-baltic-4450380038,Kasutatud autode müügikonsultant,,scraped,2026-08-09T15:18:56.776191,
7a6c9deb91affdf1,https://ee.linkedin.com/jobs/view/engineering-manager-eu-at-ashby-4403600804,Engineering Manager - EU,Ashby,posted,2026-08-09T15:19:12.876027,1003
ef23379e4eebfbc6,https://ee.linkedin.com/jobs/view/kommunikatsioonipartner-at-harju-elekter-estonia-4446641404,Kommunikatsioonipartner,,scraped,2026-08-09T15:19:19.541511,
ec94c8d45eb83aba,https://ee.linkedin.com/jobs/view/kommunikatsiooni-ja-turunduse-assistent-t%C3%A4htajaline-at-estonian-aviation-academy-4446201240,KOMMUNIKATSIOONI JA TURUNDUSE ASSISTENT (tähtajaline),Estonian Aviation Academy,posted,2026-08-09T15:19:44.014834,1005
94bc865e42ea394f,https://ee.linkedin.com/jobs/view/huum-grupp-otsib-personalijuhti-at-type4work-4450206339,HUUM Grupp otsib personalijuhti,,scraped,2026-08-09T15:19:46.575401,
69bcb93ee081e639,https://ee.linkedin.com/jobs/view/plant-director-at-grafton-recruitment-4450314262,Plant Director,,scraped,2026-08-09T15:19:55.385458,
b04f0bcc6a8c4a12,https://ee.linkedin.com/jobs/view/data-engineer-at-bigbank-4450723695,Data Engineer,,scraped,2026-08-09T15:20:03.260529,
2e5a170c224fe4e9,https://ee.linkedin.com/jobs/view/vanemlaot%C3%B6%C3%B6taja-0-75-koormusega-at-thumbprint-coaching-inc-4449122147,"Vanemlaotöötaja (0,75 koormusega)","Thumbprint Coaching, Inc.",posted,2026-08-09T15:20:30.899134,1007
59f18224d3eaa17d,https://ee.linkedin.com/jobs/view/operations-and-maintenance-engineer-f-m-d-at-ignitis-group-4446734730,OPERATIONS AND MAINTENANCE ENGINEER (F/M/D),,scraped,2026-08-09T15:20:33.493976,
8a7e98050b8450a1,https://ee.linkedin.com/jobs/view/game-mathematician-developer-at-3-oaks-gaming-4450245095,Game Mathematician/Developer,,scraped,2026-08-09T15:20:42.315978,
cd43152946b31ee5,https://ee.linkedin.com/jobs/view/turundus-ja-kommunikatsioonijuht-at-nobel-digital-4446652061,Turundus- ja kommunikatsioonijuht,,scraped,2026-08-09T15:20:49.011418,
96659b0ee76f98c6,https://ee.linkedin.com/jobs/view/tootejuht-atlassian-at-enefit-4450098586,Tootejuht (Atlassian),,scraped,2026-08-09T15:20:56.968372,
27c31cc39746307d,https://ee.linkedin.com/jobs/view/medical-partner-oncology-ophthalmology-at-roche-4450781646,Medical Partner (Oncology & Ophthalmology),,scraped,2026-08-09T15:21:21.441544,
3637c4f37bbea3f8,https://ee.linkedin.com/jobs/view/regional-sales-manager-at-solis-biodyne-4449217301,Regional Sales Manager,,scraped,2026-08-09T15:21:35.124164,
9019fb35bc31c2aa,https://ee.linkedin.com/jobs/view/lemon-gym-tartu-at-fit24-ee-4449658628,Lemon Gym Tartu,Fit24.ee,posted,2026-08-09T15:21:55.633841,1009
418e6a17ad39b61a,https://ee.linkedin.com/jobs/view/juuksurid-p%C3%B5hjamaadesse-at-eutalents-4451007612,Juuksurid Põhjamaadesse,,scraped,2026-08-09T15:21:58.304724,
f7cf81ba1d578b04,https://ee.linkedin.com/jobs/view/r%C3%A4%C3%A4gu-park-at-fit24-ee-4449652765,Räägu park,Fit24.ee,posted,2026-08-09T15:22:13.357960,1011
ca54a13b8f551d4b,https://ee.linkedin.com/jobs/view/cs-workforce-planning-specialist-at-bolt-4449189936,CS Workforce Planning Specialist,,scraped,2026-08-09T15:22:15.982235,
c2a1823462412510,https://ee.linkedin.com/jobs/view/gym-%C3%BClemiste-at-fit24-ee-4449663573,Gym Ülemiste,Fit24.ee,posted,2026-08-09T15:22:30.191687,1013
e422351560b9d73b,https://ee.linkedin.com/jobs/view/variku-spordihoone-at-fit24-ee-4449657683,Variku spordihoone,Fit24.ee,posted,2026-08-09T15:22:42.762047,1015
a827b9c83545c0be,https://ee.linkedin.com/jobs/view/mechanic-at-bolt-4432966182,Mechanic,,scraped,2026-08-09T15:22:45.422224,
13fd6abf5e00ebbb,https://ee.linkedin.com/jobs/view/j%C3%A4rve-terviserada-at-fit24-ee-4449652762,Järve terviserada,Fit24.ee,posted,2026-08-09T15:22:59.428826,1017
f9144dd5c91c5228,https://ee.linkedin.com/jobs/view/kehtna-v%C3%A4lij%C3%B5usaalid-at-fit24-ee-4449664583,Kehtna välijõusaalid,Fit24.ee,posted,2026-08-09T15:23:15.130683,1019
4957be113eb30de0,https://ee.linkedin.com/jobs/view/kalamaja-kalmistupark-at-fit24-ee-4449664628,Kalamaja kalmistupark,Fit24.ee,posted,2026-08-09T15:23:26.091808,1021
df7da2f8cae8267a,https://ee.linkedin.com/jobs/view/vana-vigala-staadioni-v%C3%A4lij%C3%B5usaal-at-fit24-ee-4449655583,Vana-Vigala staadioni välijõusaal,Fit24.ee,posted,2026-08-09T15:23:37.231360,1023
fe0943df7ba6e267,https://ee.linkedin.com/jobs/view/merem%C3%A4e-staadioni-v%C3%A4lij%C3%B5usaal-at-fit24-ee-4449654665,Meremäe staadioni välijõusaal,Fit24.ee,posted,2026-08-09T15:23:49.167552,1025
54147e2b6da6f71f,https://ee.linkedin.com/jobs/view/kose-g%C3%BCmnaasiumi-j%C3%B5ulinnak-at-fit24-ee-4449666537,Kose Gümnaasiumi jõulinnak,Fit24.ee,posted,2026-08-09T15:23:59.557135,1027
6669d05841a2e6d4,https://ee.linkedin.com/jobs/view/product-manager-rides-expansion-at-bolt-4432974048,"Product Manager, Rides Expansion",,scraped,2026-08-09T15:24:14.344770,
1260d2a44c001fe1,https://ee.linkedin.com/jobs/view/global-maintenance-manager-at-bolt-4432954751,Global Maintenance Manager,,scraped,2026-08-09T15:24:22.691799,
a71a709113cacbd9,https://ee.linkedin.com/jobs/view/principal-product-manager-rides-matching-at-bolt-4432965268,"Principal Product Manager, Rides Matching",,scraped,2026-08-09T15:24:47.218539,
e93b2b7da1755545,https://ee.linkedin.com/jobs/view/commercial-atm-network-manager-at-worldline-4450602612,Commercial ATM Network Manager,,scraped,2026-08-09T15:24:57.606745,
57b69776ae95b64d,https://ee.linkedin.com/jobs/view/senior-product-manager-micromobility-compliance-and-expansion-at-bolt-4432961280,"Senior Product Manager, Micromobility Compliance and Expansion",,scraped,2026-08-09T15:25:04.198081,
a65fa0cb28efa53d,https://ee.linkedin.com/jobs/view/finance-data-scientist-at-hitachi-energy-4441948914,Finance Data Scientist,,scraped,2026-08-09T15:25:10.677925,
2bc6c26fb1ad42d1,https://ee.linkedin.com/jobs/view/cloud-partner-manager-at-promise-group-4450224947,Cloud Partner Manager,,scraped,2026-08-09T15:25:19.498259,
d3083778d0d6d0bc,https://ee.linkedin.com/jobs/view/customer-support-specialist-with-fluent-ukrainian-and-english-language-work-from-home-full-time-or-part-time-at-tp-4450707800,Customer Support Specialist with fluent Ukrainian and English language | Work from Home | Full-time or Part-time,,scraped,2026-08-09T15:25:26.274256,
b4485a29c4be581e,https://ee.linkedin.com/jobs/view/data-engineering-lead-at-shuffle-up-4448096148,Data Engineering Lead,,scraped,2026-08-09T15:25:36.313254,
c7a3f236cbb1ba64,https://ee.linkedin.com/jobs/view/product-owner-team-lead-at-mountbirch-4448404287,Product Owner/Team Lead,,scraped,2026-08-09T15:25:44.563360,
9133ba9cd80807fd,https://ee.linkedin.com/jobs/view/business-development-executive-at-nestai-4449393263,Business Development Executive,NestAI,posted,2026-08-09T15:26:03.069243,1029
17a373f8c2584ad8,https://ee.linkedin.com/jobs/view/senior-account-manager-emea-at-remote-4450751038,Senior Account Manager - EMEA,Remote,posted,2026-08-09T15:26:11.814900,1031
b1ad5abb86e76be0,https://ee.linkedin.com/jobs/view/software-engineer-foundation-at-bristol-city-council-4450315468,Software Engineer Foundation,,scraped,2026-08-09T15:26:20.384051,
9a8a8c716d09391b,https://ee.linkedin.com/jobs/view/erc-funded-postdoc-position-natural-experiments-of-aerosol-cloud-interactions-at-european-geosciences-union-egu-4449444748,ERC-funded postdoc position: Natural experiments of aerosol-cloud interactions,,scraped,2026-08-09T15:26:29.991767,
81ff053c1ed550fb,https://ee.linkedin.com/jobs/view/sales-project-manager-at-itab-baltic-4448769426,Sales Project Manager,,scraped,2026-08-09T15:26:37.343643,
3fc621734f5bcb21,https://ee.linkedin.com/jobs/view/test-systems-ie-engineer-at-comodule-4447349658,Test Systems & IE Engineer,,scraped,2026-08-09T15:26:44.874005,
594ba74a0af35abd,https://ee.linkedin.com/jobs/view/event-design-production-specialist-at-psi-cro-4447385644,Event Design & Production Specialist,,scraped,2026-08-09T15:26:51.756549,
f2102476af6f9c90,https://ee.linkedin.com/jobs/view/tour-leader-for-small-group-trips-english-italian-at-teekonda-4442859429,Tour Leader for Small Group Trips | English & Italian,,scraped,2026-08-09T15:27:00.379362,
58dc36ea90b721b0,https://ee.linkedin.com/jobs/view/software-architect-at-r8-technologies-4448779640,SOFTWARE ARCHITECT,,scraped,2026-08-09T15:27:07.353429,
62feb18dc9dfcd98,https://ee.linkedin.com/jobs/view/pam-security-engineer-at-luminor-group-4449472750,PAM Security Engineer,Luminor Group,posted,2026-08-09T15:27:31.269170,1033
b47affcc87d7f116,https://ee.linkedin.com/jobs/view/operations-manager-at-secure-finance-4450098822,Operations Manager,Secure Finance,posted,2026-08-09T15:27:41.430580,1035
b1a40bd987ec7597,https://ee.linkedin.com/jobs/view/software-engineer-at-bigbank-4449467811,Software Engineer,,scraped,2026-08-09T15:27:44.035812,
98bb1d74e44d467a,https://ee.linkedin.com/jobs/view/cloud-engineer-at-haystack-4449761055,Cloud Engineer,,scraped,2026-08-09T15:27:52.355751,
6f1391a84c2e8e86,https://ee.linkedin.com/jobs/view/account-executive-attribute%E2%84%A2-emea-at-doit-4420714482,"Account Executive - Attribute™, EMEA",DoiT,posted,2026-08-09T15:28:07.389359,1037
d35288c256cc3613,https://ee.linkedin.com/jobs/view/ehitusinsener-at-projektiburoo-4335433726,Ehitusinsener,,scraped,2026-08-09T15:28:14.050977,
cc66a1df0a28c0bd,https://ee.linkedin.com/jobs/view/forward-deployed-ai-engineer-at-lhv-4448798126,Forward Deployed AI Engineer,,scraped,2026-08-09T15:28:25.205494,
8d47dbc6a10ba4d8,https://ee.linkedin.com/jobs/view/bess-sales-director-at-risen-energy-europe-4447913381,BESS Sales Director,Risen Energy Europe,posted,2026-08-09T15:28:44.116319,1039
7063ab298504af75,https://ee.linkedin.com/jobs/view/technical-delivery-lead-at-proekspert-as-4411448643,Technical Delivery Lead,,scraped,2026-08-09T15:28:46.813422,
842eab453ff4e090,https://ee.linkedin.com/jobs/view/finance-specialist-general-accounting-parental-leave-cover-at-hitachi-energy-4450724666,Finance Specialist - General Accounting (Parental Leave Cover),,scraped,2026-08-09T15:28:59.972622,
dfddd7a3e5c781c4,https://ee.linkedin.com/jobs/view/lead-developer-for-financial-crime-prevention-models-at-nordea-4441482010,Lead Developer for Financial Crime Prevention Models,,scraped,2026-08-09T15:29:09.079212,
dde4ca1b54eafa3f,https://ee.linkedin.com/jobs/view/lead-ai-generative-designer-at-jobgether-4449712267,Lead AI Generative Designer,,scraped,2026-08-09T15:29:15.645547,
ac862c3097695c33,https://ee.linkedin.com/jobs/view/zelfstandig-onderhoudstechnieker-vaste-nacht-%E2%80%93-wilrijk-at-debo-technics-4448597152,Zelfstandig onderhoudstechnieker vaste nacht – Wilrijk,,scraped,2026-08-09T15:29:23.990332,
c5abe3a6e053f95f,https://ee.linkedin.com/jobs/view/software-engineer-at-ericsson-4449149056,Software Engineer,,scraped,2026-08-09T15:29:31.733732,
5f18c8ab35a0b172,https://ee.linkedin.com/jobs/view/ai-safety-specialist-fully-remote-upto-%2470-hr-at-mercor-4450938573,AI Safety Specialist - Fully Remote | Upto $70/hr,Mercor,posted,2026-08-09T15:29:40.715357,809
b8c82c4ed2415cb6,https://ee.linkedin.com/jobs/view/payroll-professional-hr-finance-accounting-at-prolific-4449732832,Payroll Professional (HR / Finance / Accounting),,scraped,2026-08-09T15:29:53.424583,
8469d8ddbd50c73f,https://ee.linkedin.com/jobs/view/qa-automation-engineer-at-hireright-4414228067,QA Automation Engineer,HireRight,posted,2026-08-09T15:30:12.250175,1041
714f5f49d83d620f,https://ee.linkedin.com/jobs/view/senior-backend-engineer-node-js-at-bluethrone-4449110677,Senior Backend Engineer (Node.js),,scraped,2026-08-09T15:30:14.892343,
4424ac733bee2e5a,https://ee.linkedin.com/jobs/view/we-re-hiring-course-creators-remote-at-courseboot-4447810590,We're Hiring: Course Creators (Remote),CourseBoot,posted,2026-08-09T15:30:29.579725,1043
17294b8c068d265b,https://ee.linkedin.com/jobs/view/software-engineer-m-f-d-at-riverty-4450222267,Software Engineer (m/f/d),,scraped,2026-08-09T15:30:34.190710,
5568491b05e6971c,https://ee.linkedin.com/jobs/view/m%C3%BC%C3%BCgin%C3%B5ustaja-10h-at-arket-4449490044,Müüginõustaja 10h,ARKET,posted,2026-08-09T15:30:52.235101,1045
786a5837aa4b6139,https://ee.linkedin.com/jobs/view/freelance-language-specialist-estonian-remote-at-uber-ai-solutions-4450322863,Freelance Language Specialist (Estonian) - Remote,Uber AI Solutions,posted,2026-08-09T15:31:01.102228,1047
82db3419b2640771,https://ee.linkedin.com/jobs/view/%C3%BChingu%C3%B5iguse-ja-%C3%BClev%C3%B5tmiste-tiimi-kogenud-jurist-v%C3%B5i-vandeadvokaat-at-sorainen-4447385386,Ühinguõiguse ja ülevõtmiste tiimi kogenud jurist või vandeadvokaat,,scraped,2026-08-09T15:31:03.795974,
60c8e1ecd18af86c,https://ee.linkedin.com/jobs/view/senior-android-engineer-at-lhv-4449200075,Senior Android Engineer,,scraped,2026-08-09T15:31:11.801715,
7973d147ef90be05,https://ee.linkedin.com/jobs/view/desktop-support-technician-at-sharp-brains-solutions-4448757410,Desktop Support Technician,,scraped,2026-08-09T15:31:19.676707,
dad2ccd92c75d82c,https://ee.linkedin.com/jobs/view/senior-software-engineer-verification-platform-at-veriff-4430297989,Senior Software Engineer - Verification Platform,Veriff,posted,2026-08-09T15:31:37.844058,1049
948b0e9e6a3383ca,https://ee.linkedin.com/jobs/view/scientific-language-ai-adaptation-contributor-korean-japanese-arabic-at-maxibook-o%C3%BC-4447378714,Scientific Language & AI Adaptation Contributor (Korean / Japanese / Arabic),,scraped,2026-08-09T15:31:40.546443,
0d21093d73c3abdc,https://ee.linkedin.com/jobs/view/staff-lead-data-scientist-bangkok-based-relocation-provided-at-agoda-4450269438,"Staff/Lead Data Scientist (Bangkok based, Relocation provided)",Agoda,posted,2026-08-09T15:31:54.394658,577
a1796b1739ebc275,https://ee.linkedin.com/jobs/view/analyst-senior-analyst-pricing-optimization-bangkok-based-relocation-provided-at-agoda-4441430862,"Analyst/ Senior Analyst, Pricing Optimization (Bangkok Based, relocation provided)",Agoda,posted,2026-08-09T15:32:08.520081,1051
5196584f2104a1dd,https://ee.linkedin.com/jobs/view/senior-software-engineer-sre-observability-tooling-at-glia-4438415610,"Senior Software Engineer, SRE / Observability Tooling",Glia,posted,2026-08-09T15:32:16.987554,1053
695fdffa94d5a3c2,https://ee.linkedin.com/jobs/view/braze-migration-lead-at-digital-4450229072,Braze Migration Lead,Digital,posted,2026-08-09T15:32:26.060129,1055
4dd3f9c138f4084c,https://ee.linkedin.com/jobs/view/quality-evaluation-specialist-finnish-%2415-hr-remote-at-crossing-hurdles-4392862576,Quality Evaluation Specialist (Finnish) | $15/hr Remote,Crossing Hurdles,posted,2026-08-09T15:32:34.470146,1057
35769995af818d84,https://ee.linkedin.com/jobs/view/product-designer-driver-experience-at-bolt-4432972095,"Product Designer, Driver Experience",,scraped,2026-08-09T15:32:47.055018,
ca279baeba7c318b,https://ee.linkedin.com/jobs/view/python-developer-dicom-at-supervisely-4449415555,"Python Developer, DICOM",,scraped,2026-08-09T15:32:53.479391,
bdf8665bcaa05a1d,https://ee.linkedin.com/jobs/view/data-scientist-dicom-at-supervisely-4449423142,"Data Scientist, DICOM",,scraped,2026-08-09T15:32:59.797494,
3a1db8c6669d4b80,https://ee.linkedin.com/jobs/view/devops-engineer-cloud-platform-at-luminor-group-4442120445,DevOps Engineer (Cloud Platform),Luminor Group,posted,2026-08-09T15:33:20.047855,1059
4d7e590f92bc4150,https://ee.linkedin.com/jobs/view/staff-engineer-autonomous-vehicle-systems-integration-at-bolt-4450366782,"Staff Engineer, Autonomous Vehicle Systems Integration",,scraped,2026-08-09T15:33:24.811206,
bb7ab04788e0a047,https://ee.linkedin.com/jobs/view/senior-backend-engineer-ads-platform-at-bolt-4432963257,"Senior Backend Engineer, Ads Platform",,scraped,2026-08-09T15:33:43.398671,
14b5be7ff03cd560,https://ee.linkedin.com/jobs/view/freelance-mobile-app-tester-remote-estonia-no-experience-required-at-acclaro-4449601115,"Freelance Mobile App Tester (Remote, Estonia) | No Experience Required",Acclaro,posted,2026-08-09T15:33:54.223196,873
01bfd14001a496f9,https://ee.linkedin.com/jobs/view/maintenance-integration-engineer-at-jobgether-4449976917,Maintenance Integration Engineer,,scraped,2026-08-09T15:33:56.967280,
63298c8dab87b195,https://ee.linkedin.com/jobs/view/senior-software-engineer-back-end-full-stack-at-hireright-4413768163,Senior Software Engineer (Back-end/Full-stack),HireRight,posted,2026-08-09T15:34:14.411198,1061
56632ef1f7bd5d61,https://ee.linkedin.com/jobs/view/java-angular-developer-at-jobgether-4448992205,Java / Angular Developer,,scraped,2026-08-09T15:34:19.090128,
75e89935502f6d85,https://ee.linkedin.com/jobs/view/senior-react-native-react-engineer-payments-ux-at-bolt-4432969171,"Senior React Native/React Engineer, Payments UX",,scraped,2026-08-09T15:34:25.894282,
92a1010afd5283b0,https://ee.linkedin.com/jobs/view/senior-qa-engineer-mobile-cupid-media-at-jobgether-4448256996,Senior QA Engineer (Mobile) - Cupid Media,,scraped,2026-08-09T15:34:32.286693,
df933a23247d14b8,https://ee.linkedin.com/jobs/view/accounting-treasury-manager-bangkok-based-relocation-provided-at-agoda-4448847254,Accounting Treasury Manager (Bangkok Based - Relocation Provided),Agoda,posted,2026-08-09T15:34:49.863536,1063
b6e8885e4f94b581,https://ee.linkedin.com/jobs/view/technical-support-specialist-at-haystack-4449748826,Technical Support Specialist,,scraped,2026-08-09T15:34:52.624169,
9329b992736d9b5d,https://ee.linkedin.com/jobs/view/paistu-j%C3%B5ulinnak-at-fit24-ee-4449653689,Paistu jõulinnak,Fit24.ee,posted,2026-08-11T15:46:36.634594,1065
a2d74e053fb39c5f,https://ee.linkedin.com/jobs/view/graduate-planner-at-bristol-city-council-4450328203,Graduate Planner,,scraped,2026-08-11T15:46:43.384083,
41a40c57114f0fd1,https://ee.linkedin.com/jobs/view/head-door-role-at-overt-security-ltd-4451302327,Head Door Role,,scraped,2026-08-11T15:46:51.042211,
018c7f008e36c6e9,https://ee.linkedin.com/jobs/view/capacity-management-program-specialist-at-wise-4414489300,Capacity Management Program Specialist,,scraped,2026-08-11T15:46:58.433710,
bc96ae4386cc130a,https://ee.linkedin.com/jobs/view/master-planner-capacity-at-paulig-group-4449855227,Master planner Capacity,,scraped,2026-08-11T15:47:17.773229,
5b9f4ed740c254d5,https://ee.linkedin.com/jobs/view/regulatory-affairs-manager-estonia-fixed-term-18-months-at-takeda-4451622652,Regulatory Affairs Manager Estonia (fixed term 18- months),,scraped,2026-08-11T15:47:30.790677,
09d30522f22298d5,https://ee.linkedin.com/jobs/view/personalispetsialist-vanemapuhkuse-perioodiks-at-tech-group-4449566445,Personalispetsialist (vanemapuhkuse perioodiks),,scraped,2026-08-11T15:47:37.510197,
6b944935b7fc9508,https://ee.linkedin.com/jobs/view/team-lead-at-breakwater-technology-4451524661,Team Lead,,scraped,2026-08-11T15:47:46.292056,
a9634d0aa2db6982,https://ee.linkedin.com/jobs/view/strateegiline-n%C3%B5ustaja-at-ministry-of-education-and-research-of-estonia-haridus-ja-teadusministeerium-4451507630,Strateegiline nõustaja,,scraped,2026-08-11T15:47:53.134261,
fe8ba4341327eb47,https://ee.linkedin.com/jobs/view/pricing-operations-automation-specialist-at-fyul-4452447268,Pricing Operations & Automation Specialist,FYUL,posted,2026-08-11T15:48:11.544358,1067
d0fd36753ec515c0,https://ee.linkedin.com/jobs/view/central-forward-4451326385,Central forward,One of Estonian premier league,posted,2026-08-11T15:48:18.826884,1069
0b62cea28e10853a,https://ee.linkedin.com/jobs/view/head-of-baltics-at-birn%2Bpartners-4451695411,Head of Baltics,,scraped,2026-08-11T15:48:21.428071,
af55604b424d6b29,https://ee.linkedin.com/jobs/view/field-medical-advisor-at-johnson-johnson-4452426742,Field Medical Advisor,Johnson &amp; Johnson,posted,2026-08-11T15:48:35.737301,1071
5d2fa79ef451f67e,https://ee.linkedin.com/jobs/view/kommunikatsioonipartner-at-harju-elekter-estonia-4450325845,Kommunikatsioonipartner,,scraped,2026-08-11T15:48:40.330240,
93b061b52a90cc4d,https://ee.linkedin.com/jobs/view/project-manager-bilingual-%E2%80%93-english-russian-ukrainian-at-insideout-4449801410,Project Manager (Bilingual – English & Russian/Ukrainian),InsideOut,posted,2026-08-11T15:48:54.993376,1073
b9c682406d5e7f6e,https://ee.linkedin.com/jobs/view/citybee-marketing-specialist-estonia-at-modus-mobility-4450245835,CityBee Marketing Specialist (Estonia),Modus Mobility,posted,2026-08-11T15:49:15.680635,1075
17f07e79969b0477,https://ee.linkedin.com/jobs/view/it-consultant-at-maxxys-ag-4448404005,IT-Consultant,,scraped,2026-08-11T15:49:18.182947,
4ed18c924faa6256,https://ee.linkedin.com/jobs/view/clinical-research-associate-talent-pipeline-opportunity-at-emerald-clinical-4451157995,Clinical Research Associate - Talent Pipeline Opportunity,,scraped,2026-08-11T15:49:27.682257,
ce9490df79cfc199,https://ee.linkedin.com/jobs/view/t%C3%B6%C3%B6dejuhataja-at-abb-4451573328,Töödejuhataja,,scraped,2026-08-11T15:49:40.176963,
cc6ffce4d8bcc082,https://ee.linkedin.com/jobs/view/tootejuht-atlassian-at-eesti-energia-4449849045,Tootejuht (Atlassian),,scraped,2026-08-11T15:49:50.573497,
d4a9a50ae7ba4ebd,https://ee.linkedin.com/jobs/view/regional-therapy-specialist-hem-onc-at-syneos-health-commercial-solutions-4450271020,Regional Therapy Specialist - Hem Onc,Syneos Health Commercial Solutions,posted,2026-08-11T15:50:07.948253,1077
8dc2383df8ff823b,https://ee.linkedin.com/jobs/view/projektijuht-at-eumar-design-4448414304,Projektijuht,,scraped,2026-08-11T15:50:10.512755,
afff735657a3dce8,https://ee.linkedin.com/jobs/view/executive-assistant-at-inbank-4451631537,Executive Assistant,,scraped,2026-08-11T15:50:18.618070,
1cb0556a3be47ec0,https://ee.linkedin.com/jobs/view/data-analyst-at-coolbet-4451641605,Data Analyst,Coolbet,posted,2026-08-11T15:50:38.793832,364
014aeaea6e62fbcf,https://ee.linkedin.com/jobs/view/detection-engineering-lead-at-xpertdirect-4452442027,Detection Engineering Lead,,scraped,2026-08-11T15:50:43.403942,
327225bd7de0e725,https://ee.linkedin.com/jobs/view/juuksurid-p%C3%B5hjamaadesse-at-eutalents-4451004946,Juuksurid Põhjamaadesse,,scraped,2026-08-11T15:50:57.785858,
49ec6106a31ae336,https://ee.linkedin.com/jobs/view/v%C3%A4rska-staadioni-v%C3%A4lij%C3%B5usaal-at-fit24-ee-4449647696,Värska staadioni välijõusaal,Fit24.ee,posted,2026-08-11T15:51:25.696070,1079
7f0ef960cef90399,https://ee.linkedin.com/jobs/view/myfitness-tartu-annelinn-at-fit24-ee-4449645655,MyFitness Tartu Annelinn,Fit24.ee,posted,2026-08-11T15:51:39.369329,1081
233c50fca7aa686e,https://ee.linkedin.com/jobs/view/fleet-sales-specialist-at-bolt-4432966184,Fleet Sales Specialist,,scraped,2026-08-11T15:51:46.030782,
f4444fe6bd2ac1c6,https://ee.linkedin.com/jobs/view/market-abuse-operations-specialist-at-wise-4450351261,Market Abuse Operations Specialist,,scraped,2026-08-11T15:51:52.768962,
a8e311f44daa87c2,https://ee.linkedin.com/jobs/view/growth-analytics-manager-delivery-at-bolt-4442081449,"Growth Analytics Manager, Delivery",,scraped,2026-08-11T15:52:10.379454,
00f8339bcc9af896,https://ee.linkedin.com/jobs/view/b4b-sales-team-lead-baltics-at-bolt-4432966188,B4B Sales Team Lead Baltics,,scraped,2026-08-11T15:52:16.807963,
23169ec7d3cd60f5,https://ee.linkedin.com/jobs/view/junior-cybersecurity-engineer-at-bolt-4451429767,Junior Cybersecurity Engineer,,scraped,2026-08-11T15:52:29.255155,
3dfff1853ad084fb,https://ee.linkedin.com/jobs/view/people-strategy-operation-manager-at-bolt-4451653406,People Strategy & Operation Manager,,scraped,2026-08-11T15:52:39.683122,
b3cf40dc7eb9d594,https://ee.linkedin.com/jobs/view/software-engineer-practitioner-at-bristol-city-council-4450394685,Software Engineer Practitioner,,scraped,2026-08-11T15:52:50.181190,
74cd40f5019e56f8,https://ee.linkedin.com/jobs/view/test-systems-ie-engineer-at-anicura-deutschland-4448568164,Test Systems & IE Engineer,,scraped,2026-08-11T15:52:57.785388,
ea968ebbf17d1e61,https://ee.linkedin.com/jobs/view/demand-generation-senior-specialist-at-m%C3%BCller-s-solutions-4451508782,Demand Generation Senior Specialist,,scraped,2026-08-11T15:53:09.227447,
2c4e74d02f1d6188,https://ee.linkedin.com/jobs/view/field-service-engineer-medium-low-voltage-at-schneider-electric-4450361164,Field Service Engineer (Medium & Low Voltage),Schneider Electric,posted,2026-08-11T15:53:36.506953,1083
df7c2addf54f0bef,https://ee.linkedin.com/jobs/view/internal-medical-translator-english-to-korean-at-iqvia-4452074040,Internal Medical Translator - English to Korean,IQVIA,posted,2026-08-11T15:53:49.199659,1085
2703b4c6aa0cafeb,https://ee.linkedin.com/jobs/view/staff-platform-engineer-eu-at-ashby-4403606801,Staff Platform Engineer - EU,Ashby,posted,2026-08-11T15:53:56.480288,1087
c446ffab24eae6ff,https://ee.linkedin.com/jobs/view/chief-technology-officer-lead-developer-at-hireme-o%C3%BC-4449553762,Chief Technology Officer / Lead Developer,,scraped,2026-08-11T15:54:03.084055,
6849cee6c1f4a459,https://ee.linkedin.com/jobs/view/ai-change-lead-at-jobgether-4452437381,AI Change Lead,,scraped,2026-08-11T15:54:09.344201,
e81a3e72a39edde5,https://ee.linkedin.com/jobs/view/imds-specialist-at-stoneridge-4397364184,IMDS Specialist,Stoneridge,posted,2026-08-11T15:54:27.759421,1089
17e4ed31aa25a37f,https://ee.linkedin.com/jobs/view/chief-financial-officer-at-esto-group-4451439377,Chief Financial Officer,,scraped,2026-08-11T15:54:32.401963,
82117af6ed19e111,https://ee.linkedin.com/jobs/view/customer-service-representative-danish-at-transcom-4449541677,Customer Service Representative - Danish,,scraped,2026-08-11T15:54:39.037105,
fb8e8ee3daf8aff5,https://ee.linkedin.com/jobs/view/senior-biostatistician-at-fortrea-4412133694,Senior Biostatistician,Fortrea,posted,2026-08-11T15:54:51.466946,1091
d34c2cd858227de8,https://ee.linkedin.com/jobs/view/principal-statistical-programmer-sponsor-dedicated-emea-at-fortrea-4383794487,"Principal Statistical Programmer - Sponsor Dedicated, EMEA",Fortrea,posted,2026-08-11T15:54:58.800196,1093
6da2a8bf96365402,https://ee.linkedin.com/jobs/view/staff-core-platform-engineer-at-n8n-4452455870,Staff Core Platform Engineer,,scraped,2026-08-11T15:55:01.431678,
38afbe75e3437c77,https://ee.linkedin.com/jobs/view/financial-analyst-portfolio-bi-at-creditstar-group-4452464622,Financial Analyst (Portfolio & BI).,,scraped,2026-08-11T15:55:08.040290,
39027f3d6c764e0b,https://ee.linkedin.com/jobs/view/senior-principal-statistical-programmer-sas-%2B-r-remote-at-cytel-4450089461,Senior/Principal Statistical Programmer SAS + R (Remote),Cytel,posted,2026-08-11T15:55:21.947866,1095
c9fc65a8c084ee90,https://ee.linkedin.com/jobs/view/sports-data-collector-football-kuressaare-estonia-at-genius-sports-4419289172,"Sports Data Collector (Football) - Kuressaare, Estonia",,scraped,2026-08-11T15:55:28.294129,
f596701726e2bfbd,https://ee.linkedin.com/jobs/view/python-software-engineer-%E2%80%94-ai-ml-integration-ai-agents-at-sky-spy-4449851472,Python Software Engineer — AI/ML Integration & AI Agents,Sky Spy,posted,2026-08-11T15:55:48.569625,1097
63cd9bcb1c905f18,https://ee.linkedin.com/jobs/view/senior-bi-data-analyst-casino-at-pawatech-4451522337,Senior BI Data Analyst (Casino),,scraped,2026-08-11T15:55:51.145954,
6adcb11c51ee541c,https://ee.linkedin.com/jobs/view/legal-specialist-at-innodata-inc-4449554932,Legal Specialist,Innodata Inc.,posted,2026-08-11T15:56:08.275724,1099
ead8b0bb7afed094,https://ee.linkedin.com/jobs/view/senior-ai-trainer-financial-investment-analysts-at-braintrust-4452400434,"Senior AI Trainer, Financial & Investment Analysts",Braintrust,posted,2026-08-11T15:56:26.588994,1101
7769fd4fbafd8632,https://ee.linkedin.com/jobs/view/founding-cto-ai-ml-data-product-at-startup-wise-guys-4449268444,Founding CTO (AI/ML / Data Product),,scraped,2026-08-11T15:56:29.230205,
00eead5c6d54885e,https://ee.linkedin.com/jobs/view/ai-architect-igaming-at-neurons-lab-4452465618,AI Architect (iGaming),,scraped,2026-08-11T15:56:46.853595,
1db9552e66f9957e,https://ee.linkedin.com/jobs/view/senior-engineering-manager-%E2%80%93-foundation-pint-productivity-and-internal-tools-at-bolt-4432966183,Senior Engineering Manager – Foundation/PINT (Productivity and Internal Tools),,scraped,2026-08-11T15:56:58.278046,
6051a04acb4e8181,https://ee.linkedin.com/jobs/view/software-engineer-m-f-d-at-riverty-4452472723,Software Engineer (m/f/d),,scraped,2026-08-11T15:57:42.704763,
f10ab792bb8781de,https://ee.linkedin.com/jobs/view/senior-principal-statistical-programmer-fsp-sas-%2B-r-at-cytel-4450095345,Senior/Principal Statistical Programmer FSP (SAS + R),Cytel,posted,2026-08-11T15:57:56.584861,1103
5e2a966e502e8e2f,https://ee.linkedin.com/jobs/view/senior-cloud-engineer-m-f-d-at-riverty-4451116781,Senior Cloud Engineer (m/f/d),,scraped,2026-08-11T15:57:59.294949,
cebc0dc1fb616d78,https://ee.linkedin.com/jobs/view/vanemtooteinsener-senior-product-engineer-at-lhv-4451669214,Vanemtooteinsener (Senior Product Engineer),,scraped,2026-08-11T15:58:08.027722,
586f18e273bed91e,https://ee.linkedin.com/jobs/view/ai-safety-practitioner-expert-evaluator-at-mercor-4442502558,AI Safety Practitioner - Expert Evaluator,Mercor,posted,2026-08-11T15:58:20.731284,1105
7eb0ecdee4bbee09,https://ee.linkedin.com/jobs/view/policy-committee-officer-at-bristol-city-council-4452427972,Policy Committee Officer,,scraped,2026-08-11T15:58:23.329693,
7b9c2995ff9fd98e,https://ee.linkedin.com/jobs/view/ai-safety-red-teamer-expert-at-mercor-4442502560,AI Safety Red Teamer Expert,Mercor,posted,2026-08-11T15:58:37.835564,1107
648f91e2e20e91e6,https://ee.linkedin.com/jobs/view/devops-engineer-ai-model-evaluator-at-mercor-4452170452,DevOps Engineer - AI Model Evaluator,Mercor,posted,2026-08-11T15:58:46.292853,1109
ce3cdc1986f1fd16,https://ee.linkedin.com/jobs/view/senior-software-engineer-%E2%80%93-ai-infrastructure-at-kraken-4415079515,Senior Software Engineer – AI Infrastructure,Kraken,posted,2026-08-11T15:58:53.720794,1111
ec60c31d6d72667f,https://ee.linkedin.com/jobs/view/business-analyst-supply-analytics-bangkok-based-relocation-provided-at-agoda-4451564027,"Business Analyst (Supply Analytics, Bangkok-based, Relocation provided)",Agoda,posted,2026-08-11T15:59:07.157271,1113
c3339c32df71ef5a,https://ee.linkedin.com/jobs/view/data-scientist-senior-analyst-supply-analytics-bangkok-based-relocation-provided-at-agoda-4451562041,"Data Scientist/Senior Analyst (Supply Analytics, Bangkok-based, Relocation provided)",Agoda,posted,2026-08-11T15:59:23.381068,1115
24d524f132315209,https://ee.linkedin.com/jobs/view/senior-fullstack-engineer-react%2B-net-ai-native-at-trimble-inc-4433879435,"Senior Fullstack Engineer (React+.NET), AI native",Trimble Inc.,posted,2026-08-11T15:59:31.365834,1117
b2c9a3ed9f86257f,https://ee.linkedin.com/jobs/view/czech-speaking-customer-service-rep-remote-in-greece-i-relocation-support-at-ww-talents-4451100084,Czech-Speaking Customer Service Rep | Remote in Greece I Relocation Support,WW Talents,posted,2026-08-11T15:59:40.545536,1119
0ad48bad7f00e950,https://ee.linkedin.com/jobs/view/german-speaking-customer-support-agent-i-remote-in-greece-i-relocation-support-at-ww-talents-4452174326,German-Speaking Customer Support Agent I Remote in Greece I Relocation Support,WW Talents,posted,2026-08-11T15:59:51.179953,1121
d726907b7a5f7eb2,https://ee.linkedin.com/jobs/view/sorteerija-at-stora-enso-4452722701,Sorteerija,Stora Enso,posted,2026-08-13T15:45:42.164243,1123
a2bb0639c6c7fce7,https://ee.linkedin.com/jobs/view/juuksurid-norrasse-at-eutalents-4450933363,Juuksurid Norrasse,,scraped,2026-08-13T15:45:45.002867,
4985ec5868718a60,https://ee.linkedin.com/jobs/view/development-team-lead-discovery-early-stage-startup-at-pocobit-4449574353,Development Team Lead & Discovery (Early-Stage Startup),,scraped,2026-08-13T15:45:51.773460,
ccf5227f1a2ee671,https://ee.linkedin.com/jobs/view/juuksurid-p%C3%B5hjamaadesse-at-eutalents-4451023126,Juuksurid Põhjamaadesse,,scraped,2026-08-13T15:45:58.180702,
5c73fbc2aef407bd,https://ee.linkedin.com/jobs/view/raamatupidaja-at-sparkup-tartu-science-park-4449532524,Raamatupidaja,,scraped,2026-08-13T15:46:04.471829,
91aaad121c6c0c94,https://ee.linkedin.com/jobs/view/category-manager-at-onninen-eesti-4450488165,Category Manager,Onninen Eesti,posted,2026-08-13T15:46:26.097411,1125
faa33e3a385ba3e6,https://ee.linkedin.com/jobs/view/sales-development-representative-at-softengine-4453076134,Sales Development Representative,Softengine,posted,2026-08-13T15:46:35.871765,1127
dc6ca0c05d360179,https://ee.linkedin.com/jobs/view/talent-acquisition-specialist-at-olybet-group-4452377418,Talent Acquisition Specialist,OlyBet Group,posted,2026-08-13T15:46:47.226865,1129
97d36c61c950a17e,https://ee.linkedin.com/jobs/view/sales-support-executive-baltics-at-mars-4450348565,Sales Support Executive Baltics,Mars,posted,2026-08-13T15:46:56.275792,1131
34cf6f4a4267db22,https://ee.linkedin.com/jobs/view/recruiter-and-interviewer-application-at-jobgether-4452910001,Recruiter and Interviewer Application,,scraped,2026-08-13T15:46:58.951642,
2ed1b53c41fa9c9d,https://ee.linkedin.com/jobs/view/payroll-specialist-at-sd-worx-4450133557,Payroll Specialist,,scraped,2026-08-13T15:47:05.582614,
0142c5405376920c,https://ee.linkedin.com/jobs/view/v%C3%A4rbamise-ja-t%C3%B6%C3%B6suhete-partner-at-haridus-ja-noorteamet-education-and-youth-board-of-estonia-4450452808,Värbamise ja töösuhete partner,,scraped,2026-08-13T15:47:12.667149,
298122ce2a8eb695,https://ee.linkedin.com/jobs/view/configuration-manager-seb-tallinn-copy-at-seb-eesti-4442721208,"Configuration manager | SEB, Tallinn (copy)",,scraped,2026-08-13T15:47:19.985531,
24a50ce71c554067,https://ee.linkedin.com/jobs/view/lastekaitsespetsialist-at-r%C3%A4pina-vallavalitsus-4452402804,Lastekaitsespetsialist,,scraped,2026-08-13T15:47:27.177599,
bbf8667f08460270,https://ee.linkedin.com/jobs/view/%D0%BA%D0%BE%D0%BE%D1%80%D0%B4%D0%B8%D0%BD%D0%B0%D1%82%D0%BE%D1%80-%D0%BF%D0%BE-%D1%82%D0%B1-%D0%BE%D1%82-%D0%B8-%D0%BA%D0%B0%D1%87%D0%B5%D1%81%D1%82%D0%B2%D0%B0-16-06-2022-at-kaz-project-operating-llp-4451025790,"Координатор по ТБ, ОТ и качества (16/06/2022)",Kaz Project Operating LLP,posted,2026-08-13T15:47:46.697981,1133
7365af9ad33f5b88,https://ee.linkedin.com/jobs/view/eesti-raudtee-operatiivse-riskijuhtimise-juht-at-tripod-4452439791,Eesti Raudtee - operatiivse riskijuhtimise juht,,scraped,2026-08-13T15:47:51.283766,
17b61a3a1886c18b,https://ee.linkedin.com/jobs/view/deeptech-co-founder-cso-100-%25-remote-m-f-d-at-ewor-4450356885,DeepTech Co-Founder / CSO (100 % remote) (m/f/d),,scraped,2026-08-13T15:48:03.272690,
428f6e772b9dc232,https://ee.linkedin.com/jobs/view/talent-acquisition-manager-at-cybernetica-4450135419,Talent Acquisition Manager,Cybernetica,posted,2026-08-13T15:48:27.166762,1135
ea08d8e8ff76f757,https://ee.linkedin.com/jobs/view/key-account-manager-at-samsung-baltics-4453100000,Key Account Manager,,scraped,2026-08-13T15:48:33.880217,
09df4d58e1eed1d8,https://ee.linkedin.com/jobs/view/kaldakaupluste-klienditeenindaja-at-tallink-silja-gmbh-4452387621,kaldakaupluste klienditeenindaja,,scraped,2026-08-13T15:48:41.394081,
15ddcfee968528d6,https://ee.linkedin.com/jobs/view/uute-autode-m%C3%BC%C3%BCgikonsultant%EF%BB%BF-at-moller-auto-baltic-4452728944,Uute autode müügikonsultant,,scraped,2026-08-13T15:48:49.100419,
33d6d739b37cadc9,https://ee.linkedin.com/jobs/view/infopanga-agendi-m%C3%BC%C3%BCgijuht-at-%C3%A4rip%C3%A4ev-4452484497,Infopanga Agendi müügijuht,,scraped,2026-08-13T15:49:00.132646,
68ac236d5d41f941,https://ee.linkedin.com/jobs/view/kliendikeskuse-juuniorspetsialist-at-swedbank-estonia-4450119540,Kliendikeskuse juuniorspetsialist,,scraped,2026-08-13T15:49:09.081011,
435c4feaae622cf7,https://ee.linkedin.com/jobs/view/aml-investigation-specialist-at-wallester-4438703923,AML Investigation Specialist,,scraped,2026-08-13T15:49:16.696323,
31804a67e753f5ac,https://ee.linkedin.com/jobs/view/m%C3%BC%C3%BCja-klienditeenindaja-t%C3%A4hesaju-jysk-at-jysk-baltics-4454006323,Müüja - klienditeenindaja Tähesaju JYSK,JYSK Baltics,posted,2026-08-13T15:49:34.845456,1137
e6c10d4e9260fc06,https://ee.linkedin.com/jobs/view/payment-product-manager-at-grafton-recruitment-4451921712,Payment Product Manager,,scraped,2026-08-13T15:49:37.486300,
d686d3553e57ef11,https://ee.linkedin.com/jobs/view/electrician-at-konecranes-4450456735,Electrician,Konecranes,posted,2026-08-13T15:49:55.143565,1139
b14be934cfc8921a,https://ee.linkedin.com/jobs/view/talent-coach-at-toptal-4451873794,Talent Coach,Toptal,posted,2026-08-13T15:50:04.092997,1141
9464722ed138b898,https://ee.linkedin.com/jobs/view/accountant-at-procareer-4449538887,Accountant,,scraped,2026-08-13T15:50:06.804918,
9dd1c3a37b812b7c,https://ee.linkedin.com/jobs/view/tootejuht-atlassian-at-enefit-4453642308,Tootejuht (Atlassian),,scraped,2026-08-13T15:50:18.144741,
81e87c13a67f2d5f,https://ee.linkedin.com/jobs/view/head-of-treasury-front-office-at-luminor-group-4453155165,Head of Treasury Front Office,Luminor Group,posted,2026-08-13T15:50:36.911339,1143
849ab2d7e77a63c1,https://ee.linkedin.com/jobs/view/chef-tournant-at-celebrity-cruises-4439949795,Chef Tournant,Celebrity Cruises,posted,2026-08-13T15:50:49.332307,1145
72729279b94c2797,https://ee.linkedin.com/jobs/view/asesor-de-ventas-online-at-grupo-q-4452108856,Asesor de Ventas Online,,scraped,2026-08-13T15:50:52.038150,
a126b1b607d02511,https://ee.linkedin.com/jobs/view/hr-specialist-at-adcash-4452441315,HR Specialist,,scraped,2026-08-13T15:50:59.757572,
8478c75c04278fb8,https://ee.linkedin.com/jobs/view/key-account-manager-workwear-and-safety-footwear-sales-tallinn-at-mascot%C2%AE-workwear-4424426983,Key Account Manager - Workwear and Safety Footwear Sales - Tallinn,,scraped,2026-08-13T15:51:06.245733,
d7adbac2034ec828,https://ee.linkedin.com/jobs/view/estonia-language-teacher-at-lingua-learn-corporate-4451334479,Estonia Language Teacher,Lingua Learn Corporate,posted,2026-08-13T15:51:17.923686,1147
6b091d0f10a4cdd1,https://ee.linkedin.com/jobs/view/hr-manager-at-lth-baas-4451542332,HR Manager,,scraped,2026-08-13T15:51:24.716329,
717c7d10dee4d735,https://ee.linkedin.com/jobs/view/accounting-advisory-services-leader-at-pwc-estonia-4424560745,Accounting Advisory Services Leader,PwC Estonia,posted,2026-08-13T15:51:44.453201,1149
dba9bc507137cc69,https://ee.linkedin.com/jobs/view/konami-slot-technician-oklahoma-at-konami-gaming-inc-4450790259,Konami Slot Technician Oklahoma,"Konami Gaming, Inc.",posted,2026-08-13T15:51:59.806636,1151
5d4e4b8693997d1b,https://ee.linkedin.com/jobs/view/sourcing-lead-automobile-spare-parts-at-mohinani-group-4449863261,Sourcing Lead - Automobile (Spare parts),,scraped,2026-08-13T15:52:06.515421,
6198021e6f8e1eb1,https://ee.linkedin.com/jobs/view/payment-tech-lead-at-grafton-recruitment-4451929408,Payment Tech Lead,,scraped,2026-08-13T15:52:13.758574,
28ad7418915e56e4,https://ee.linkedin.com/jobs/view/sales-director-at-seisuk-furniture-4450147660,Sales Director,,scraped,2026-08-13T15:52:27.392205,
5af832302134fd3c,https://ee.linkedin.com/jobs/view/payments-partnerships-onboarding-at-evotym-4452741420,Payments Partnerships (Onboarding),,scraped,2026-08-13T15:52:34.454504,
86a1b730fa4813b9,https://ee.linkedin.com/jobs/view/sales-strategic-partnerships-consultant-at-ordinoq-4449875381,Sales & Strategic Partnerships Consultant,,scraped,2026-08-13T15:52:41.161624,
7de73df84f38cbf4,https://ee.linkedin.com/jobs/view/product-analyst-contract-at-malwarebytes-4453345544,Product Analyst (Contract),Malwarebytes,posted,2026-08-13T15:52:50.064116,625
d5c45998c5f85a2a,https://ee.linkedin.com/jobs/view/operations-coordinator-bolt-market-at-bolt-4451191731,"Operations Coordinator, Bolt Market",,scraped,2026-08-13T15:52:54.647499,
ff903555ff0e8e2e,https://ee.linkedin.com/jobs/view/bank-account-controller-at-wise-4415082390,Bank Account Controller,,scraped,2026-08-13T15:53:01.548176,
6a2eb2104607af30,https://ee.linkedin.com/jobs/view/social-worker-at-bristol-city-council-4453392677,Social Worker,,scraped,2026-08-13T15:53:14.363815,
002dda7013fbfb35,https://ee.linkedin.com/jobs/view/regional-information-security-officer-eu-at-wise-4452721192,Regional Information Security Officer - EU,,scraped,2026-08-13T15:53:26.054234,
b28ff4fbbeaf79a7,https://ee.linkedin.com/jobs/view/kaamos-group-kontserni-pearaamatupidaja-at-tripod-4453674840,Kaamos Group - kontserni pearaamatupidaja,,scraped,2026-08-13T15:53:35.849792,
885725a34617dd32,https://ee.linkedin.com/jobs/view/senior-product-manager-customer-reporting-at-wise-4424221268,Senior Product Manager - Customer Reporting,,scraped,2026-08-13T15:53:44.300940,
f65398c7f240fe8b,https://ee.linkedin.com/jobs/view/people-partner-project-manager-at-wise-4452719180,People Partner Project Manager,,scraped,2026-08-13T15:53:53.923462,
af5689371fbf3129,https://ee.linkedin.com/jobs/view/barbers-for-the-nordics-at-eutalents-4453042108,Barbers for the Nordics,,scraped,2026-08-13T15:54:03.897280,
ed9e770c5a9088b5,https://ee.linkedin.com/jobs/view/mehhatroonik-at-rollo-robotics-4452430867,Mehhatroonik,,scraped,2026-08-13T15:54:18.233473,
2d2223b5b1dff137,https://ee.linkedin.com/jobs/view/engineering-lead-payout-core-at-wise-4393405939,Engineering Lead - Payout Core,,scraped,2026-08-13T15:54:25.125526,
17df9a16d5a9d37c,https://ee.linkedin.com/jobs/view/vehicle-program-manager-at-bolt-4452388971,Vehicle Program Manager,,scraped,2026-08-13T15:54:36.938003,
05ed79c9d5d6a6ab,https://ee.linkedin.com/jobs/view/senior-growth-analyst-at-bolt-4432972092,Senior Growth Analyst,,scraped,2026-08-13T15:54:45.735574,
42ed777e8bc705a5,https://ee.linkedin.com/jobs/view/ict-risk-information-security-manager-at-bolt-4452751684,ICT Risk & Information Security Manager,,scraped,2026-08-13T15:54:52.669566,
b038aeb76daa1347,https://ee.linkedin.com/jobs/view/siseaudiitor-at-enefit-4450290027,Siseaudiitor,,scraped,2026-08-13T15:55:06.981813,
1da74c9105da75e3,https://ee.linkedin.com/jobs/view/compliance-officer-commerce-at-bolt-4449737839,"Compliance Officer, Commerce",,scraped,2026-08-13T15:55:21.398254,
502a88b5e10176b0,https://ee.linkedin.com/jobs/view/turundusjuht-kelle-loovad-ideed-m%C3%B5jutavad-otsustajaid-seb-tallinn-at-seb-eesti-4443785747,"Turundusjuht, kelle loovad ideed mõjutavad otsustajaid | SEB, Tallinn",,scraped,2026-08-13T15:55:28.069982,
633f27c588bed8ec,https://ee.linkedin.com/jobs/view/senior-product-designer-safepass-at-bolt-4434167227,"Senior Product Designer, SafePass",,scraped,2026-08-13T15:55:41.398828,
88859b7a0b5356cf,https://ee.linkedin.com/jobs/view/head-of-legal-unit-ad10-at-eu-lisa-4451668512,Head of Legal Unit (AD10),,scraped,2026-08-13T15:55:50.025389,
faa085776a833e6c,https://ee.linkedin.com/jobs/view/technical-support-specialist-at-haystack-4452397005,Technical Support Specialist,,scraped,2026-08-13T15:55:59.824915,
fe361b21ae061b25,https://ee.linkedin.com/jobs/view/lead-electronics-design-engineer-at-stoneridge-4434779032,Lead Electronics Design Engineer,Stoneridge,posted,2026-08-13T15:56:16.920105,1153
8ce57854ca349006,https://ee.linkedin.com/jobs/view/data-analyst-at-welltech-4452459767,Data Analyst,,scraped,2026-08-13T15:56:23.622369,
45226814be8ba996,https://ee.linkedin.com/jobs/view/ux-ui-designer-in-estonia-northeastern-europe-at-m%C3%BCller-s-solutions-4448762443,"UX & UI Designer in Estonia""Northeastern Europe""",,scraped,2026-08-13T15:56:34.309169,
4aeb5bed4a39ae33,https://ee.linkedin.com/jobs/view/junior-hypotheekadviseur-%E2%80%93-leeuwarden-sneek-%0Ade-hypotheekshop-sneek-at-de-hypotheekshop-4453380586,"Junior Hypotheekadviseur – Leeuwarden/Sneek 
De Hypotheekshop Sneek",,scraped,2026-08-13T15:56:41.269299,
2872600686a2d027,https://ee.linkedin.com/jobs/view/technical-account-manager-at-paymentology-4453143106,Technical Account Manager,,scraped,2026-08-13T15:56:49.073122,
6d97a73556d1be7e,https://ee.linkedin.com/jobs/view/senior-seo-cro-strategist-at-jobgether-4452416800,Senior SEO/CRO Strategist,,scraped,2026-08-13T15:56:56.194797,
176eb8fabd244c85,https://ee.linkedin.com/jobs/view/we%E2%80%99re-hiring-polish-speakers-remotely%21-at-katrium-4449258113,We’re hiring Polish speakers remotely!,Katrium,posted,2026-08-13T15:57:17.039136,1155
abfac5098b30e073,https://ee.linkedin.com/jobs/view/senior-ai-creative-designer-at-capslock-4453697404,Senior AI Creative Designer,,scraped,2026-08-13T15:57:19.820245,
4828518aad72b5f4,https://ee.linkedin.com/jobs/view/full-stack-java-developer-junior-mid-level-at-helmes-4451565269,Full-Stack Java Developer (Junior/Mid-Level),,scraped,2026-08-13T15:57:26.099297,
202e54d5fe55853a,https://ee.linkedin.com/jobs/view/data-engineer-analytics-engineer-at-ingamejob-com-4451943300,Data Engineer / Analytics Engineer,,scraped,2026-08-13T15:57:37.342424,
c12f812ea2db441f,https://ee.linkedin.com/jobs/view/freelance-at-firstsource-4451160189,Freelance,,scraped,2026-08-13T15:57:44.923011,
f3b67780593dd0e6,https://ee.linkedin.com/jobs/view/senior-product-designer-at-tickmill-4426401116,Senior Product Designer,,scraped,2026-08-13T15:57:51.733651,
4335236507d3d82b,https://ee.linkedin.com/jobs/view/senior-frontend-platform-engineer-at-n8n-4452459768,Senior Frontend Platform Engineer,,scraped,2026-08-13T15:58:05.993222,
353db2f710a324d9,https://ee.linkedin.com/jobs/view/freelance-senior-clinical-research-associate-at-tfs-healthscience-4453356742,Freelance Senior Clinical Research Associate,TFS HealthScience,posted,2026-08-13T15:58:24.327439,1157
05afecc1d0c7bdea,https://ee.linkedin.com/jobs/view/property-consultant-dubai-based-at-mccone-properties-4453695937,Property Consultant (Dubai Based),,scraped,2026-08-13T15:58:26.989806,
b502371c812cd2ef,https://ee.linkedin.com/jobs/view/inplay-analyst-football-0-6-at-genius-sports-4452700174,"InPlay Analyst Football (0,6)",,scraped,2026-08-13T15:58:34.061502,
329a56b60dc2044a,https://ee.linkedin.com/jobs/view/chemistry-lab-data-expert-freelance-at-telus-digital-ai-data-solutions-4453657418,Chemistry & Lab Data Expert (Freelance),TELUS Digital AI Data Solutions,posted,2026-08-13T15:58:48.195861,1159
f1b6f5d4df2fc439,https://ee.linkedin.com/jobs/view/senior-embedded-audio-platform-developer-at-unikie-4450626763,Senior Embedded Audio Platform Developer,,scraped,2026-08-13T15:58:51.025665,
46d98469592d1b54,https://ee.linkedin.com/jobs/view/senior-rust-engineer-high-frequency-trading-hft-at-keyrock-4451481809,Senior Rust Engineer - High Frequency Trading (HFT),Keyrock,posted,2026-08-13T15:59:07.278117,1161
ad648cc398980857,https://ee.linkedin.com/jobs/view/senior-java-developer-with-apache-kafka-f-m-x-at-sii-poland-4450805023,Senior Java Developer with Apache Kafka (f/m/x),,scraped,2026-08-13T15:59:22.111241,
54f5db503450c85b,https://ee.linkedin.com/jobs/view/dutch-speaking-customer-support-specialist-remote-in-portugal-at-ww-talents-4453046541,Dutch-Speaking Customer Support Specialist | Remote in Portugal,WW Talents,posted,2026-08-13T15:59:38.458312,1163
684ed1fb7c7b8605,https://ee.linkedin.com/jobs/view/senior-data-scientist-ai-engineer-generative-ai-at-nordea-4441984280,Senior Data Scientist / AI Engineer - Generative AI,,scraped,2026-08-13T15:59:41.222030,
2b2cd8e13c7e5fea,https://ee.linkedin.com/jobs/view/solutions-consultant-with-danish-and-english-at-telus-digital-4454039040,Solutions Consultant with Danish and English,,scraped,2026-08-13T15:59:51.730544,
5e63d7d4b62fe7ee,https://ee.linkedin.com/jobs/view/senior-security-engineer-bangkok-based-relocation-provided-at-agoda-4453620772,"Senior Security Engineer (Bangkok Based, Relocation Provided)",Agoda,posted,2026-08-13T16:00:10.017571,1165
799086310b45bba9,https://ee.linkedin.com/jobs/view/danish-speaking-customer-support-agent-i-remote-in-greece-i-relocation-support-at-ww-talents-4452169495,Danish-Speaking Customer Support Agent I Remote in Greece I Relocation Support,WW Talents,posted,2026-08-13T16:00:23.805969,1167
07289179af00e6a0,https://ee.linkedin.com/jobs/view/german-speaking-customer-support-rep-i-onsite-in-greece-i-relocation-support-at-ww-talents-4453036573,German-Speaking Customer Support Rep I Onsite in Greece I Relocation Support,WW Talents,posted,2026-08-13T16:00:34.002235,1169
21d6c00e0a77c59e,https://ee.linkedin.com/jobs/view/german-speaking-customer-service-representative-remote-in-portugal-at-ww-talents-4453026673,German-Speaking Customer Service Representative | Remote in Portugal,WW Talents,posted,2026-08-13T16:00:43.922030,1171
885cf8d46f0510f9,https://ee.linkedin.com/jobs/view/danish-speaking-customer-support-agent-i-onsite-in-greece-i-relocation-support-at-ww-talents-4451110046,Danish-Speaking Customer Support Agent I Onsite in Greece I Relocation Support,WW Talents,posted,2026-08-13T16:00:53.190041,1173
31141a7b65c12652,https://ee.linkedin.com/jobs/view/digital-trust-and-safety-specialist-with-danish-and-english-at-telus-digital-4454014740,Digital Trust and Safety Specialist with Danish and English,,scraped,2026-08-13T16:00:58.001633,
80f11d7564dd8688,https://ee.linkedin.com/jobs/view/senior-qa-automation-engineer-at-jobgether-4451135120,Senior QA Automation Engineer,,scraped,2026-08-13T16:01:09.632377,
ab94168e929a787d,https://ee.linkedin.com/jobs/view/senior-software-engineer-consumer-lending-m-f-d-at-riverty-4453637387,Senior Software Engineer (Consumer Lending) (m/f/d),,scraped,2026-08-13T16:01:18.398231,
3e8bedffd0d15c41,https://ee.linkedin.com/jobs/view/graphic-design-expert-at-jobgether-4451123924,Graphic Design Expert,,scraped,2026-08-13T16:01:25.973146,
1ffbe2a776b5f649,https://ee.linkedin.com/jobs/view/testing-and-quality-assurance-analyst-at-jobgether-4453058455,Testing and Quality Assurance Analyst,,scraped,2026-08-13T16:01:32.362609,
a2b0c46f907406a0,https://ee.linkedin.com/jobs/view/head-of-revenue-baltics-at-stebby-4450496860,"Head of Revenue, Baltics",,scraped,2026-08-13T16:01:40.716053,
438789629a8bdfa6,https://ee.linkedin.com/jobs/view/solutions-consultant-with-danish-and-english-at-telus-digital-4454020960,Solutions Consultant with Danish and English,,scraped,2026-08-13T16:01:48.366222,
1b4370d382404d98,https://ee.linkedin.com/jobs/view/solutions-consultant-with-danish-and-english-at-telus-digital-4454040008,Solutions Consultant with Danish and English,,scraped,2026-08-13T16:01:56.001848,
546a4215d60ddfca,https://ee.linkedin.com/jobs/view/kinnisvara-projektijuht-at-rimi-baltic-group-4450498492,Kinnisvara projektijuht,,scraped,2026-08-13T16:02:02.794290,
350a7bf55f6a8fac,https://ee.linkedin.com/jobs/view/billing-ar-accountant-parental-leave-cover-at-veriff-4450815141,Billing & AR Accountant (Parental Leave Cover),Veriff,posted,2026-08-13T16:02:19.111760,1175
9241e55734bb7692,https://ee.linkedin.com/jobs/view/ap-accountant-parental-leave-cover-at-veriff-4450803287,AP Accountant (Parental Leave Cover),Veriff,posted,2026-08-13T16:02:28.048664,1177
a75aee19acf1e8e3,https://ee.linkedin.com/jobs/view/identity-governance-integration-expert-entra-id-omada-m-f-d-at-riverty-4454056170,Identity Governance & Integration Expert (Entra ID & Omada) (m/f/d),,scraped,2026-08-13T16:02:30.720110,
1b59ebdf3dd60c16,https://ee.linkedin.com/jobs/view/it-support-specialist-m-f-d-at-riverty-4454047258,IT Support Specialist (m/f/d),,scraped,2026-08-13T16:02:38.022779,
fc05ce490eb3d817,https://ee.linkedin.com/jobs/view/juuksurid-norrasse-at-eutalents-4453279974,Juuksurid Norrasse,,scraped,2026-08-15T15:04:15.337463,
5bdcfb5e5c5595c2,https://ee.linkedin.com/jobs/view/juuksurid-norrasse-at-eutalents-4453296004,Juuksurid Norrasse,,scraped,2026-08-15T15:04:25.789820,
72db3dd521182fa5,https://ee.linkedin.com/jobs/view/komplekteerija-linnam%C3%A4e-at-barbora-eesti-4452995269,Komplekteerija (LINNAMÄE),,scraped,2026-08-15T15:04:38.094172,
2d3416d609e377f6,https://ee.linkedin.com/jobs/view/m%C3%BC%C3%BCja-klienditeenindaja-circle-k-v%C3%B5ru-teenindusjaama-at-circle-k-4453596956,Müüja-klienditeenindaja Circle K VÕRU teenindusjaama,,scraped,2026-08-15T15:04:45.095128,
2e5cdae5a6050843,https://ee.linkedin.com/jobs/view/maksetoe-spetsialist-at-bigbank-4454389662,Maksetoe spetsialist,,scraped,2026-08-15T15:04:59.616270,
106950e920318693,https://ee.linkedin.com/jobs/view/business-development-consultant-4451203101,Business Development Consultant,Tommy Johansson,posted,2026-08-15T15:05:17.316868,1179
146544f870da91f5,https://ee.linkedin.com/jobs/view/english-travel-consultant-night-shift-at-hurtigruten-4453236393,"English Travel Consultant, Night Shift",,scraped,2026-08-15T15:05:23.894423,
9c646e667d3b1303,https://ee.linkedin.com/jobs/view/deeptech-co-founder-cso-100-%25-remote-m-f-d-at-ewor-4453716144,DeepTech Co-Founder / CSO (100 % remote) (m/f/d),,scraped,2026-08-15T15:05:34.446038,
24926b25981f8472,https://ee.linkedin.com/jobs/view/longevity-co-founder-head-of-engineering-100-%25-remote-m-f-d-at-ewor-4453575663,Longevity Co-Founder / Head of Engineering (100 % remote) (m/f/d),,scraped,2026-08-15T15:05:46.965657,
9090118066745731,https://ee.linkedin.com/jobs/view/liftimehaanik-otis-at-otis-elevator-co-4451192479,LIFTIMEHAANIK OTIS,Otis Elevator Co.,posted,2026-08-15T15:05:59.173761,1181
d75291c2971d1f70,https://ee.linkedin.com/jobs/view/keevitaja-welder-at-ferrel-as-4450475836,Keevitaja (Welder),,scraped,2026-08-15T15:06:15.651731,
d1904b963a0e8e6e,https://ee.linkedin.com/jobs/view/data-protection-officer-at-pipedrive-4443934986,Data Protection Officer,Pipedrive,posted,2026-08-15T15:06:30.691951,1183
c61f2546182f743a,https://ee.linkedin.com/jobs/view/risk-insurance-manager-at-genius-sports-4444013312,Risk & Insurance Manager,,scraped,2026-08-15T15:06:33.339993,
64effb3f589974b6,https://ee.linkedin.com/jobs/view/computer-vision-engineer-at-lendurai-4451639635,Computer Vision Engineer,,scraped,2026-08-15T15:06:41.648501,
e2d36f868c27d376,https://ee.linkedin.com/jobs/view/regional-sourcing-manager-baltics-scandinavia-region-%F0%9F%93%8D-tartu-tallinn-at-fractory-4452381809,Regional Sourcing Manager (Baltics & Scandinavia region) 📍 Tartu/Tallinn,,scraped,2026-08-15T15:06:48.081359,
33fbb6ce8ecb2514,https://ee.linkedin.com/jobs/view/technical-event-manager-mylaps-sports-service-estonia-at-mylaps-sports-technology-4454026782,Technical Event Manager MYLAPS Sports Service Estonia,,scraped,2026-08-15T15:06:57.146664,
2b3b6757756df5d7,https://ee.linkedin.com/jobs/view/software-engineer-checkout-payment-methods-m-f-d-at-riverty-4454591656,Software Engineer (Checkout Payment Methods) (m/f/d),,scraped,2026-08-15T15:07:05.722979,
0b611b5e09ca377a,https://ee.linkedin.com/jobs/view/fpga-engineer-at-sky-spy-4449858024,FPGA Engineer,Sky Spy,posted,2026-08-15T15:07:26.604998,1185
36199171b05eafcd,https://ee.linkedin.com/jobs/view/business-development-manager-europe-defense-government-markets-at-sky-spy-4450834206,"Business Development Manager (Europe, Defense & Government Markets)",Sky Spy,posted,2026-08-15T15:07:37.020672,1187
1c400ec08d146f7b,https://ee.linkedin.com/jobs/view/manager-market-research-business-development-european-partner-markets-at-medison-pharma-4442683053,"Manager, Market Research & Business Development,  European Partner Markets",Medison Pharma,posted,2026-08-15T15:07:55.883544,1189
8d0e2d8110510b0b,https://ee.linkedin.com/jobs/view/visual-merchandising-concept-specialist-at-the-studio-4452733148,Visual Merchandising & Concept Specialist,THE/STUDIO,posted,2026-08-15T15:08:05.383085,1191
3b89663a2d5fb1f2,https://ee.linkedin.com/jobs/view/technical-support-specialist-at-haystack-4453514995,Technical Support Specialist,,scraped,2026-08-15T15:08:08.043994,
24512a677393fa8a,https://ee.linkedin.com/jobs/view/treasury-lead-analyst-at-monese-4432799239,Treasury Lead Analyst,,scraped,2026-08-15T15:08:15.831829,
501d17799c8a32c4,https://ee.linkedin.com/jobs/view/lead-ai-gtm-engineer-100%25-remote-europe-at-hostaway-4454574453,Lead AI GTM Engineer - 100% Remote - Europe,,scraped,2026-08-15T15:08:24.261924,
712c55f904a17483,https://ee.linkedin.com/jobs/view/finnish-customer-support-specialist-at-sisu-group-4409212102,Finnish Customer Support Specialist,SISU GROUP,posted,2026-08-15T15:08:42.686099,1193
acec76284b60fee3,https://ee.linkedin.com/jobs/view/engineering-project-manager-at-elcogen-4450128273,Engineering Project Manager,,scraped,2026-08-15T15:08:53.417972,
5c607d3ba71984b2,https://ee.linkedin.com/jobs/view/sales-project-manager-at-itab-group-4453245228,Sales Project Manager,,scraped,2026-08-15T15:09:02.315924,
259eeafa1b8bfcdf,https://ee.linkedin.com/jobs/view/country-advisor-market-development-european-markets-%2B-australia-at-powerlys-4450142437,Country Advisor - Market Development (European Markets + Australia),Powerlys,posted,2026-08-15T15:09:15.600801,1195
4db07a0d91f0844c,https://ee.linkedin.com/jobs/view/welding-engineer-iwe-welding-inspector-iwi-4450460384,Welding Engineer IWE / Welding Inspector IWI,Marketex Offshore Constructions,posted,2026-08-15T15:09:23.261291,1197
7520af61fce55d18,https://ee.linkedin.com/jobs/view/clinical-project-manager-europe-talent-pipeline-opportunity-at-emerald-clinical-4451146530,Clinical Project Manager (Europe) - Talent Pipeline Opportunity,,scraped,2026-08-15T15:09:25.901933,
be1c937c5c25aede,https://ee.linkedin.com/jobs/view/senior-security-operation-engineer-at-agoda-4453626696,Senior Security Operation Engineer,Agoda,posted,2026-08-15T15:09:42.016406,1199
71012ab7a0ec41b4,https://ee.linkedin.com/jobs/view/cloud-engineer-at-haystack-4453539031,Cloud Engineer,,scraped,2026-08-15T15:09:44.765395,
70f2143f312c3647,https://ee.linkedin.com/jobs/view/head-of-budget-and-finance-unit-ad10-at-eu-lisa-4451671150,Head of Budget and Finance Unit (AD10),,scraped,2026-08-15T15:09:52.250658,
7f31a53582707a03,https://ee.linkedin.com/jobs/view/infrastructuurbeheerder-servers-storage-at-shared-service-centrum-ons-4453283064,INFRASTRUCTUURBEHEERDER (SERVERS & STORAGE),,scraped,2026-08-15T15:10:00.057652,
067361155c5619e2,https://ee.linkedin.com/jobs/view/senior-account-executive-emea-at-veriff-4412041690,"Senior Account Executive, EMEA",Veriff,posted,2026-08-15T15:10:13.708036,1201
04f31b08095f14fb,https://ee.linkedin.com/jobs/view/event-design-production-specialist-at-psi-cro-4450474401,Event Design & Production Specialist,PSI CRO,posted,2026-08-15T15:10:23.416478,799
224dffca775d4d49,https://ee.linkedin.com/jobs/view/m%C3%BC%C3%BCja-klienditeenindaja-circle-k-n%C3%B5mme-teenindusjaama-at-circle-k-4452389431,Müüja-klienditeenindaja Circle K NÕMME teenindusjaama,,scraped,2026-08-15T15:10:27.986780,
6b150414cb929ff4,https://ee.linkedin.com/jobs/view/lifecycle-marketing-specialist-riders-at-bolt-4443874485,"Lifecycle Marketing Specialist, Riders",,scraped,2026-08-15T15:10:36.677544,
5ee509065befe51b,https://ee.linkedin.com/jobs/view/barbers-for-the-nordics-at-eutalents-4453047093,Barbers for the Nordics,,scraped,2026-08-15T15:10:45.374531,
11a60b868470c4af,https://ee.linkedin.com/jobs/view/acquiring-risk-fraud-analyst-at-wise-4453204481,Acquiring Risk Fraud Analyst,,scraped,2026-08-15T15:10:59.894999,
b0d83977d6cb8f23,https://ee.linkedin.com/jobs/view/barbers-for-the-nordics-at-eutalents-4453030198,Barbers for the Nordics,,scraped,2026-08-15T15:11:07.640774,
33f2433217d2a8ea,https://ee.linkedin.com/jobs/view/strategy-operations-manager-global-support-at-wolt-4453535135,"Strategy & Operations Manager, Global Support",,scraped,2026-08-15T15:11:15.782717,
7322215f89d77db9,https://ee.linkedin.com/jobs/view/senior-ifrs-expert-at-luminor-group-4454505808,Senior IFRS Expert,Luminor Group,posted,2026-08-15T15:11:37.251629,1203
462a4fe5e81e5533,https://ee.linkedin.com/jobs/view/senior-product-analyst-geo-platform-at-bolt-4452399894,"Senior Product Analyst, Geo Platform",,scraped,2026-08-15T15:11:44.001393,
3a9edce12f93b6e4,https://ee.linkedin.com/jobs/view/cybersecurity-specialist-at-threod-systems-4454529515,Cybersecurity Specialist,Threod Systems,posted,2026-08-15T15:11:56.786746,1205
faaf45272153a21d,https://ee.linkedin.com/jobs/view/is-functional-analyst-erp-coe-at-abb-4444483407,IS Functional Analyst ERP CoE,,scraped,2026-08-15T15:11:59.446243,
1d86429bbd7331e9,https://ee.linkedin.com/jobs/view/senior-aml-ctf-compliance-officer-at-bolt-4452703569,Senior AML/CTF Compliance Officer,,scraped,2026-08-15T15:12:10.831763,
3f576eb30a52a87f,https://ee.linkedin.com/jobs/view/freelance-luxury-brand-evaluator-estonia-tallin-ee-at-cxg-4454061987,"Freelance Luxury Brand Evaluator - Estonia, Tallin, EE",,scraped,2026-08-15T15:12:17.359602,
88a0d641e562d484,https://ee.linkedin.com/jobs/view/export-sales-manager-gaming-products-at-asbis-baltics-4450464835,Export Sales Manager - Gaming Products,,scraped,2026-08-15T15:12:26.113774,
6d2d04850ab737e2,https://ee.linkedin.com/jobs/view/arhitekt-at-arhitektuurib%C3%BCroo-korrus-4419663980,ARHITEKT,,scraped,2026-08-15T15:12:36.581434,
503bae16d0dba70b,https://ee.linkedin.com/jobs/view/qa-engineer-m-f-d-at-riverty-4454049271,QA Engineer (m/f/d),,scraped,2026-08-15T15:12:45.033339,
8db793b72c76fe50,https://ee.linkedin.com/jobs/view/ai-ugc-performance-ads-video-editor-at-dtc-creative-agency-remote-at-paired-4452427333,AI UGC & Performance Ads Video Editor at DTC Creative Agency (Remote),Paired,posted,2026-08-15T15:13:02.288990,1207
1063ee99cf4ea408,https://ee.linkedin.com/jobs/view/clinical-lead-clinical-trial-manager-europe-talent-pipeline-opportunity-at-emerald-clinical-4451171107,Clinical Lead / Clinical Trial Manager (Europe) - Talent Pipeline Opportunity,,scraped,2026-08-15T15:13:04.970199,
6beb22361dfc0d29,https://ee.linkedin.com/jobs/view/staff-backend-engineer-greenfield-product-100%25-remote-europe-at-hostaway-4454531228,"Staff Backend Engineer, Greenfield Product - 100% Remote - Europe",,scraped,2026-08-15T15:13:13.618861,
f1621f4049326593,https://ee.linkedin.com/jobs/view/hairdressers-for-norway-at-eutalents-4453289033,Hairdressers for Norway,,scraped,2026-08-15T15:13:20.186413,
db7f1b891d31c528,https://ee.linkedin.com/jobs/view/lead-devops-engineer-at-onoff-4422488230,Lead DevOps Engineer,,scraped,2026-08-15T15:13:32.436784,
22311c61f2e59e10,https://ee.linkedin.com/jobs/view/hairdressers-for-norway-at-eutalents-4453270990,Hairdressers for Norway,,scraped,2026-08-15T15:13:39.757196,
52cd296d3965e35c,https://ee.linkedin.com/jobs/view/lead-devops-engineer-at-point-wild-4454059130,Lead DevOps Engineer,Point Wild,posted,2026-08-15T15:13:53.258365,1209
2b47eeb7689586d8,https://ee.linkedin.com/jobs/view/managing-counsel-commercial-emea-at-remote-4454808638,"Managing Counsel, Commercial (EMEA)",Remote,posted,2026-08-15T15:14:07.909404,1211
d0d8951e5969ed1d,https://ee.linkedin.com/jobs/view/technical-support-specialist-finnish-speaking-at-fujitsu-4454579483,Technical Support Specialist (Finnish-speaking),,scraped,2026-08-15T15:14:12.639967,
d0fa8b2ce77b0c71,https://ee.linkedin.com/jobs/view/marketing-project-manager-growth-marketing-manager-at-jobgether-4453583092,Marketing Project Manager/Growth Marketing Manager,,scraped,2026-08-15T15:14:23.274928,
ca9c847c55367eb3,https://ee.linkedin.com/jobs/view/software-engineer-at-twilio-4385361235,Software Engineer,Twilio,posted,2026-08-15T15:14:32.090429,310
19932f504aea5260,https://ee.linkedin.com/jobs/view/senior-backend-engineer-integrations-100%25-remote-emea-at-hostaway-4454520299,"Senior Backend Engineer, Integrations - 100% Remote - EMEA",,scraped,2026-08-15T15:14:44.807773,
81cfcf397baec1d3,https://ee.linkedin.com/jobs/view/welding-supervisor-at-proforce-industry-4449555574,Welding Supervisor,,scraped,2026-08-15T15:14:51.270123,
e39da40b54850264,https://ee.linkedin.com/jobs/view/cto-and-co-founder-at-startup-wise-guys-4453071307,CTO and Co-Founder,,scraped,2026-08-15T15:14:59.300825,
6bbe90b8e6576aed,https://ee.linkedin.com/jobs/view/senior-cloud-engineer-at-haystack-4452376984,Senior Cloud Engineer,,scraped,2026-08-15T15:15:07.246363,
8c9b9537314f3b3f,https://ee.linkedin.com/jobs/view/h-f-cdd-ing%C3%A9nieur-de-recherche-en-%C3%A9cologie-18-mois-at-cnrs-centre-est-4454857883,(H/F) CDD Ingénieur de recherche en écologie -18 Mois,,scraped,2026-08-15T15:15:14.381228,
8fe0e806eb534d97,https://ee.linkedin.com/jobs/view/fitbit-customer-support-specialist-with-danish-and-english-at-telus-digital-4454532244,Fitbit Customer Support Specialist with Danish and English,,scraped,2026-08-15T15:15:28.739521,
051827ac6b61663c,https://ee.linkedin.com/jobs/view/estonian-language-expert-at-sme-careers-4454538254,Estonian Language Expert,SME Careers,posted,2026-08-15T15:15:41.925826,1213
9891cca9a550e0f8,https://ee.linkedin.com/jobs/view/analyst-senior-analyst-associate-manager-marketing-analytics-bangkok-based-relocation-provided-at-agoda-4410546152,"Analyst/Senior Analyst/Associate Manager, Marketing Analytics (Bangkok Based, relocation provided)",Agoda,posted,2026-08-15T15:15:53.966780,1215
d1f2b8c0384f8389,https://ee.linkedin.com/jobs/view/ai-training-fluent-russian-speakers-freelance-remote-at-prolific-4452713504,AI Training - Fluent Russian Speakers (Freelance - Remote),,scraped,2026-08-15T15:15:56.627711,
05fb89d3867e6586,https://ee.linkedin.com/jobs/view/senior-qa-engineer-test-automation-engineer-at-bonapolia-4453713199,Senior QA Engineer / Test Automation Engineer,,scraped,2026-08-15T15:16:03.395839,
c6b56f5e60302028,https://ee.linkedin.com/jobs/view/senior-cloud-architect-delivery-genai-at-doit-4434995006,"Senior Cloud Architect, Delivery (GenAI)",DoiT,posted,2026-08-15T15:16:21.640839,1217
8d43f07b8d3ca6ad,https://ee.linkedin.com/jobs/view/senior-product-designer-identity-at-bolt-4434171145,"Senior Product Designer, Identity",,scraped,2026-08-15T15:16:24.228724,
f8366f8efa4c8eee,https://ee.linkedin.com/jobs/view/paid-media-manager-at-jobgether-4453578357,Paid Media Manager,,scraped,2026-08-15T15:16:36.782609,
1bee6c710844e082,https://ee.linkedin.com/jobs/view/linux-software-engineer-at-stoneridge-4434783034,Linux Software Engineer,Stoneridge,posted,2026-08-15T15:16:49.417241,1219
ef1d935266716102,https://ee.linkedin.com/jobs/view/data-engineer-senior-at-jobgether-4452926486,Data Engineer - Senior,,scraped,2026-08-15T15:16:52.176911,
bebb78ed8f5842ec,https://ee.linkedin.com/jobs/view/mechanical-engineer-at-stoneridge-4453675809,Mechanical Engineer,Stoneridge,posted,2026-08-15T15:17:11.963989,1221
7e60fc00af54a85a,https://ee.linkedin.com/jobs/view/staff-engineer-kernelcare-at-jobgether-4451190577,"Staff Engineer, KernelCare",,scraped,2026-08-15T15:17:14.755413,
114066c5c6233a27,https://ee.linkedin.com/jobs/view/senior-creatio-technical-consultant-at-jobgether-4452379719,Senior Creatio Technical Consultant,,scraped,2026-08-15T15:17:21.154139,
b79a97d7a0311250,https://ee.linkedin.com/jobs/view/b2b-cofounder-marketing-at-startup-wise-guys-4450882363,B2B Cofounder (Marketing),,scraped,2026-08-15T15:17:29.832822,
d7ada9747f89f246,https://ee.linkedin.com/jobs/view/senior-software-engineer-at-haystack-4452940005,Senior Software Engineer,,scraped,2026-08-15T15:17:37.515388,
248fa8cb773549b3,https://ee.linkedin.com/jobs/view/meteorology-software-qa-at-jobgether-4453531408,Meteorology Software QA,,scraped,2026-08-15T15:17:51.394849,
00ce6fb84fe9c891,https://ee.linkedin.com/jobs/view/senior-software-engineer-consumer-lending-m-f-d-at-riverty-4451613088,Senior Software Engineer (Consumer Lending) (m/f/d),,scraped,2026-08-15T15:17:57.525058,
77cd1495d91006e0,https://ee.linkedin.com/jobs/view/staff-data-engineer-%E2%80%93-display-marketing-bidding-systems-team-bangkok-based-relocation-provided-at-agoda-4444454629,"Staff Data Engineer – Display Marketing / Bidding Systems Team (Bangkok based, relocation provided)",Agoda,posted,2026-08-15T15:18:15.800198,1223
308699bb005a7468,https://ee.linkedin.com/jobs/view/dutch-speaking-customer-service-rep-onsite-in-greece-with-relocation-support-at-ww-talents-4452799025,Dutch-Speaking Customer Service Rep | Onsite in Greece with Relocation Support,WW Talents,posted,2026-08-15T15:18:37.474691,1225
d46d044a7cca0398,https://ee.linkedin.com/jobs/view/senior-software-engineer-consumer-lending-m-f-d-at-riverty-4453372110,Senior Software Engineer (Consumer Lending) (m/f/d),,scraped,2026-08-15T15:18:46.143465,
5b723f07388cb89e,https://ee.linkedin.com/jobs/view/%C3%B5petaja-at-tallinna-linn-city-of-tallinn-4452235950,Õpetaja,Tallinna linn | City of Tallinn,posted,2026-08-17T15:13:14.105516,1227
34e1bae48454e550,https://ee.linkedin.com/jobs/view/j%C3%B5hvi-teenindusb%C3%BCroo-juhtivspetsialist-at-transpordiamet-estonian-transport-administration-4451676114,Jõhvi teenindusbüroo juhtivspetsialist,,scraped,2026-08-17T15:13:30.613638,
b698458233df58fb,https://ee.linkedin.com/jobs/view/infrastructure-core-services-process-manager-at-playtech-4450167041,Infrastructure Core Services Process Manager,,scraped,2026-08-17T15:13:55.266426,
0c791c34a318f563,https://ee.linkedin.com/jobs/view/regional-capital-partner-at-fluxx-ventures-4451755637,Regional Capital Partner,Fluxx Ventures,posted,2026-08-17T15:14:10.671287,1229
d0c81019e9c242d8,https://ee.linkedin.com/jobs/view/uute-autode-m%C3%BC%C3%BCgikonsultant-at-moller-auto-baltic-4453202014,Uute autode müügikonsultant,,scraped,2026-08-17T15:14:21.211283,
e194979f4bbfd362,https://ee.linkedin.com/jobs/view/eu-ets-accreditation-verification-specialist-4451682459,EU ETS Accreditation & Verification Specialist,ETA Verification OÜ,posted,2026-08-17T15:14:32.001368,1231
68127b8bcdbb0a5b,https://ee.linkedin.com/jobs/view/sugars-product-development-specialist-at-fibenol-4452232495,SUGARS PRODUCT DEVELOPMENT SPECIALIST,,scraped,2026-08-17T15:14:34.431633,
82dc2a7014031bce,https://ee.linkedin.com/jobs/view/public-relations-partner-at-lidl-eesti-4455233924,Public Relations Partner,,scraped,2026-08-17T15:14:41.469665,
94a557118e91c8a1,https://ee.linkedin.com/jobs/view/freelance-recruitment-partner-europe-at-the-lemon-consulting-4453705006,Freelance Recruitment Partner (Europe),The Lemon Consulting,posted,2026-08-17T15:14:53.714211,1233
3ab33611c935855b,https://ee.linkedin.com/jobs/view/kvaliteedi-ja-vastavusjuht-at-rollo-robotics-4452427857,Kvaliteedi- ja vastavusjuht,,scraped,2026-08-17T15:14:56.435838,
73dac06b124040c3,https://ee.linkedin.com/jobs/view/plant-director-at-grafton-recruitment-4452226651,Plant Director,,scraped,2026-08-17T15:15:11.590201,
79503cea5ba9a60e,https://ee.linkedin.com/jobs/view/turundus-ja-kommunikatsioonijuht-at-meliva-eesti-4452241426,Turundus- ja kommunikatsioonijuht,,scraped,2026-08-17T15:15:22.931308,
720bb2f95818d6f9,https://ee.linkedin.com/jobs/view/junior-specialist-in-automated-marketing-at-swedbank-estonia-4452262669,Junior Specialist in Automated Marketing,,scraped,2026-08-17T15:15:29.862873,
37151df1d718431c,https://ee.linkedin.com/jobs/view/engineering-manager-at-bondora-4453124397,Engineering Manager,,scraped,2026-08-17T15:15:39.237506,
a16509a1f647d1a4,https://ee.linkedin.com/jobs/view/erp-consultant-at-digmatix-estonia-4450271387,ERP Consultant,,scraped,2026-08-17T15:15:46.093190,
1948ee23ed80b4d2,https://ee.linkedin.com/jobs/view/technical-team-lead-at-chili-publish-4453093805,Technical Team Lead,,scraped,2026-08-17T15:15:57.615504,
135062e747bd2740,https://ee.linkedin.com/jobs/view/chief-information-officer-at-threod-systems-4454514449,Chief Information Officer,Threod Systems,posted,2026-08-17T15:16:13.736027,1235
6fd2309fdf85faec,https://ee.linkedin.com/jobs/view/v%C3%A4ljaveetavate-veoste-juht-maxima-logistikakeskus-at-maxima-eesti-4452361307,Väljaveetavate veoste juht (Maxima logistikakeskus),,scraped,2026-08-17T15:16:16.304113,
065404f53fe34b24,https://ee.linkedin.com/jobs/view/sales-manager-at-solax-power-4455267299,Sales Manager,,scraped,2026-08-17T15:16:23.542248,
5e066001396cb946,https://ee.linkedin.com/jobs/view/sea-performance-manager-in-fully-remote-at-diffusion-agency-4452267697,SEA performance manager:in - fully remote,,scraped,2026-08-17T15:16:32.419796,
263fb7f92622318f,https://ee.linkedin.com/jobs/view/baltics-it-business-analyst-at-dpd-eesti-4455259279,Baltics IT Business Analyst,,scraped,2026-08-17T15:16:43.179635,
5d02a838ecfc4d61,https://ee.linkedin.com/jobs/view/trainee-sales-development-representative-graduate-programme-at-shuttle99-4451773717,"Trainee Sales Development Representative, Graduate Programme",,scraped,2026-08-17T15:16:51.482169,
03fac18e2f50e6f3,https://ee.linkedin.com/jobs/view/junior-it-support-specialist-at-haystack-4454257115,Junior IT Support Specialist,,scraped,2026-08-17T15:16:57.791326,
5fc77634cac5b54f,https://ee.linkedin.com/jobs/view/social-media-coordinator-and-strategist-at-jobgether-4454236930,Social Media Coordinator and Strategist,,scraped,2026-08-17T15:17:05.363265,
1604462906ae6f21,https://ee.linkedin.com/jobs/view/head-of-growth-at-bullfinch-recruitment-4455280936,Head of Growth,Bullfinch Recruitment,posted,2026-08-17T15:17:20.245207,1237
3f8057e73cf361d3,https://ee.linkedin.com/jobs/view/information-technology-specialist-at-sharp-brains-4451662609,Information Technology Specialist,Sharp Brains,posted,2026-08-17T15:17:29.073539,1239
278b57a74244c94b,https://ee.linkedin.com/jobs/view/senior-business-development-manager-at-mwdn-4452983826,Senior Business Development Manager,MWDN,posted,2026-08-17T15:17:42.973968,1241
f1f2fe61213c8a84,https://ee.linkedin.com/jobs/view/directeur-de-comptes-centre-d%E2%80%99affaires-virtuel-%E2%80%93-%C3%A0-travers-l%E2%80%99ontario-at-bdc-4455289612,"DIRECTEUR DE COMPTES, CENTRE D’AFFAIRES VIRTUEL – À travers l’Ontario",,scraped,2026-08-17T15:17:45.563878,
4808b17d85ca91fc,https://ee.linkedin.com/jobs/view/client-solutions-manager-x-at-aleph-4444350735,Client Solutions Manager - X,Aleph,posted,2026-08-17T15:18:00.719309,1243
687f9d8b733379fd,https://ee.linkedin.com/jobs/view/senior-user-acquisition-manager-google-ads-at-welltech-4453142201,Senior User Acquisition Manager (Google Ads),,scraped,2026-08-17T15:18:05.556012,
8b9ab04e08a4c77a,https://ee.linkedin.com/jobs/view/business-developer-in-mobile-business-application-team-seb-tallinn-at-seb-eesti-4454004419,"Business Developer in Mobile Business Application team | SEB, Tallinn",,scraped,2026-08-17T15:18:14.029041,
4a003951fa1b06d7,https://ee.linkedin.com/jobs/view/embedded-camera-systems-engineer-at-unikie-4453140164,Embedded Camera Systems Engineer,,scraped,2026-08-17T15:18:23.185938,
f11a7f3ee747c553,https://ee.linkedin.com/jobs/view/tour-leader-for-small-group-trips-english-russian-at-teekonda-4442855588,Tour Leader for Small Group Trips | English & Russian,,scraped,2026-08-17T15:18:32.123003,
848903e3e6e91116,https://ee.linkedin.com/jobs/view/it-support-specialist-at-haystack-4454250149,IT Support Specialist,,scraped,2026-08-17T15:18:38.684156,
60374f79ebcd7d2e,https://ee.linkedin.com/jobs/view/procurement-operations-manager-at-wise-4454259315,Procurement Operations Manager,,scraped,2026-08-17T15:18:47.611028,
302b584a7173361e,https://ee.linkedin.com/jobs/view/program-manager-operational-efficiency-process-excellence-at-bolt-4452757047,"Program Manager, Operational Efficiency (Process Excellence)",,scraped,2026-08-17T15:18:55.187929,
d21171b2e2694e46,https://ee.linkedin.com/jobs/view/payment-operations-risk-controls-team-lead-at-wise-4452411967,Payment Operations Risk & Controls Team Lead,,scraped,2026-08-17T15:19:01.512666,
9b82c12d05c820fd,https://ee.linkedin.com/jobs/view/senior-product-manager-at-luminor-group-4454562154,Senior Product Manager,Luminor Group,posted,2026-08-17T15:19:32.721352,897
208e49cc59dadd8a,https://ee.linkedin.com/jobs/view/quality-assurance-senior-team-lead-sanctions-at-wise-4434331221,Quality Assurance Senior Team Lead - Sanctions,,scraped,2026-08-17T15:19:39.368682,
a4132b5220a9aa48,https://ee.linkedin.com/jobs/view/senior-finance-manager-planning-at-bolt-4453725672,"Senior Finance Manager, Planning",,scraped,2026-08-17T15:19:48.888646,
696a6ba970d63b80,https://ee.linkedin.com/jobs/view/qa-engineer-manual-at-planner-5d-4452197028,QA Engineer (Manual),,scraped,2026-08-17T15:20:01.327793,
6b9aa33bc15e2856,https://ee.linkedin.com/jobs/view/lead-data-analyst-marketing-technology-at-bolt-4442639663,"Lead Data Analyst, Marketing Technology",,scraped,2026-08-17T15:20:08.623049,
25047f8b678bfcf0,https://ee.linkedin.com/jobs/view/mid-level-instructional-designer-contract-remote-at-infuse-4454587107,"Mid-Level Instructional Designer (Contract, Remote)",INFUSE,posted,2026-08-17T15:20:24.703960,1245
2108058c145f476b,https://ee.linkedin.com/jobs/view/creative-producer-performance-marketing-at-jobgether-4453057632,Creative Producer (Performance Marketing),,scraped,2026-08-17T15:20:29.287042,
c1ca7c40208f9adf,https://ee.linkedin.com/jobs/view/engineering-manager-analytics-house-at-doit-4442838204,Engineering Manager -Analytics House,DoiT,posted,2026-08-17T15:20:41.259220,1247
90ea7ebe436726fe,https://ee.linkedin.com/jobs/view/sales-manager-estonia-long-term-care-and-medical-sector-tzmo-at-workingday-4450462838,"Sales Manager, Estonia (long-term care and medical sector) - TZMO",,scraped,2026-08-17T15:20:51.967811,
36bd2bd93348c324,https://ee.linkedin.com/jobs/view/cloud-engineer-at-haystack-4454256111,Cloud Engineer,,scraped,2026-08-17T15:20:58.920875,
c0514ed783a451c7,https://ee.linkedin.com/jobs/view/growth-sales-lead-at-finbite-4455249357,Growth & Sales Lead,,scraped,2026-08-17T15:21:08.170308,
2c91cddfe7dfac88,https://ee.linkedin.com/jobs/view/founding-engineer-at-jobgether-4454248886,Founding engineer,,scraped,2026-08-17T15:21:15.060599,
2ea9c16cc43b84e5,https://ee.linkedin.com/jobs/view/b2b-content-writer-remote-contract-at-infuse-4454829101,"B2B Content Writer (Remote, Contract)",INFUSE,posted,2026-08-17T15:21:27.488160,1249
6b189a5a3082b7e7,https://ee.linkedin.com/jobs/view/senior-dr-creative-strategist-at-happy-mammoth-4453125198,Senior DR Creative Strategist,Happy Mammoth,posted,2026-08-17T15:21:36.391566,1251
59a8118363b44eb7,https://ee.linkedin.com/jobs/view/commercial-director-at-asbis-4451202556,Commercial Director,,scraped,2026-08-17T15:21:39.164902,
ecf166bdd3b8ad26,https://ee.linkedin.com/jobs/view/senior-layer-4454868938,Senior Layer,AGI Finance Lab,posted,2026-08-17T15:21:53.249070,1253
6b168ec4be8b939a,https://ee.linkedin.com/jobs/view/team-lead-learning-and-development-contract-remote-at-infuse-4454823109,"Team Lead, Learning and Development (Contract, Remote)",INFUSE,posted,2026-08-17T15:22:02.800110,1255
35999d15f9ae1ee7,https://ee.linkedin.com/jobs/view/senior-instructional-designer-contract-remote-at-infuse-4454369073,"Senior Instructional Designer (Contract, Remote)",INFUSE,posted,2026-08-17T15:22:15.518151,1257
39dd4d248bc8e8bb,https://ee.linkedin.com/jobs/view/senior-staff-data-engineer-bi-%E2%80%93-ceg-team-at-agoda-4455268137,Senior / Staff Data Engineer (BI) – CEG Team,Agoda,posted,2026-08-17T15:22:26.895179,1259
60be73acf76803be,https://ee.linkedin.com/jobs/view/full-stack-software-engineer-ai-native-at-r8-technologies-4454271077,FULL STACK SOFTWARE ENGINEER (AI-NATIVE),,scraped,2026-08-17T15:22:35.526593,
546e31f1adcc9d5d,https://ee.linkedin.com/jobs/view/m%C3%BC%C3%BCja-laot%C3%B6%C3%B6taja-p%C3%A4rnu-jysk-0-75-koormus-at-jysk-baltics-4455272548,"Müüja - laotöötaja  Pärnu JYSK (0,75 koormus)",JYSK Baltics,posted,2026-08-17T15:22:54.764540,1261
aacd24127df5acea,https://ee.linkedin.com/jobs/view/software-engineer-checkout-payment-methods-m-f-d-at-riverty-4453633569,Software Engineer (Checkout Payment Methods) (m/f/d),,scraped,2026-08-17T15:22:59.391491,
f27a23a61e2009f1,https://ee.linkedin.com/jobs/view/senior-android-automotive-audio-engineer-aaos-at-unikie-4454304462,Senior Android Automotive Audio Engineer (AAOS),,scraped,2026-08-17T15:23:10.957753,
abc5ecb87bab639c,https://ee.linkedin.com/jobs/view/digital-trust-and-safety-specialist-with-danish-and-english-at-telus-digital-4454015761,Digital Trust and Safety Specialist with Danish and English,,scraped,2026-08-17T15:23:21.617084,
f2409a1050b709f0,https://ee.linkedin.com/jobs/view/senior-business-analyst-ads-monetization-at-bolt-4444348692,"Senior Business Analyst, Ads & Monetization",,scraped,2026-08-17T15:23:40.236083,
d84a2976a424c25d,https://ee.linkedin.com/jobs/view/senior-data-engineer-finance-at-bolt-4442652236,"Senior Data Engineer, Finance",,scraped,2026-08-17T15:23:46.694277,
e70d423b9753df16,https://ee.linkedin.com/jobs/view/software-engineer-screening-controls-at-wise-4452910638,Software Engineer - Screening Controls,,scraped,2026-08-17T15:23:52.970482,
cbb4b221d663247e,https://ee.linkedin.com/jobs/view/managing-counsel-product-payroll-experience-required-at-jobgether-4454219716,"Managing Counsel, Product (Payroll experience required)",,scraped,2026-08-17T15:24:06.645211,
bec327868de17226,https://ee.linkedin.com/jobs/view/sr-oracle-developer-at-jobgether-4452913817,Sr. Oracle Developer,,scraped,2026-08-17T15:24:17.134210,
238ce2ffce62f030,https://ee.linkedin.com/jobs/view/devops-engineer-ai-model-evaluator-at-mercor-4451394242,DevOps Engineer - AI Model Evaluator,Mercor,posted,2026-08-17T15:24:36.284140,1109
ff4e0950d0ddcff6,https://ee.linkedin.com/jobs/view/senior-clinical-data-manager-sponsor-dedicated-oncology-at-fortrea-4433893257,Senior Clinical Data Manager - sponsor dedicated - oncology,Fortrea,posted,2026-08-17T15:24:47.734219,1263
